,Month,BG,BN,BV,SG,SN,SV
0,2001-11-01,0.1194921210758078,0.0844562106332459,0.06674719585350919,0.1771771029688539,0.19773669672895236,0.15584796519782146
1,2001-12-01,0.012287045567461834,-0.05187934791463621,-0.06985483803979757,0.02013037424697264,-0.0033236920364921084,-0.03721021189104561
2,2002-01-01,0.017611550723262245,0.07130802051246539,0.03846835576346849,0.021264230964660288,0.041857965130829664,0.01936586251099202
3,2002-02-01,0.048302395287136105,0.2696665853260125,0.32533960014105345,0.010793099597796433,0.08318728207510626,0.06468845615879762
4,2002-03-01,-0.001841554630525748,0.08108045753725997,0.08857026737864138,0.09826434535769746,0.1039600101975643,0.06543285010912346
5,2002-04-01,-0.04437744873305562,0.11281969070783125,0.08071554683532538,0.13116004377532148,0.11989527089417137,0.11991269589325317
6,2002-05-01,-0.06015270017542373,-0.0567868938687538,0.16523321367252253,-0.05542575626507854,-0.056549206218538005,-0.0011469951052752393
7,2002-06-01,0.01537925176990799,0.0512689131901125,0.11862795572636751,0.039010237915010265,0.155432808819783,0.26702869114250577
8,2002-07-01,-0.08353088222946442,-0.010694930901257638,-0.11878746344305231,-0.11960652698074309,-0.13255632403011908,-0.147478850739644
9,2002-08-01,0.0673737977028302,0.04881472416734326,0.009065992135856064,0.039559612768706925,0.017528691108608992,0.0029256579616052446
10,2002-09-01,-0.041067489167209634,-0.09179480227374098,-0.08423660927470236,-0.03530441408187342,-0.05479803315175131,-0.03824959832007718
11,2002-10-01,0.012035006024913888,-0.024688172849009468,0.008185934415797689,-0.034886776778679525,-0.014368130213263745,-0.023047874344010708
12,2002-11-01,0.07068106400816725,0.065040842384041,0.2137735731838546,0.062357657731192354,0.08409835988476823,0.08669872769526249
13,2002-12-01,0.041229634169737656,0.05731709653883758,0.2604120746534166,0.05775980091835583,0.04741255674697058,0.02769857193158862
14,2003-01-01,-0.03668584831936944,0.031732452333640464,-0.044314243046697156,-0.06259521801574724,-0.02786371389329501,-0.05764128896377328
15,2003-02-01,0.0227547284391443,0.026427104446207144,0.021815614847075015,0.002703278770682258,0.0345773553222812,-0.004116164894297388
16,2003-03-01,-0.08118320781758094,-0.050916118224320815,0.01559271855238122,-0.1216841289974532,-0.08381883208810559,-0.14325984848027215
17,2003-04-01,-0.03759701642261864,0.01604132762736368,0.004850833923987356,0.046037434194782755,0.08332097814558909,0.10619848312507207
18,2003-05-01,0.10586906917916179,0.24168320824961945,0.5841136841597494,0.15682663538922176,0.23710034581140166,0.2785579424368622
19,2003-06-01,0.10001996862763522,0.12412593861692885,-0.05105918318244391,0.11492854002402282,0.14101455562001217,0.15730859858303003
20,2003-07-01,0.032179038844999355,0.07109715795471187,0.268487248399427,0.10999912519042541,0.06962232143136898,0.08384361278162693
21,2003-08-01,0.16183473171493729,0.20155228266929018,-0.01774951968988175,0.09528958706742728,0.14073051372717763,0.110946033827555
22,2003-09-01,0.04115256452808686,0.06316993369559076,0.08272763321118837,0.07469124667311794,0.04445790273222395,0.050730308553330584
23,2003-10-01,0.06599767960901304,0.04340244902006051,0.13508356069091418,0.06156406673414858,0.0849334118435148,0.035076347974613675
24,2003-11-01,0.03930940599490689,0.04471716052449394,0.04176654864429474,0.1113744225238898,0.1379771522589306,0.2234805513119205
25,2003-12-01,0.18781365700343178,0.1658221997916634,0.11910196073401515,0.2252355776085106,0.24722272230264303,0.2550501036723595
26,2004-01-01,-0.045464826673310484,-0.022789146019490798,0.09683147381131886,-0.10081129245113586,-0.09127529187820058,-0.14363754147868912
27,2004-02-01,-0.007494304313922453,-0.002020993331163462,0.053383673087318416,-0.018899359554289705,-0.042892055862093936,-0.07927997919463052
28,2004-03-01,0.01023291925044048,0.04303847604835221,-0.0062275264202738215,-0.04440650491903702,-0.006747945968151478,0.014040900265939956
29,2004-04-01,0.014509225499605581,0.04202036787777393,-0.11009927246169592,0.06542033793629734,0.08537134705518266,0.10635688749263511
30,2004-05-01,-0.15759611330251236,-0.2858404527403241,-0.24061468994407245,-0.12768290609213723,-0.1588529571268535,-0.15281241306502755
31,2004-06-01,0.015463126370348019,0.043904853401763234,0.1469974701711392,0.022788393961520107,0.01080266110910284,0.019066377276672184
32,2004-07-01,0.07909339870341017,0.07015829122044895,0.30487229808012317,0.04886688539029881,0.09814834801863578,0.1673956065134669
33,2004-08-01,0.010666891375331005,0.01855372161179265,0.03948613518860609,0.08556374847613724,0.08246517325538531,0.1260730790957667
34,2004-09-01,0.0765147257805715,0.07726155336990871,0.11917257157980993,0.08848771534134722,0.07309792112527032,0.09327029390946452
35,2004-10-01,0.023183785920329148,-0.01875461940134197,-0.08138088287066392,0.012066717276803782,0.019355696546603348,0.05022238346551774
36,2004-11-01,0.08213304731642088,0.1638949431492664,0.024915458623567366,0.11620873811858834,0.16909613237335724,0.2136351761033891
37,2004-12-01,0.07106359790172107,0.11887806750410668,0.2126679196583332,0.1081484061112688,0.151285385827619,0.13596379385164808
38,2005-01-01,-0.01599465724412979,-0.050186836521188403,0.02694679203483097,0.0018758562151529883,-0.021551105406128982,-0.006865816963537548
39,2005-02-01,0.026519160739141373,0.05189680240645348,-0.14540840161476987,0.03960139875861183,0.08182387861899819,0.06465745044839204
40,2005-03-01,-0.03523013714557345,-0.06431074466177426,-0.021749270056274694,-0.012223600034250087,-0.005902679389487872,0.009212354845922647
41,2005-04-01,-0.04794794734361207,-0.056956356409010006,-0.12567794229932794,-0.001487415537687459,0.023637867774122842,0.0618483737666063
42,2005-05-01,0.09089375087134602,0.08081048003941078,0.12685594508889309,0.06916183427691493,0.10418228947554772,0.16537100284932996
43,2005-06-01,0.06391723767822453,0.011183432916780213,0.08034449622307571,-4.9142088282919005e-05,0.022160612485471208,0.017329827823914967
44,2005-07-01,0.042931266982525945,0.1800133748484794,0.10847547323092299,0.10768018220156235,0.10848973505110687,0.13891729000768152
45,2005-08-01,0.034638157560701974,0.013979304021308151,-0.013365172134336524,0.10212343930475573,0.12735055872022955,0.1777618224932907
46,2005-09-01,0.089372936332058,0.07422500868185396,0.12950796117896335,0.04252888802618169,0.01729393893654608,0.009525163937314493
47,2005-10-01,-0.08642474211161591,-0.09667298681950781,-0.14698647653382718,-0.0745923830163778,-0.10675680204496993,-0.12664489135684812
48,2005-11-01,0.12703326839166496,0.10336854727206145,0.13420233631064643,0.11818461539256324,0.10830894425454893,0.11225230125555652
49,2005-12-01,0.06988325321416769,0.05666728920521641,0.06705593170638983,0.08780755211421828,0.05134996604697238,0.02458634040172699
50,2006-01-01,0.07953404237338955,0.07014670715669816,0.017063911701661046,0.07162234924462259,0.054772280677801065,0.051249542975439176
51,2006-02-01,0.03378566135300914,-0.0004951581986769511,-0.04810706689087921,0.01907881018869993,0.001993868148980891,-0.0019105020730094196
52,2006-03-01,0.12005274898917298,0.07065270272854475,0.19208634971282845,0.13366433769378355,0.08094429496929198,0.06505832847028946
53,2006-04-01,0.048408806933854034,0.07530699482504204,0.08471663046401542,0.10012901764483118,0.10879897063107437,0.08375006160898915
54,2006-05-01,-0.15304302773903772,-0.12609381334989006,-0.1827077352974164,-0.11579823931217216,-0.1283766140361557,-0.10251906369139374
55,2006-06-01,0.0050547862828218505,-0.036049303209389344,-0.01414582995775634,-0.11069273275335094,-0.15871830374286053,-0.15086807925788043
56,2006-07-01,0.01252156380060511,-0.017959188552671722,-0.05816685362834621,-0.023355775449282454,-0.028214280978651654,-0.029662244145293698
57,2006-08-01,0.07432741996721977,0.14296094380158614,0.09412293911807296,0.09565848077510791,0.13099123129519227,0.1436128047766298
58,2006-09-01,0.04898566465260337,0.09016456283776202,-0.01117143077976313,0.11598650492188595,0.06998572896973591,0.07212075876403175
59,2006-10-01,0.05797430831623036,0.031086094762231984,0.006197064139228594,0.051392669136084396,0.035657375949717414,0.03499758023642045
60,2006-11-01,0.06899695087043956,0.02492879580714618,-0.0661045541440663,0.044272956551690126,0.012827675008526173,0.03777883261095932
61,2006-12-01,0.01088296534151319,0.008608177621717462,-0.0011522491681260605,0.039246344337709294,0.017239133974178863,0.0956488602738865
62,2007-01-01,0.024829366579524313,0.04453475428561124,0.12604531487695358,0.050042670258604274,0.05655971537267976,0.10813700980438233
63,2007-02-01,-0.08761892463527726,-0.07058666979274406,-0.1431829866090988,-0.09101249501682522,-0.0850876471251471,-0.0952767678997175
64,2007-03-01,0.017951189161792135,0.013951419625603291,-0.006862388337694805,-0.02877865366060233,-0.0512586227370814,-0.02700805896473642
65,2007-04-01,0.053365843799383056,0.10665529536188893,0.09878121442832985,0.059945945800422985,0.0731883116292366,0.07604624137183424
66,2007-05-01,0.03443751814818051,0.10363820698288202,0.08026052789546864,0.07973559568414113,0.05170645011439173,0.05181792068831227
67,2007-06-01,0.007801340221592224,0.014489508822593524,0.01993249928122404,0.048032792247430414,0.04590294255000114,0.06627830628026325
68,2007-07-01,0.04083434854621135,0.06447380891648363,0.014399017528825137,0.013750935086825053,0.04502080252052704,0.06436422513574604
69,2007-08-01,-0.026408685865527175,0.0012792347898270572,-0.030526054019003664,-0.029077810958918447,-0.022556908384117447,0.07594557852102223
70,2007-09-01,0.09862286354675559,0.20368369576703654,0.1919873273146859,0.08763451705631556,0.13412846927444166,0.211524924310526
71,2007-10-01,0.16048517667306006,0.12555053862466123,0.06831823528353594,0.061599710483533465,0.10523129639403232,0.07760335225050255
72,2007-11-01,-0.007663012525674987,0.06426833614624475,0.19448014690892165,0.03288619870663255,0.0834263230148276,0.14973142844477336
73,2007-12-01,0.065901647607549,0.16313634082632153,0.12981921448242417,0.184298181830287,0.21118542317542288,0.2933953887928819
74,2008-01-01,-0.16534870871238308,-0.20617703258381523,-0.2971668914292686,-0.22153155408915676,-0.219017812401412,-0.23499113522389567
75,2008-02-01,0.0015801645236379926,0.03710370890704875,0.030099582188057274,-0.02025376134498026,-0.021796590764560222,-0.04113620916117537
76,2008-03-01,-0.11441941060842852,-0.14200389185177822,-0.20738263131510168,-0.15346424038866122,-0.17480891855116595,-0.10638406019988701
77,2008-04-01,0.10121555191618001,0.08858206847449744,0.1539547746552562,0.10860585854233301,0.11242034772320675,0.15912632297552565
78,2008-05-01,-0.05759056636305338,-0.06392196362800863,-0.08241002645315859,-0.05785107728356146,-0.05837285655161149,-0.0594244790545576
79,2008-06-01,-0.1707339004798013,-0.2191339649739796,-0.22933614601372793,-0.163542230847618,-0.17069693017467383,-0.20576432434884304
80,2008-07-01,0.06611777072856528,0.12642667492246207,0.13814593396543076,0.03174061322952968,0.025291675869761807,0.07254012151852891
81,2008-08-01,0.02367725945807968,0.0007856439459478781,0.02933958400719856,0.026290274030630428,0.020325157150017405,-0.01584887007807082
82,2008-09-01,-0.11700239435893466,-0.07170060607289068,-0.10863601431257058,-0.16147792322422733,-0.18780030753430477,-0.18723690582230587
83,2008-10-01,-0.2554428478267657,-0.25168149445990495,-0.22225017356985907,-0.3255795076550666,-0.30703761426491927,-0.31605600226975633
84,2008-11-01,-0.06682968999611787,-0.02859485321242911,0.08958655178239397,-0.1263300295841246,-0.12600552011219765,-0.1030316394017193
85,2008-12-01,0.09701194876251261,0.16775393038977568,0.11442799005206362,0.12764146930379744,0.12569652277645205,0.1031856847539412
86,2009-01-01,-0.031133529028988936,-0.06395755354738882,-0.06726047820664773,-0.09742071518370439,-0.06860727151753751,-0.060662385963550364
87,2009-02-01,-0.029710268851473886,-0.10228322220324276,-0.11035852492472845,-0.07175304692054603,-0.07217180720877554,-0.05104956822030899
88,2009-03-01,0.09131400029683677,0.06726632239576505,0.013179453199748203,0.06692802530864445,0.07498863629333193,0.027199722352317574
89,2009-04-01,0.15949873918012136,0.17881058812371994,0.21270091431540653,0.17619908838404794,0.20338603789110296,0.20835793990623436
90,2009-05-01,0.3178051919213276,0.42295721268062536,0.3871195689274086,0.4708904432223568,0.46126863792135914,0.4398880140735161
91,2009-06-01,-0.018536444897295036,-0.030918056844246238,-0.011216309362118588,-0.004268590547619348,-0.02331408546656366,-0.053739164514292226
92,2009-07-01,0.08124505487112033,0.06517988401299218,0.04204367331279145,0.09419919612136836,0.09630896074201083,0.07002367660194479
93,2009-08-01,0.020786331432366238,0.009230267399175627,0.015219960872066056,0.09190639031040705,0.1203987917113928,0.16798131989505682
94,2009-09-01,0.0671613357224458,0.18162727017742655,0.1540357198403203,0.07331148208385892,0.08919156263287414,0.09638506042869076
95,2009-10-01,-0.056412633456674965,-0.11184114751355867,-0.10366281373618573,-0.036557031323807436,-0.06353525791570638,-0.06928392007835309
96,2009-11-01,0.07609256335535163,0.0649955678346734,0.11627620771076173,0.06700397555173489,0.0691018760889446,0.07078211157048893
97,2009-12-01,0.03890403092924132,0.0474911699817384,0.055541389307130984,0.0761321924061165,0.09513193365730692,0.10984868157448659
98,2010-01-01,-0.04171312380285503,-0.046400097988211084,-0.03632854383924998,0.006681499527907728,-0.00030194463086597953,-0.01464399611192843
99,2010-02-01,-0.009093502592308523,-0.00048781254451340324,0.021080163198607133,-0.014292953148854998,-0.030016775860993355,-0.021871285866365747
100,2010-03-01,0.03728207529089397,0.056932213985699906,0.07706505155731776,0.06129760556805652,0.06158712745199277,0.06400759496080978
101,2010-04-01,0.004823763642819572,0.03240283565929275,0.040851590626158056,0.0454318039854689,0.08758961163653443,0.10145491679238933
102,2010-05-01,-0.03286867536465596,-0.05545235958739663,-0.10826443844639679,-0.04543053966111231,-0.06953432936020298,-0.07938404605014526
103,2010-06-01,0.04489345627641466,0.06113558228917449,0.01571037707104837,0.07706756954549389,0.05595331171814103,0.05484871473366012
104,2010-07-01,0.019750090989389197,0.02458510285118352,0.09911332095638305,0.03146824029684853,0.03712440545956872,0.05020968612391773
105,2010-08-01,-0.005785760569973412,0.0525371122535739,0.05873493383592755,0.027421172189700416,0.017473481982858738,0.040031479720036345
106,2010-09-01,0.08837986556029184,0.10470297717016944,0.1430274857060335,0.08543959264827565,0.06555193979154846,0.0829454994299571
107,2010-10-01,-0.001635841878299102,0.012338967955199535,0.06878864570529224,-0.0014161254545175443,0.030993120624633573,0.10386564974279379
108,2010-11-01,-0.04353707106430725,-0.05795774792517356,-0.1567327603399392,-0.06708166189311188,-0.09293436427609324,-0.103826885950753
109,2010-12-01,0.040409142395056476,-0.010469585121395866,0.01615432619537047,0.017949214455280908,0.008452805193906803,0.008728950502897154
110,2011-01-01,-0.10006081226251559,-0.07282237801472041,-0.12692605294040235,-0.12119399453551416,-0.12760457985610854,-0.11883873194030323
111,2011-02-01,-0.03558400096169013,-0.03824222010480792,-0.17400326336391012,-0.06307885107572984,-0.0783657133465172,-0.08361467063807407
112,2011-03-01,0.08348519373866208,0.08131499647891645,0.1508634636474626,0.08108625160568472,0.06708686606114918,0.048275660195815535
113,2011-04-01,-0.002301247285685492,-0.00405326616516776,-0.013507150825643173,0.04178709535393997,0.05034743961994907,0.08938172926508853
114,2011-05-01,-0.01850076092248907,-0.06808634105670551,-0.03236493180422233,-0.03347844660970189,-0.047133658017227464,-0.046096393751917805
115,2011-06-01,0.00657954563009695,-5.542563535322109e-05,0.04347104280760429,0.006992829546647005,-0.016807191282746773,-0.009577869990981109
116,2011-07-01,-0.02614137273505962,-0.025303351758803487,-0.006033409989281151,0.025341787597865185,0.031380368393283196,0.020877706761085427
117,2011-08-01,-0.07583871489797525,-0.11921383143919302,-0.17761107572039178,-0.08330473306217197,-0.09913006005680053,-0.1257413108449298
118,2011-09-01,-0.009182522211413732,-0.012135783662732274,-0.08848456713442052,-0.0041066608832408735,-0.0051172676091857635,-0.00213095079413113
119,2011-10-01,0.05619451114009373,0.031707822096542514,0.0415585168259247,0.019319274876021888,0.02131684754824649,0.027798876086601605
120,2011-11-01,-0.0886821562309445,-0.10777380295925579,-0.09619419360027164,-0.1145494584822591,-0.12518196050697217,-0.14148463131041694
121,2011-12-01,-0.046818442395379405,-0.09991761391528013,-0.05205888284427206,-0.08127381011318861,-0.09702661573277857,-0.08977887326865495
122,2012-01-01,0.12459406103054937,0.21253140661881473,0.2856405319956133,0.13276333534472085,0.17136556301003608,0.20679696423341865
123,2012-02-01,0.04335391094575829,0.07396973000836551,0.04000244291155248,0.07548633939590328,0.08294953593116615,0.06424432987722575
124,2012-03-01,-0.022959724343690334,-0.039491495224198016,-0.07339018382411883,-0.004098734663178163,-0.026657868076367323,-0.04705655848879357
125,2012-04-01,-0.007940342332391463,-0.03401165307268508,-0.05254278905151916,0.024974265896226595,-0.002544196771223889,-0.006068241452837094
126,2012-05-01,-0.05794861563399101,-0.0683337820554233,-0.08494047022339112,-0.06739047409478305,-0.07151536586082556,-0.08972552132125527
127,2012-06-01,0.0646985024768973,0.060515012686078756,0.07234189736924708,0.03364604909443221,0.04597031235090057,0.04221078529066017
128,2012-07-01,-0.009364987317963,-0.02331100077951557,-0.046867387834493145,-0.010602341345759759,-0.01855420187342743,-0.019869885328612828
129,2012-08-01,0.009152758049234013,-0.06500182900639369,-0.08494061008714351,0.015572661680852487,-0.014456873484347882,-0.013364594561129418
130,2012-09-01,0.07398297381599513,0.12635166719180926,0.14262719717728667,0.07753026866149788,0.09286937952051767,0.092358004098416
131,2012-10-01,-0.00836271775624947,-0.02485426076213434,-0.10615536885561595,-0.014394217588266443,-0.016012467119562716,0.018126773903864853
132,2012-11-01,0.03754910479169743,0.03355620382221308,0.2774808525848041,0.02865954244479546,0.03728394714699141,0.06300328086661608
133,2012-12-01,0.0023844702404503576,0.06656457299521427,0.02840057918184736,0.01707245440528523,0.02368704094137673,0.017986834084073283
134,2013-01-01,0.016916662566767573,0.03243877595238005,0.014951685818286369,-0.02538340900119925,-0.018318884185525002,-0.04715710227890571
135,2013-02-01,-0.041898152937422425,-0.1171625698370137,-0.19915090873130648,-0.08084246502465563,-0.12093861113826118,-0.1521997118934258
136,2013-03-01,-0.007665065548264805,-0.04402042102473765,-0.0626433122018896,-0.03748302875137328,-0.07292781973367496,-0.06953187191841716
137,2013-04-01,0.033062756454662987,0.05753569021140401,0.48028112554742797,0.022574345269956306,0.04789028527603273,0.057964073417600744
138,2013-05-01,0.013044090808102357,-0.020768940730064814,0.054836995779295857,0.012426942459943868,-0.029198381881693443,-0.03901752687303712
139,2013-06-01,-0.0318641276771355,-0.05684628098452915,0.05333610329591539,-0.042666255785595145,-0.08304260346890299,-0.07015233057974524
140,2013-07-01,0.0007689189107545942,-0.09161028840085834,0.09502569639603715,-0.03436865737841434,-0.0905595485568472,-0.053721512777987
141,2013-08-01,-0.028941306364197294,-0.04933584331632593,-0.10864726284011257,-0.024022049859867403,-0.024142545345784253,-0.030762758148382852
142,2013-09-01,0.04732779326876339,0.054825284701545685,0.15926234331711242,0.04134470159683905,0.04243662375088512,0.04015687200127788
143,2013-10-01,0.07695849456720563,0.0980164587943988,0.10384033778519348,0.0798919397008793,0.08501465327492516,0.10560226130725316
144,2013-11-01,-0.015732110708053453,-0.004950536795247965,0.05164692186996228,0.052218871814444116,0.05375547414622854,0.051345715983002777
145,2013-12-01,0.031127781530143898,0.03544275717645529,0.013492390251702416,0.07064404171274669,0.06828150804439456,0.09088041743081336
146,2014-01-01,-0.02597886083918139,-0.07585159492605366,-0.12448409323591365,-0.035569272441139985,-0.042755866214951,-0.1013087297604754
147,2014-02-01,0.03292664045294609,-0.006516952228935449,-0.03929653929774341,0.05012908150338287,0.03253091505697774,0.006985768669600997
148,2014-03-01,0.04949731028760756,0.15201723099759876,0.1809661723728569,0.08005538970807138,0.10999995570183325,0.16824642394578465
149,2014-04-01,0.001728702996364278,0.013647403511096936,0.0016758382252584935,0.03948878140978806,0.05447656740426974,0.1027163621792523
150,2014-05-01,0.06956160370435753,0.21993300363777804,0.19733509951425265,0.1300649042226763,0.22876782484263392,0.25211564756319094
151,2014-06-01,0.07218795705168203,0.03944354631706773,0.11527386894305734,0.11434127012717524,0.13461308116838697,0.17907048161270464
152,2014-07-01,0.021374622142798314,-0.05213090815078551,0.014178506329163358,0.021467988946863404,-0.024898466635046825,-0.07040417879388042
153,2014-08-01,0.03723109642972531,0.005388701261346964,-0.10457361225373744,0.042071320060615654,0.028636204356262723,-0.01271427111276951
154,2014-09-01,0.024809262973673463,-0.03386130673364162,-0.11911978754153271,0.06038057644955624,0.031313566569292794,0.05477806304135749
155,2014-10-01,0.0180328215633387,0.07754433659885643,0.15758494416960167,0.021828551618445605,0.03683298778242103,0.05821715499204243
156,2014-11-01,0.023937510719451046,0.023644572015988692,-0.007490464437525779,0.037562996550592746,0.023241190162217585,0.018862000292184697
157,2014-12-01,-0.01221459823450398,-0.04567714711883096,0.01958117560919427,0.007323026496397979,0.00018747961298641128,0.008896219529359239
158,2015-01-01,0.0683294049729237,0.015634290316688636,-0.059292726108021866,0.038853525539202315,0.03615749679898774,0.010568965813207907
159,2015-02-01,0.019731107867368796,-0.006328662133399766,-0.0797863327034804,0.019928151171210162,0.0008979142218463423,-0.014886111534073064
160,2015-03-01,-0.017177433506450825,-0.059361865260559935,-0.10783995451689367,-0.001283143414326622,-0.028986481158741764,-0.07467503651563079
161,2015-04-01,-0.04139088810889374,0.01256868962740618,0.024466715459804503,-0.02376120845133908,-0.01257986964453983,-0.003722232740179011
162,2015-05-01,0.04174173695139914,0.005578282326395138,-0.015563432160589618,0.03810823775185042,0.015172180652489275,0.009102501592801146
163,2015-06-01,-0.006909205346843674,-0.0011573253218436427,-0.12461869695038953,-0.02399187894521533,-0.005497774377975582,-0.049676256639683516
164,2015-07-01,0.02432530400308636,0.010846356846042581,0.04820830405975293,0.06685229254319701,0.10520579339380792,0.10274867959611723
165,2015-08-01,-0.045155831366061785,-0.1051261630394081,-0.05993803981077916,-0.06185720107027103,-0.08127620647710869,-0.11458207098452675
166,2015-09-01,-0.007550881817002577,-0.0029332358056504723,0.046755887537127123,0.005952766571478199,0.012805260342783713,0.02659605672073952
167,2015-10-01,0.00488220226512336,0.03259424206240763,0.06446081857263176,0.026409221247207872,0.04664887398190623,0.05403143826100349
168,2015-11-01,-0.021205574278293383,-0.003164960359455904,0.0058329381041007135,0.022063649207643025,0.045400091344856466,0.04238314221148772
169,2015-12-01,0.005745262773535501,0.005537052784743739,0.003938120533570419,0.02379269255037928,0.03828390792238249,0.0022345137700271064
170,2016-01-01,-0.04836981130687816,-0.0664774659029134,-0.15884148170997983,-0.08215751159823227,-0.0939391024430181,-0.11489720332550023
171,2016-02-01,-0.06515240850216136,-0.09055491926819169,-0.0997056175150115,-0.12483429118607765,-0.13106236309068578,-0.16064430335741067
172,2016-03-01,0.09489139712105099,0.13550223349790255,0.20378741741938947,0.11207377215271895,0.13477083725833994,0.12231363726257381
173,2016-04-01,0.01564687761442789,0.021892187169486,0.028126038697495834,0.0521095979388226,0.049319562854043555,0.07289907296887198
174,2016-05-01,0.03233403540778884,0.007751477723296564,-0.011607973562565491,0.014651425117765834,-0.00332608564332544,-0.04459737558566036
175,2016-06-01,0.02742488836717582,0.04831940520077078,0.0770465073162919,0.06152343632062722,0.07229492531718644,0.1482383057400088
176,2016-07-01,0.04674076978416366,0.07281814159885523,0.07533220171412401,0.040432595262322686,0.04825489284568494,0.04656788644470841
177,2016-08-01,0.012277558137544303,0.035729201380699065,0.0642815211376951,0.02607566296224267,0.04037971045136826,0.007828199487698672
178,2016-09-01,-0.019110010885483874,0.007468219981380031,-0.019517969360193642,0.0057952505674932625,0.007943787576337456,-0.006273851670150687
179,2016-10-01,0.004214216563506266,0.039450757005685656,0.0660107206344002,0.05469914348250856,0.08712167186479573,0.09500082252714759
180,2016-11-01,-0.06625136878004224,-0.022172654743398128,0.01148859419369204,-0.08059391497623557,-0.08548067099776419,-0.09842985159282795
181,2016-12-01,-0.01339874119296394,-0.0028165568628473686,-0.06221739197547793,-0.012304608852024024,-0.013392333047952338,-0.024608057385971188
182,2017-01-01,0.03708342276544596,0.080896832977095,0.1292030434099619,0.062479879257278985,0.07819826376489111,0.11008209697571338
183,2017-02-01,0.04130161655178792,0.04866698217242629,0.04897210119495675,0.05259786993867464,0.047654154985380906,0.08315170162388648
184,2017-03-01,0.03400090865855423,0.024755434341263382,0.05089682228659367,0.054156196506249324,0.06192203515951207,0.03610884982520419
185,2017-04-01,0.008511783017083344,0.042122594490042194,0.035464757304524724,0.047960624675755084,0.06446357394849045,0.1085137013912059
186,2017-05-01,0.02906943599615686,-0.010923203873225358,-0.0816956040978248,-0.027408610803581417,-0.014124498242892676,-0.07386219986978479
187,2017-06-01,0.0017521689907576722,-0.018701861860873987,-0.022961077782684292,0.018160810949782093,0.02273526893619677,0.012362877144164092
188,2017-07-01,0.04330822718343118,0.0731871639325418,0.08495388004568402,0.029437424626814652,0.05509026810575096,0.07554049794724527
189,2017-08-01,-0.008519516996747514,0.014748549156532814,0.005211059041714627,-0.010178345888034209,-0.005685444927013536,-0.028882678555315636
190,2017-09-01,-0.004381487240311814,-0.0264014658367208,-0.022884994416697176,0.016848297854852774,0.00019327962815295958,-0.0021727131292579743
191,2017-10-01,0.04618859586167225,0.11244655083646778,0.14806808525357695,0.07658082032425921,0.10767631020562805,0.15800715311518995
192,2017-11-01,0.00041989107881283997,-0.009715704118575636,-0.060082662979505604,0.04420787951662851,0.0379754029234777,0.014388835398601151
193,2017-12-01,0.03660012185440885,0.027080881288969662,0.06681305017369811,0.05834203174283295,0.058524237378299454,0.053836060327974285
194,2018-01-01,0.02423253738234582,0.007448230450229173,-0.007724187313368544,-0.02911366286013523,-0.029042373434797503,-0.035611710314942584
195,2018-02-01,-0.032076183030235454,-0.05405587422701394,-0.06663505114916579,-0.02359922186189809,-0.030162028511140675,-0.08746867669745197
196,2018-03-01,-0.022434687569371545,-0.04907905757755897,-0.10611791703777705,-0.05110492367810643,-0.07561796536626512,-0.10990806609601664
197,2018-04-01,0.07875689552173862,0.041867328118170975,0.05430060101827139,0.06842824224644539,0.10135915905656169,0.06883715727923563
198,2018-05-01,-0.008460789346910054,-0.019221336489228073,-0.06611154444905123,-0.05971142124059009,-0.08200859785284019,-0.06699247908825207
199,2018-06-01,-0.0003944982227744386,-0.034047243389154255,-0.06306098992077896,-0.05531191522636674,-0.07824651911662371,-0.10767594734164883
200,2018-07-01,0.04782531028877848,0.0800138692589271,0.029718624251115294,0.030941196898909593,0.018471277129485014,0.06952113057217656
201,2018-08-01,0.039210220059508,0.05422301628884659,0.04722531959649209,0.041070057118547595,0.036331100965728065,0.033861648455994514
202,2018-09-01,-0.08054931013325699,-0.0713911431428707,-0.1402949646434067,-0.1289471494749055,-0.14856881377332404,-0.19108543937730216
203,2018-10-01,-0.044864957039882886,-0.06600369362241777,0.001048682871897936,-0.024424968109395737,-0.005076237087299096,0.08170140609653408
204,2018-11-01,0.0509714487853539,0.026634218904667,-0.039147043961821046,0.013562521305984612,0.002834981687267083,0.0182189968597069
205,2018-12-01,-0.0005449467341759754,0.012196295207871164,0.052532902387617236,0.02522273928095678,0.016188193278787937,0.030432082329480362
206,2019-01-01,-0.0176855291779457,0.015474541869701548,-0.056595009531049796,-0.05293824096641578,-0.06907405202556885,-0.0794930443499262
207,2019-02-01,-0.002804631526395195,0.0004435277074910047,-0.011844093002120883,-0.01123776100204148,-0.030899679620918056,-0.07214611381335818
208,2019-03-01,0.05392903767058364,0.09966262495643684,0.13908844940121343,0.09227340228372964,0.110850963647602,0.10758819512253294
209,2019-04-01,0.02517205159217022,-0.010507413265189506,-0.030674683177687116,-0.024695309378826337,-0.027395777814396376,-0.06465427120090146
210,2019-05-01,0.01188233139783587,-0.0041268961078065915,0.036430840817472596,0.009724086730937484,0.025518151892422434,-0.015012384958049711
211,2019-06-01,-0.004883234917399068,-0.028577231433789985,0.004931712729536755,-0.05195728526073884,-0.06188534051332139,-0.04784343674274323
212,2019-07-01,-0.04617751779699477,-0.07739934034729794,-0.1310397570711169,-0.11395178060544381,-0.1170580336298904,-0.12824479198452865
213,2019-08-01,0.009395490106304616,-0.008304218317517285,-0.12731167045192862,0.0038199658435413967,-0.03301532276792886,-0.04563957724120613
214,2019-09-01,0.0447261416790362,0.05027525058252555,-0.0006755000337531335,0.05811481337499785,0.046479013887309274,-0.02624891545595094
215,2019-10-01,0.03215985706406684,0.08018992146122052,0.04004591825839628,0.025818382469061988,0.0033654235232856893,0.031062894601151712
216,2019-11-01,-0.009556002375860113,0.0320757153782193,0.07465465983769504,-5.5293545641918035e-05,-0.01790085867300942,-0.005102675946279979
217,2019-12-01,0.007233354884447569,-0.005123129709593039,0.014819062583773291,0.004315428512826889,0.0033882742397389237,-0.0340688705113813
218,2020-01-01,0.010906220692757488,-0.035601433687176394,-0.059524116368538424,0.07075811829784757,0.05254629270280634,0.021773952266511475
219,2020-02-01,-0.046221536536536274,-0.07042123020165614,-0.1638208215141816,-0.06125919511325539,-0.10787086910695491,-0.13647789937564736
220,2020-03-01,-0.20136061656818197,-0.2366552903174007,-0.3001486656516486,-0.30486274570704147,-0.339863295319953,-0.2896440797312756
221,2020-04-01,0.11389993532329132,0.1923477515414312,0.15386754797386382,0.14167305340163702,0.1956718787298585,0.16490586959637407
222,2020-05-01,-0.01894498769675477,-0.010669450725363898,-0.016594706633440683,-0.01664020717772776,-0.018286964316389424,-0.07379651163163461
223,2020-06-01,0.06617244208288482,0.10757558563341668,0.19563729037041533,0.12499805640289292,0.19925375899819028,0.29533489416623976
224,2020-07-01,0.058282502047480714,0.08913782201999153,0.0158479247403687,0.06071656534160038,0.0553472363868388,-0.015977555048215488
225,2020-08-01,0.028495232202623684,0.030743584993002906,0.1119917787671712,0.11275428718719423,0.11362521684321888,0.10497619633897079
226,2020-09-01,0.012545449853589357,-0.02189902033465998,-0.08654247310406951,0.0330947454356668,0.027426639152738453,-0.06159926030634463
227,2020-10-01,0.021143934233932977,0.04632177746449187,-0.04022178361017424,-0.012844921001804009,-0.0027442392144484094,8.74623720203651e-05
228,2020-11-01,0.08682302413483355,0.19042953626996995,0.26111219250494383,0.12124679378059824,0.13479122591777634,0.14840917779678128
229,2020-12-01,0.07609894273866345,0.06049455304963034,0.1635505351803878,0.057908952076541086,0.09742051075406014,0.13616740139004188
230,2021-01-01,-0.020138719507391156,0.019170626598353183,-0.03660927969221489,0.003165443419217583,0.003501922566952008,-0.003128116289073371
231,2021-02-01,0.05047877542037864,0.18766467700531622,0.29016314575882374,0.11395031942467776,0.12338771287114093,0.19119907390528462
232,2021-03-01,0.02080531058287315,-0.002166366886422951,-0.019821268894895435,0.019455442080468944,-0.0011929182536440923,-0.03741769909781797
233,2021-04-01,-0.002428088699589614,0.0070713756930818415,0.12259470290542049,0.04457805253558941,0.051652225820293725,0.05220180013508557
234,2021-05-01,0.06827721264915795,0.09064461496561,0.07793714947655886,0.08026952673293776,0.1237928029047991,0.15388546803413594
235,2021-06-01,0.020060752363005144,0.025857599056535625,0.01387949274528012,0.049726039706317504,0.09032668501545105,0.11298081068326322
236,2021-07-01,0.005496307858356723,8.292109406776935e-05,0.0779837410434772,0.052928124361293113,0.1011969470648681,0.06883095471521085
237,2021-08-01,0.09191115585013801,0.0023967482795341456,-0.011086261752679672,-0.009647995405835474,-0.04220223943333645,-0.07062677771394503
238,2021-09-01,0.03051068396460001,0.07510738537158367,0.02705923845330094,0.04970794099360252,0.08055715413263123,0.09809110510962517
239,2021-10-01,-0.00685307952474993,0.015086331902495533,0.025534717894364043,0.006714521979450561,-0.003684037214567695,0.0053754420811309095
240,2021-11-01,-0.016341248367179786,-0.07393025844004672,-0.05503362249247032,0.007124050344490273,-0.03614221697822563,-0.041685969159661815
241,2021-12-01,0.025548374963613445,0.031104403717319023,-0.013084151587891106,0.049995438859337334,0.04215991492236698,0.043293885698426744
242,2022-01-01,-0.016990628502376832,0.051684675080759426,0.133762592902584,-0.006154778327510345,0.03513053083646176,0.0473717624832852
243,2022-02-01,-0.03016325709917402,-0.0255391238412569,-0.06475258684544587,-0.0806652456609303,-0.09628141669781978,-0.10217353711995653
244,2022-03-01,0.04266854359318694,0.04711058015743968,0.021418330283900475,0.04304757112548043,0.05793255143457086,0.0610481239171248
245,2022-04-01,0.005005607896379146,-0.00016923660806717915,0.03936277887630542,0.02083463827281823,0.04305843602298296,0.06414792064738797
246,2022-05-01,-0.04468836374430419,-0.09446368088404085,-0.05713579912540606,-0.06452363578029255,-0.09530047462010582,-0.09337750282718975
247,2022-06-01,-0.04419017687804292,-0.08513810929253585,-0.04057930197994976,-0.035688870609578496,-0.06532679167370206,-0.06993953666048218
248,2022-07-01,0.09967336744111245,0.14060426197819664,0.027610172380289743,0.07695694080817045,0.09514808569373123,0.10998149276198314
249,2022-08-01,0.0514227264607009,0.05731882135756018,0.0756032762382305,0.05324246802646338,0.08034878157956442,0.09424113016014236
250,2022-09-01,-0.03535398151576716,-0.03386348401545736,-0.04812754434167504,-0.0010482824230649646,-0.014009890929719642,-0.0029423864783187864
251,2022-10-01,0.02610644965947978,0.0562898322403792,0.09675958058068271,0.006901982089049253,0.024334771740173077,0.04923699036580674
252,2022-11-01,0.022232961331750303,0.05512242879625338,0.10307406267864168,0.015806598611834317,0.03948212954430329,0.09105863317692311
253,2022-12-01,-0.04311692230421024,-0.006435206876566969,0.02997560921015847,-0.021553909207912326,-0.009449296633862174,0.05239675561498001
254,2023-01-01,-0.05270282132661884,-0.03682138531752075,-0.009878715338693276,-0.007892538341892786,-0.017574361214547096,-0.03960188525046118
255,2023-02-01,-0.04878630409857384,-0.026988527589430083,-0.03422331341854794,-0.03324280355495635,-0.045860720025598635,-0.0708680221155785
256,2023-03-01,0.010374382934964265,0.004708883664274369,0.014290995061329591,-0.01942138945165909,-0.002350295261822933,-0.018878750770255193
257,2023-04-01,0.03850521775498889,0.06340814092807422,0.06564805172189368,0.06905547901607348,0.09226072555542149,0.1453967919420844
258,2023-05-01,0.050649253543584606,0.017927857704746794,0.007514212372774156,0.0508085414076185,0.054983861197752774,0.03240788014609163
259,2023-06-01,0.03130485756483476,0.047623482723055235,0.06205403757320854,0.07434066412538885,0.07657535713798887,0.07417545908857302
260,2023-07-01,0.0334312825221226,0.044209451160270495,0.12540483047677708,0.06004570023292771,0.08778515172220618,0.1182565247096941
261,2023-08-01,-0.006134953570057636,-0.027064674506619205,0.0024122419052906643,0.042817912575803176,0.06759553414373042,0.1015121174196189
262,2023-09-01,0.02057494518150239,0.026981415101848337,0.11146853757604909,0.017186754472695003,0.02400081875180365,0.10866897002326145
263,2023-10-01,-0.022291941144552768,-0.037315493042502215,-0.04967029753481374,-0.012525738954678184,-0.0024544329568966135,0.001672390484085679
264,2023-11-01,0.06650233539732024,0.06612083300792303,0.11914320361906112,0.073980901641177,0.09226466910598632,0.10473280927898752
265,2023-12-01,0.08364691404595655,0.0929730167887237,0.14785301936031828,0.05652639472525093,0.06868454712004193,0.06882865678375616
266,2024-01-01,0.016427654612434565,0.03092977601761959,0.17818515442544042,0.05097646929822995,0.10423399676959086,0.1422843197263566
267,2024-02-01,0.018861964885689482,0.03560477665399818,0.016412881321272544,-0.002537845932779441,-0.011367334251276891,0.0018604832281989192
268,2024-03-01,0.008933082900046529,0.010749082543044046,0.01633541920279668,-0.05218495818490683,-0.06227604957226657,-0.06431748844933038
269,2024-04-01,0.01723298650848034,0.059334813795957564,0.0823796616781336,0.09063146126184606,0.13734842219199347,0.13142402829366587
270,2024-05-01,0.028454864982789964,0.009201991226267112,-0.00491782509497552,-0.02141727567398814,-0.006494753234106822,-0.041422885251780735
271,2024-06-01,0.05907760194881261,0.07423628932452495,0.016160000980727698,0.11433010116975259,0.10747395403731942,0.08987167438810274
272,2024-07-01,0.054983242201521336,0.018856280816351854,0.0895586015520475,0.051267931493217095,0.08218516085836741,0.07310229537737994
273,2024-08-01,0.007834304555753914,-0.0030532053091823722,-0.033509697459641295,0.017956029942337998,0.025286793182780525,0.011747829191386767
274,2024-09-01,0.022174479587034564,0.02408190371287802,-0.04767942597317407,0.019814858740580723,0.012590393967700628,0.01809020726053051
275,2024-10-01,-0.07337139357235152,-0.0639662729935299,-0.091572629198847,-0.026586575203462172,-0.046333382728076765,-0.056308334773034006
276,2024-11-01,-0.0043204551392975465,-0.0018782005516035987,-0.0071634168930529065,0.009459081544308428,-0.0010439722704394187,0.022542732915886723
277,2024-12-01,-0.013822076586600719,-0.024923103240723266,-0.03675139027623398,0.005195947531793114,-0.004318229944169462,-0.011451325066635088
278,2025-01-01,-0.03164825406996357,-0.02021754505904843,-0.01616544286207521,-0.09071503303016808,-0.09841688238759498,-0.07020380892244782
279,2025-02-01,-0.095983295517643,-0.06427392328838474,-0.09512560836585911,-0.15352177912944714,-0.14308963086755944,-0.15008000480974787
280,2025-03-01,0.07305494603005135,0.07973243481864041,0.11857351492981714,0.06978315360491115,0.07929032066911583,0.0764287721161843
