Month,BG,BN,BV,SG,SN,SV,n_BG,n_BN,n_BV,n_SG,n_SN,n_SV,SMB,HML
2001-10,0.05622457934107735,0.058894264879172306,0.08321352810386144,0.07701041184274973,0.10771377939041424,0.06782595343483806,58.0,22.0,5.0,121.0,218.0,184.0,0.01807259078129698,0.008902245177436211
2001-11,0.12319805917518056,0.08024298005215794,0.07930729085358357,0.17714627491632823,0.20591392089824678,0.16213499513932023,58.0,22.0,5.0,120.0,218.0,184.0,0.08748228695765774,-0.0294510240493025
2001-12,0.016156513695794083,-0.0534336874821658,-0.045648335195858085,0.030666800433652774,-0.004934291079790511,-0.036805509816136624,58.0,22.0,5.0,120.0,217.0,184.0,0.023950836173318477,-0.06463857957072078
2002-01,0.014784753074125422,0.07483737611210213,0.032391986170050374,0.017205142290398073,0.044362572413776745,0.018595348695689753,58.0,22.0,5.0,120.0,217.0,182.0,-0.013950350652137783,0.009498719750608316
2002-02,0.049480182214802104,0.2667502948072822,0.28084415611960134,0.013263005409528654,0.08206124540377802,0.06312724656628374,58.0,22.0,5.0,118.0,216.0,181.0,-0.1462077119206984,0.14061410753077716
2002-03,-0.003688139752931767,0.07803925833569757,0.07720167184715412,0.09058702111217806,0.09815779191229859,0.06109742358180714,57.0,22.0,5.0,117.0,214.0,164.0,0.032763148725454626,0.025700107034857485
2002-04,-0.043285271903289256,0.10635587368110723,0.08343072429931174,0.125141212016835,0.1250997746342398,0.11981743449511495,57.0,22.0,5.0,117.0,214.0,164.0,0.07451903168968667,0.060696109340440466
2002-05,-0.059758245170983444,-0.05350025927354966,0.14142631605487918,-0.05878100785200645,-0.057835230338318826,-0.005180228864543628,57.0,22.0,5.0,116.0,212.0,164.0,-0.049988092888405,0.12739267010666272
2002-06,0.015715057876268274,0.047873887910393986,0.11874513619796977,0.04178187129011347,0.15521396539782265,0.2569946801264515,57.0,21.0,4.0,113.0,205.0,160.0,0.06670344545063693,0.21521280883633803
2002-07,-0.08644249633633361,-0.00875086897723559,-0.12071400522334091,-0.1177425751048197,-0.14238253896434833,-0.1444000864972069,57.0,21.0,4.0,113.0,205.0,159.0,-0.08246587437779941,-0.0266575113923872
2002-08,0.0664010003449211,0.04947202312196634,0.009310979779064591,0.039958954552383366,0.02171324615276647,0.004505991325846312,57.0,21.0,4.0,111.0,205.0,158.0,-0.027100411380868796,-0.03545296322653706
2002-09,-0.039913895428102655,-0.09103361841169591,-0.08590768653600063,-0.03587475421767594,-0.057172487163809856,-0.04284118484291149,57.0,21.0,4.0,110.0,204.0,157.0,0.018950136229156384,-0.0069664306252355465
2002-10,0.002315805264830401,-0.00915038783081948,0.00821333056170934,-0.04088083164360952,-0.013659480724506894,-0.021975277773166064,42.0,20.0,2.0,133.0,211.0,156.0,-0.023852864901063666,0.018905553870443455
2002-11,0.07092937475066426,0.06091165788994657,0.2137735731838546,0.06066594725919017,0.08525854839807312,0.08648502853644172,42.0,19.0,2.0,129.0,199.0,144.0,0.007041731508326231,0.02581908127725155
2002-12,0.039322775165922426,0.05650465224030149,0.2604120746534166,0.050112178650114456,0.050748997308280405,0.02229560461700785,42.0,19.0,2.0,129.0,199.0,144.0,0.0025168742760854727,-0.027816574033106604
2003-01,-0.03338623787829618,-0.0030654041510651577,-0.044314243046697156,-0.05743184113607697,-0.027286824868129982,-0.05527554050927223,41.0,19.0,2.0,128.0,199.0,144.0,-0.02413351198742281,0.002156300626804747
2003-02,0.01642659820323536,0.03641014942654569,0.021815614847075015,0.004075307939059858,0.027475383393996636,-0.0054969881859815665,41.0,19.0,2.0,128.0,199.0,143.0,-0.010643028148362278,-0.009572296125041424
2003-03,-0.08695479152448037,-0.05053267663445258,0.01559271855238122,-0.11650832141358518,-0.08425915366884028,-0.13806885186302273,41.0,19.0,2.0,128.0,198.0,142.0,-0.03164000346174625,-0.02156053044943755
2003-04,-0.04531004018710024,0.012825942282738765,0.004850833923987356,0.03978998376185352,0.08270339620451747,0.10848376977039084,41.0,19.0,2.0,126.0,196.0,141.0,0.07748873893536623,0.06869378600853732
2003-05,0.10647938519454045,0.19401413718547122,0.5841136841597494,0.14901850142382192,0.22702217030934038,0.2760244596285236,41.0,19.0,2.0,116.0,193.0,138.0,0.037773574676575314,0.1270059582047017
2003-06,0.1020830340977949,0.11197383196021524,-0.05105918318244391,0.11798017152728756,0.13190183390274313,0.15754429499783473,40.0,19.0,2.0,113.0,192.0,137.0,0.017912569686010273,0.03956412347054718
2003-07,0.016127915229556616,0.08743049448140541,0.268487248399427,0.10332476263992887,0.08022804086193565,0.07811424271529283,40.0,19.0,2.0,112.0,191.0,136.0,0.03999719689545125,-0.02521051992463605
2003-08,0.16902168516696364,0.17482022282726048,-0.01774951968988175,0.10206106134679667,0.12833954657559932,0.11885390600419693,40.0,19.0,2.0,113.0,191.0,136.0,-0.05672065003591407,0.01679284465740026
2003-09,0.03339119616453592,0.07161326569096516,0.08272763321118837,0.06761994063610735,0.047165416530913655,0.06116433263448745,40.0,19.0,2.0,113.0,191.0,136.0,0.004890447655759966,-0.0064556080016199
2003-10,0.06753703730437004,0.06376825490014416,0.13508356069091418,0.058097811148742115,0.08943288206014299,0.037783000582687395,42.0,18.0,2.0,142.0,205.0,143.0,0.008112700502185453,-0.02031481056605472
2003-11,0.03351717883922919,0.048592210921237645,0.04176654864429474,0.11021610590853947,0.13609163128914134,0.22208189968454495,42.0,18.0,2.0,142.0,205.0,143.0,0.08209917371860699,0.11186579377600547
2003-12,0.18046640277757395,0.19690848014468104,0.11910196073401515,0.2248603015913721,0.23425467932658314,0.258782580524314,42.0,18.0,2.0,141.0,205.0,143.0,0.04087004899785013,0.03392227893294192
2004-01,-0.032895727976513175,-0.03533024934017122,0.09683147381131886,-0.08515755867717723,-0.09058417728852466,-0.1449922620478208,42.0,18.0,2.0,141.0,204.0,143.0,-0.05375787932450875,-0.05983470337064359
2004-02,-0.0033293448379533965,-0.012696199554953179,0.053383673087318416,-0.011302104455434609,-0.040616487467031566,-0.07866763136581804,42.0,18.0,2.0,141.0,204.0,143.0,-0.0179465237647798,-0.06736552691038343
2004-03,0.011720141514150162,0.044154552724203426,-0.0062275264202738215,-0.03850261730170091,-0.01026424382973736,0.017103276212601437,42.0,18.0,2.0,141.0,204.0,143.0,-0.05232077768489593,0.05560589351430235
2004-04,0.016709753956446905,0.040290844136289035,-0.11009927246169592,0.06807948560869582,0.08545810783699193,0.1108543952742404,42.0,18.0,2.0,141.0,203.0,143.0,0.04826849767647591,0.04277490966554458
2004-05,-0.157061365864634,-0.28482840439311585,-0.24061468994407245,-0.13064252931444392,-0.1557548562164162,-0.15280820985975596,42.0,18.0,2.0,138.0,203.0,143.0,0.07774619236344488,-0.02216568054531204
2004-06,0.013169705522853672,0.04708888483761435,0.1469974701711392,0.016918670176454945,0.011828019481597006,0.01808295029097415,42.0,18.0,2.0,137.0,203.0,143.0,-0.015755950351208036,0.0011642801145192068
2004-07,0.07904575478842087,0.07962523484996803,0.30487229808012317,0.04679960658229617,0.09434883399414978,0.16881004378956024,42.0,18.0,2.0,137.0,203.0,143.0,-0.008761274530971471,0.12201043720726407
2004-08,0.007024144909764371,0.010253067702558205,0.03948613518860609,0.08452025200437548,0.0780076735831028,0.1251952901076299,42.0,18.0,2.0,137.0,202.0,143.0,0.07262535648757784,0.040675038103254416
2004-09,0.07548880690043766,0.07649779088518738,0.11917257157980993,0.09259716900009585,0.07406546401163028,0.0955813055888964,42.0,18.0,2.0,136.0,201.0,143.0,0.007338017613050543,0.0029841365888005483
2004-10,0.022809151446762228,-0.008907211398542092,-0.08138088287066392,0.014048288144161977,0.020384467442735442,0.04628287923285279,57.0,16.0,1.0,200.0,259.0,160.0,0.010265407769338642,0.03223459108869081
2004-11,0.08277449472430023,0.17356136063008984,0.024915458623567366,0.11618271837238994,0.1715565218948987,0.2186979413042505,57.0,16.0,1.0,200.0,258.0,160.0,0.015701692456449284,0.10251522293186055
2004-12,0.07106517359315583,0.12909525193722268,0.2126679196583332,0.11402762606814323,0.15861171376216407,0.13139187572774522,57.0,16.0,1.0,200.0,258.0,160.0,0.0362394571499644,0.017364249659601982
2005-01,-0.017099658786509396,-0.044324180352148614,0.02694679203483097,-0.0017935959334732525,-0.015590130460133767,-0.014861611844720844,57.0,16.0,1.0,199.0,258.0,159.0,0.022020056372525496,-0.013068015911247592
2005-02,0.027075112902622257,0.05248862409957295,-0.14540840161476987,0.03526393164928817,0.07707756195306749,0.07944073698537978,57.0,16.0,1.0,198.0,258.0,159.0,0.016388878300080227,0.044176805336091605
2005-03,-0.03594876902072693,-0.06475240320059197,-0.021749270056274694,-0.01481173112083347,0.005837745539317797,-0.006288812641227101,57.0,16.0,1.0,198.0,257.0,159.0,0.04586359331990161,0.00852291847960637
2005-04,-0.04957830359653043,-0.06148564324298579,-0.12567794229932794,0.003926515691397261,0.009101940639960622,0.06763780250308189,57.0,16.0,1.0,197.0,257.0,160.0,0.062046201585437055,0.06371128681168463
2005-05,0.08943614550668824,0.0996396694571128,0.12685594508889309,0.06933753278640066,0.10740265612817451,0.1612830045666924,57.0,16.0,1.0,196.0,256.0,160.0,-0.006167813024612938,0.09194547178029173
2005-06,0.06469960851845635,0.007365554328063793,0.08034449622307571,0.002795594793266733,0.012337296985051092,0.032516362838709796,57.0,16.0,1.0,195.0,256.0,160.0,-0.02846613553410116,0.029720768045443064
2005-07,0.04176059913669019,0.19538464075025463,0.10847547323092299,0.11070471519830144,0.1096647289278541,0.1514036032741031,57.0,16.0,1.0,195.0,257.0,160.0,-0.008387897880394644,0.04069888807580166
2005-08,0.03576818678244115,-0.005414466670521869,-0.013365172134336524,0.10171639653125067,0.12019350397909033,0.18899463817652692,57.0,16.0,1.0,195.0,257.0,159.0,0.09577809019921087,0.08727824164527626
2005-09,0.09004737801789534,0.07436509680822102,0.12950796117896335,0.037910412732643735,0.011022937119429758,0.014472373761815843,57.0,16.0,1.0,194.0,257.0,159.0,-0.05773956248702143,-0.02343803897082789
2005-10,-0.08623615869650973,-0.09909008604095915,-0.1494625901144224,-0.08357014678291975,-0.11909929045685996,-0.137341017444024,68.0,38.0,3.0,295.0,409.0,245.0,-0.00867159625115542,-0.05377087066110424
2005-11,0.12702998789120917,0.10298386300000414,0.13790588900098474,0.11652090611303183,0.1042744882350663,0.11049348594728198,68.0,38.0,3.0,293.0,408.0,245.0,-0.004609228271557596,-0.00602742016574985
2005-12,0.07216358032923278,0.05718707295817003,0.07049655967191203,0.0872362528158164,0.04609081881633835,0.02523801290204788,68.0,38.0,3.0,293.0,408.0,245.0,0.001988209172375969,-0.061998239913768516
2006-01,0.07490474482779828,0.06976304037504956,0.014391513818331494,0.071973572986994,0.05452904772208735,0.0526080811918838,68.0,38.0,3.0,293.0,405.0,245.0,-0.009082582246883245,-0.0193654917951102
2006-02,0.03272133922295198,-0.0008034201878255796,-0.05128311511797638,0.017167952779363484,0.005402265808727812,-0.0008085061780225851,68.0,38.0,3.0,293.0,405.0,245.0,-0.004673850223517552,-0.01797645895738607
2006-03,0.11249144057131369,0.06990534593308151,0.18587492389643842,0.1382141704509073,0.08279523810291335,0.06000512428222984,68.0,38.0,3.0,290.0,405.0,245.0,0.01930631102471273,-0.07820904616867747
2006-04,0.030312176335175335,0.07515321764415686,0.08502895880660763,0.10388450938359757,0.10965941352205938,0.08522340402808633,68.0,38.0,3.0,290.0,405.0,244.0,0.05403926446316237,-0.018661105355511243
2006-05,-0.14700161354162017,-0.1262149635073064,-0.18502538241046795,-0.11409180220388489,-0.13039848125441686,-0.10357187687876644,67.0,38.0,3.0,288.0,406.0,240.0,0.014363146795312413,0.010519925325118445
2006-06,0.01088693848184684,-0.036303199691047214,-0.00850158243816375,-0.11546964161493817,-0.1575912665698738,-0.15150549698198001,67.0,38.0,3.0,287.0,406.0,240.0,-0.12382232348780581,-0.03603585536704185
2006-07,0.01252853053945282,-0.01762280432398988,-0.06108827596453586,-0.02375705551781147,-0.029602396224785256,-0.027646310723696565,67.0,38.0,3.0,288.0,406.0,240.0,-0.024132588979029833,-0.003889255205885095
2006-08,0.07553201923065296,0.14292950563329349,0.10091469508593892,0.09408013959100317,0.1269432279161423,0.14526856221721232,67.0,38.0,3.0,288.0,404.0,240.0,0.0012809213215995083,0.05118842262620915
2006-09,0.049340440276975345,0.09052147793222419,-0.014062297882411944,0.11967459078008118,0.0675118491411029,0.07171391619010083,67.0,38.0,3.0,288.0,403.0,239.0,0.023662260855992275,-0.04796067458998035
2006-10,0.056706688923532804,0.028524609083541753,0.012157669321591206,0.0627516641076624,0.03803892138325923,0.0370557889977343,116.0,46.0,7.0,343.0,548.0,433.0,0.013485802386663392,-0.03512244735593485
2006-11,0.06874413175270289,0.03461208639693234,-0.05529837373667028,0.04756784503723894,0.015891379180410472,0.030532220574637788,116.0,46.0,7.0,343.0,548.0,432.0,0.015311200126440752,-0.07053906497598716
2006-12,0.010962350454430567,-0.004645210103753037,0.009569880860460882,0.04344994701927207,0.017641994853326043,0.09157103706414435,116.0,46.0,7.0,343.0,548.0,432.0,0.045591985908534687,0.023364310225451296
2007-01,0.02448312252447222,0.048043750639990064,0.12632686486867617,0.051042737090624936,0.05732175164659222,0.1085114653017373,116.0,46.0,7.0,341.0,549.0,430.0,0.006007405335272002,0.07965623527765817
2007-02,-0.08676163765017478,-0.0605995179208066,-0.13527237375539708,-0.09597324923578797,-0.08563496989939297,-0.09777859375127716,116.0,46.0,7.0,341.0,548.0,426.0,0.0010822388133067868,-0.025158040310355748
2007-03,0.017504937479983284,0.02658116291863074,-0.01355164530405807,-0.03142392417069701,-0.04497349355645822,-0.024602006829451482,116.0,46.0,7.0,341.0,547.0,426.0,-0.04384462655038756,-0.012117332721397912
2007-04,0.054708205922685674,0.09696377413799503,0.10632228503502,0.06433675787509033,0.07561173306178083,0.06817087199236845,116.0,46.0,7.0,340.0,546.0,426.0,-0.01662496738882037,0.027724096614806223
2007-05,0.0330516950024065,0.0872709248208939,0.09022947136681804,0.07779187445809632,0.05414841311043342,0.03979129320043733,116.0,46.0,7.0,339.0,545.0,424.0,-0.012940170140383787,0.009588597553376276
2007-06,0.008908946452202748,0.0056467981993218105,0.027401390332538068,0.04175115302612784,0.04134407076070073,0.06329715955523817,116.0,46.0,7.0,339.0,544.0,424.0,0.03481174945266804,0.020019225204722824
2007-07,0.039915402520421576,0.0638460575413454,0.011457923141525434,0.011109067180439134,0.04524535588609156,0.06872554369616099,116.0,46.0,7.0,338.0,540.0,425.0,0.0032868611864664277,0.014579498568412855
2007-08,-0.026250748032187743,0.00999675249057568,-0.029601794522136893,-0.031687673617210206,-0.021379676383416243,0.08174387027277286,116.0,46.0,7.0,337.0,541.0,425.0,0.024844103445298454,0.055040248700016954
2007-09,0.09750583385365393,0.19316953602384765,0.17413324020157572,0.07990565316664268,0.12936521527300088,0.2193225881093457,116.0,46.0,7.0,336.0,541.0,425.0,-0.012071717843362676,0.10802217064531242
2007-10,0.1686821008929372,0.15102359936481372,0.0658552618081735,0.06634725813312121,0.10581273572871741,0.07014438559646154,125.0,39.0,12.0,373.0,614.0,489.0,-0.04775219420254142,-0.04951485581071169
2007-11,-0.012930167449567338,0.07252035256879444,0.18655174298066135,0.03876756388851565,0.07775132669984108,0.15280960744671437,125.0,38.0,12.0,373.0,613.0,488.0,0.007728856645060886,0.1567619769942137
2007-12,0.06844178561288423,0.15941760221811926,0.12947107859665127,0.1825015598578966,0.2123888657179094,0.2878264448777402,125.0,38.0,12.0,373.0,612.0,488.0,0.10846213467529713,0.08317708900180532
2008-01,-0.16662314861368036,-0.2067468454490059,-0.2971668914292686,-0.21407291053706015,-0.21722816692544702,-0.2373660330397721,125.0,38.0,11.0,373.0,609.0,487.0,0.0006232583298918607,-0.0769184326591501
2008-02,-0.0024444956054577105,0.032038347983293414,0.030099582188057274,-0.014730239320226117,-0.01842464065980969,-0.040727511374471136,125.0,38.0,11.0,372.0,610.0,487.0,-0.04452527530679997,0.0032734028696349837
2008-03,-0.11342238457806002,-0.1448888452607783,-0.20738263131510168,-0.14749436147993913,-0.17371866412610254,-0.11313325156482833,125.0,38.0,11.0,367.0,608.0,485.0,0.010449194661023333,-0.029799568410965427
2008-04,0.1021854356342884,0.09173781700058485,0.1539547746552562,0.10836945135070626,0.11322264768159354,0.15945052718508257,125.0,38.0,11.0,366.0,606.0,484.0,0.011054866309084305,0.05142520742767205
2008-05,-0.05520198014100754,-0.06606476635019295,-0.08241002645315859,-0.05625964953426606,-0.05872970808737606,-0.06054211505297349,125.0,38.0,11.0,365.0,606.0,483.0,0.009381766756581159,-0.015745255915429242
2008-06,-0.17513628235634612,-0.22244740250039335,-0.22933614601372793,-0.16015348618738037,-0.17548801416624765,-0.200104562299116,125.0,38.0,11.0,364.0,606.0,484.0,0.030391256072574462,-0.04707546988455871
2008-07,0.06735741376146351,0.1341901264942407,0.13814593396543076,0.031938019689963425,0.027583875275330818,0.07091769431322346,124.0,38.0,11.0,365.0,606.0,483.0,-0.06975129498087242,0.05488409741361365
2008-08,0.014848781157776717,0.0005439194741728177,0.02933958400719856,0.026944111410754222,0.019559757085250134,-0.01494750505164425,123.0,38.0,11.0,365.0,605.0,484.0,-0.004391973731595996,-0.013700406806488315
2008-09,-0.12055997286387973,-0.07749772722105137,-0.10863601431257058,-0.1551484997081409,-0.18544854336461752,-0.18787551627587426,123.0,38.0,11.0,365.0,604.0,484.0,-0.073926281650377,-0.010401529008212104
2008-10,-0.2740677563177197,-0.26117339982719073,-0.2143681815127747,-0.33900436686587976,-0.31786433847012124,-0.3131058275757366,141.0,43.0,9.0,396.0,681.0,528.0,-0.07345506508468415,0.04279905704754408
2008-11,-0.06436664511688407,-0.016668489821863315,0.06546262903782606,-0.125257188504727,-0.1282665282245337,-0.09827869680000134,141.0,43.0,9.0,394.0,679.0,528.0,-0.11207663587611356,0.0784038829297179
2008-12,0.09657633731138003,0.17358965191497927,0.11584456397718877,0.12066336913760983,0.12560825469325773,0.10205710369600435,141.0,43.0,9.0,394.0,679.0,525.0,-0.012560608558892053,0.0003309806121016279
2009-01,-0.03205641386691132,-0.05959907106161847,-0.05435053452234525,-0.09033281122300352,-0.06995467318305712,-0.06203136059849251,141.0,43.0,9.0,394.0,678.0,524.0,-0.0254376085178927,0.003003664984538537
2009-02,-0.028293386579910523,-0.08845313887071533,-0.11236219675917739,-0.06603736463761356,-0.07314524309293835,-0.04810797232549946,141.0,43.0,9.0,391.0,678.0,524.0,0.013939380717917291,-0.03306970893357638
2009-03,0.09035274021499203,0.06521221439859012,0.014420528504288783,0.07277227803187772,0.07531141025686042,0.02467836808454331,141.0,43.0,9.0,391.0,677.0,524.0,0.000925524418470171,-0.06201306082901883
2009-04,0.15736243984044915,0.16447806332600012,0.1996173739955577,0.16978595303180408,0.2056661827317392,0.2020459925916325,141.0,43.0,9.0,392.0,677.0,524.0,0.018680083731056268,0.03725748685746849
2009-05,0.3185654282532077,0.40400484942484705,0.4092542710140839,0.45961467117473553,0.4626274201430045,0.43581330526285283,141.0,43.0,9.0,391.0,677.0,523.0,0.07541028262948474,0.033443738424496744
2009-06,-0.018546911190644885,-0.024807592025368152,-0.01667695182731663,-0.001341962313058164,-0.023105209797074183,-0.05703842565218762,141.0,43.0,9.0,392.0,677.0,523.0,-0.007151380906330099,-0.0269132519879006
2009-07,0.08053419464830888,0.06611123595553366,0.04737733141198912,0.08852980764602403,0.09677754359063251,0.06649209389885703,141.0,43.0,9.0,390.0,676.0,520.0,0.019258894373227305,-0.02759728849174338
2009-08,0.021357271787795503,0.016477536924048485,0.018986098916758457,0.0894891065049749,0.1205581709825691,0.17283167426508264,141.0,43.0,9.0,389.0,675.0,520.0,0.10868601470800805,0.040485697444535354
2009-09,0.06771086278161778,0.16201280524794162,0.14550248478803895,0.07029882056318029,0.09072600440908495,0.09342313879998701,141.0,43.0,9.0,388.0,675.0,520.0,-0.0402593963484487,0.050457970121613946
2009-10,-0.05999727735774331,-0.110423748180927,-0.10938673453220954,-0.042878899039203125,-0.0663284478493299,-0.07420737965337117,141.0,53.0,12.0,351.0,628.0,495.0,0.03213101117632522,-0.040358968894317136
2009-11,0.07619088072217504,0.06456088422879022,0.11627620771076173,0.06608150463004592,0.06883051056476738,0.07210427698243167,141.0,53.0,12.0,350.0,628.0,495.0,-0.01667056016149401,0.023054049670486222
2009-12,0.039148514700936575,0.04744239937865553,0.055541389307130984,0.07589750347761348,0.09246016584235325,0.1132925737656208,141.0,53.0,12.0,350.0,628.0,495.0,0.046505979899621484,0.026893972447100862
2010-01,-0.04118056073399191,-0.0460114497436249,-0.03632854383924998,0.0044205055779806815,-0.00576574559769693,-0.014331421088739285,141.0,53.0,12.0,351.0,628.0,494.0,0.035947964402803755,-0.0069499548859890195
2010-02,-0.008451961187690272,-0.0005190214082965591,0.021080163198607133,-0.016709365144478096,-0.02886559007850198,-0.023803794334770766,141.0,53.0,12.0,350.0,627.0,494.0,-0.02716264338679038,0.011218847598002367
2010-03,0.03852726288034554,0.05689681234363449,0.07706505155731776,0.05860560382860334,0.05986508304639262,0.06483286779666037,141.0,53.0,12.0,350.0,626.0,494.0,0.0036048092967861795,0.022382526322514622
2010-04,0.005409017854551017,0.03266146547395478,0.040851590626158056,0.046769665526613255,0.08646665155484985,0.1029120602955594,141.0,53.0,12.0,350.0,625.0,494.0,0.052408767807452884,0.04579248377027659
2010-05,-0.032041360804247694,-0.05479086998655517,-0.10826443844639679,-0.043696224729048064,-0.06701524857728547,-0.07912964970920276,141.0,53.0,12.0,348.0,625.0,494.0,0.0017518487405544514,-0.05582825131115189
2010-06,0.04583394484196313,0.06152114345577825,0.01571037707104837,0.0753126236363067,0.05787324292236219,0.05231756649577499,141.0,53.0,12.0,348.0,625.0,494.0,0.020812655895218045,-0.02655931245572323
2010-07,0.01890082828209987,0.024230656457183693,0.09911332095638305,0.030988717434176673,0.03678175845549735,0.05125189325592746,141.0,53.0,12.0,347.0,625.0,494.0,-0.007740812183355042,0.050237834248016984
2010-08,-0.005100796721579757,0.05319147095426201,0.05873493383592755,0.027408553342200145,0.01838032862645601,0.040283257491367075,141.0,53.0,12.0,345.0,624.0,494.0,-0.006917822869528856,0.03835521735333712
2010-09,0.08733427121474133,0.10497247306068179,0.1430274857060335,0.08474927560475422,0.06439713124590238,0.08035013273319336,141.0,53.0,12.0,345.0,623.0,493.0,-0.035279230132535554,0.025647035809865652
2010-10,-0.002820932074669867,0.012675155054295022,0.06878864570529224,-0.0010464291896123586,0.03317122039505149,0.09812280606273388,136.0,38.0,6.0,399.0,682.0,463.0,0.017201576194418543,0.08538940651615418
2010-11,-0.04314142933135001,-0.05795774792517356,-0.1567327603399392,-0.0685249802997326,-0.09153867074480242,-0.10344373942220543,136.0,38.0,6.0,399.0,682.0,463.0,-0.0018918176234258958,-0.074255045065531
2010-12,0.04044746824482487,-0.010469585121395866,0.01615432619537047,0.019230045616243426,0.008404006748980427,0.008865001619861392,135.0,38.0,6.0,399.0,681.0,463.0,-0.0032110517779047423,-0.017329093022918216
2011-01,-0.09997082319817936,-0.07282237801472041,-0.12692605294040235,-0.11767332181284915,-0.12420011682370924,-0.12097509746615198,135.0,38.0,6.0,399.0,680.0,461.0,-0.021043093983136082,-0.015128502697762912
2011-02,-0.036225387050598946,-0.03824222010480792,-0.17400326336391012,-0.05754695565925466,-0.07716212137141834,-0.08261308325465956,135.0,38.0,6.0,399.0,680.0,460.0,0.010382903411328139,-0.08142200195435803
2011-03,0.08417945844731113,0.08131499647891645,0.1508634636474626,0.0817727168726314,0.06713126910127491,0.046049864995802374,135.0,38.0,6.0,399.0,679.0,461.0,-0.04046802253466049,0.015480576661661211
2011-04,-0.0030100722086414534,-0.00405326616516776,-0.013507150825643173,0.038975966035281064,0.0523471352038767,0.09010215324206125,135.0,38.0,6.0,398.0,678.0,461.0,0.0673319145602238,0.020314554294889233
2011-05,-0.018198229525057563,-0.06808634105670551,-0.03236493180422233,-0.03644833983046107,-0.044417924591569374,-0.04639702435317237,135.0,38.0,6.0,398.0,678.0,461.0,-0.0028712621297391377,-0.01205769340093803
2011-06,0.006191190315579587,-5.542563535322109e-05,0.04347104280760429,0.006850279367900819,-0.01632210412620701,-0.009380994571721712,135.0,38.0,6.0,396.0,678.0,461.0,-0.02281987560595285,0.010524289276201085
2011-07,-0.026315204922472055,-0.025303351758803487,-0.006033409989281151,0.027260079926000956,0.028043068403975784,0.01814558720316027,135.0,38.0,6.0,396.0,677.0,460.0,0.04370023406789791,0.00558365110517511
2011-08,-0.07561714724335111,-0.11921383143919302,-0.17761107572039178,-0.08199132495574762,-0.10041064064557757,-0.12636085814584125,135.0,38.0,6.0,396.0,677.0,460.0,0.021226410218589824,-0.07318173083356715
2011-09,-0.009139298181534727,-0.012135783662732274,-0.08848456713442052,-0.0033972106926057487,-0.00927557457105929,-0.0026871813972923464,135.0,38.0,6.0,395.0,676.0,460.0,0.03146656077257671,-0.0393176198287862
2011-10,0.05609968387295526,0.028499111381705317,0.0415585168259247,0.018246991942996234,0.02065041742167358,0.02887478485656625,155.0,59.0,6.0,418.0,737.0,604.0,-0.019461705953116405,-0.0019566870667302727
2011-11,-0.08829917327776013,-0.1067467336527712,-0.09619419360027164,-0.1156366431685003,-0.1267608240819045,-0.14243961424386264,155.0,59.0,6.0,417.0,737.0,603.0,-0.031198993654488163,-0.017348995698936928
2011-12,-0.046150996583902086,-0.09927725452118989,-0.05205888284427206,-0.08261433555128025,-0.09831001930444333,-0.09047844902151145,155.0,59.0,6.0,417.0,737.0,603.0,-0.024638556642623665,-0.006885999865300585
2012-01,0.12363385431578612,0.2128280321157772,0.2856405319956133,0.1349965652672492,0.1767015881229355,0.20866986343062008,155.0,59.0,6.0,417.0,737.0,604.0,-0.03391146720212394,0.11783998792159903
2012-02,0.0432712930239198,0.07495404977321926,0.04000244291155248,0.07352217972026653,0.0892689596606233,0.06542515122172428,155.0,59.0,6.0,417.0,737.0,603.0,0.023329501631307526,-0.005682939305454788
2012-03,-0.02199127330429123,-0.03978093430436859,-0.07339018382411883,-0.0048303770097447634,-0.023395462017592357,-0.04561124267234067,155.0,59.0,6.0,417.0,737.0,603.0,0.02044176991103362,-0.046089888091211756
2012-04,-0.0074501367556137205,-0.03702525045002793,-0.05254278905151916,0.025927401071913554,-0.0059606743862706205,-0.006954857760607426,154.0,59.0,6.0,417.0,735.0,602.0,0.036676681727398776,-0.03898745556421321
2012-05,-0.057002708408671734,-0.07041624043025106,-0.08494047022339112,-0.06655215346437934,-0.06973757241640656,-0.09205446050340865,153.0,59.0,6.0,415.0,735.0,599.0,-0.005328255773960215,-0.026720034426874345
2012-06,0.0635117428879785,0.06574361135853779,0.07234189736924708,0.0355004955346571,0.045677111220490146,0.04435744867427323,152.0,58.0,6.0,415.0,734.0,598.0,-0.02535406539544763,0.00884355381044235
2012-07,-0.009015145166844703,-0.027358556393629677,-0.046867387834493145,-0.011781815597888561,-0.016787059424814038,-0.021459397698733427,152.0,58.0,6.0,415.0,735.0,599.0,0.011070938891177167,-0.023764912384246654
2012-08,0.009675645247903344,-0.06242853530606434,-0.08494061008714351,0.015553374962582644,-0.017430382684377566,-0.012428252474693355,152.0,58.0,6.0,414.0,733.0,598.0,0.041129413316272075,-0.06129894138616143
2012-09,0.07265566748582207,0.13758622496741027,0.14262719717728667,0.07767438269152811,0.09878774566188257,0.0915733707641512,152.0,58.0,6.0,414.0,733.0,596.0,-0.02827786350431904,0.041935258882043844
2012-10,-0.009534953889729096,-0.0225918684223453,-0.10615536885561595,-0.007718956049644337,-0.012771177915357918,0.023637392617519994,145.0,73.0,3.0,389.0,683.0,558.0,0.0058183441735360705,0.03135634866716433
2012-11,0.038229320186873236,0.03464509667104007,0.2774808525848041,0.030456631452550707,0.03673065689021465,0.06160735927307814,145.0,73.0,3.0,388.0,683.0,558.0,-0.002843564257573974,0.03115072782052743
2012-12,-0.0007492783636118886,0.06646033914962934,0.02840057918184736,0.021787023469990216,0.022814940103271484,0.018658722159363556,145.0,73.0,3.0,388.0,683.0,558.0,-0.010554548606377879,-0.00312830131062666
2013-01,0.016210579227360345,0.031226379515161842,0.014951685818286369,-0.024713310268531324,-0.01893509299394593,-0.046946233078767594,145.0,73.0,3.0,388.0,683.0,558.0,-0.04554268100249972,-0.02223292281023627
2013-02,-0.04605539549628199,-0.11898621832333992,-0.19915090873130648,-0.08120373673054954,-0.12212006041151657,-0.14905000040505154,145.0,73.0,3.0,388.0,683.0,558.0,-0.019141091661222104,-0.067846263674502
2013-03,-0.0048050094971190975,-0.0421562085995841,-0.0626433122018896,-0.04767247031189763,-0.07440080715221274,-0.06884247667202259,145.0,73.0,3.0,388.0,681.0,556.0,-0.037556029683703585,-0.021170006360124963
2013-04,0.0330291831592049,0.05653528215825955,0.48028112554742797,0.022574127144364867,0.046774239362338495,0.058089943659612626,145.0,72.0,3.0,388.0,680.0,554.0,-0.010108049405380546,0.03551581651524776
2013-05,0.012291975431216573,-0.02026640731869458,0.054836995779295857,0.009729276603920417,-0.028165164250854573,-0.04099453896873152,145.0,72.0,3.0,387.0,681.0,551.0,-0.0052307278797280735,-0.05072381557265194
2013-06,-0.03309992827212826,-0.05813063554680461,0.05333610329591539,-0.0419700756960135,-0.08001377520217687,-0.0687480645603228,145.0,72.0,3.0,384.0,678.0,545.0,-0.01537664353962875,-0.0267779888643093
2013-07,-0.0020492896747127363,-0.09178444734027393,0.09502569639603715,-0.039343646951651594,-0.09019714585037741,-0.053080537613262084,145.0,72.0,3.0,382.0,672.0,537.0,-0.017853527893521175,-0.01373689066161049
2013-08,-0.0319847028017992,-0.04308335276266196,-0.10864726284011257,-0.022635993550547125,-0.02451046827750216,-0.033675116490252496,144.0,72.0,3.0,379.0,673.0,545.0,0.013960796868205937,-0.011039122939705371
2013-09,0.052046757509433425,0.05426795822064667,0.15926234331711242,0.04428304392178261,0.0448297025711268,0.04415055385201491,144.0,71.0,3.0,380.0,675.0,545.0,-0.008600984618585345,-0.00013249006976769756
2013-10,0.07236347740297612,0.09943456192094366,0.10918201702312505,0.07929865473234565,0.08068886843559446,0.10581535609947659,127.0,64.0,7.0,285.0,530.0,436.0,-0.005059059026542708,0.031667620493639935
2013-11,-0.014756964290806127,-0.008054540714438346,0.05078958023195829,0.04551952901113397,0.0607111295409468,0.047251176670483,127.0,64.0,7.0,284.0,529.0,436.0,0.041834586665283315,0.033639096091056725
2013-12,0.029182326614632513,0.040489512481700116,0.012645214232958769,0.0712859702899747,0.06642862280928406,0.08930333040262753,127.0,64.0,7.0,284.0,529.0,436.0,0.048233623390864976,0.0007401238654895417
2014-01,-0.022949031600287346,-0.0789876148176749,-0.12319593475638228,-0.034134569451773074,-0.04292544896366652,-0.0984118932594297,127.0,64.0,7.0,284.0,529.0,435.0,0.016553556499825078,-0.08226211348187579
2014-02,0.033166658005417904,-0.0031441313610310966,-0.03852534346559041,0.04508792535036,0.03684450409459313,0.0038998432654047933,127.0,64.0,7.0,283.0,528.0,433.0,0.03144502984385384,-0.05644004177798176
2014-03,0.04626140400885546,0.15155819055122627,0.17744466816426188,0.08520237356036818,0.10890746721042258,0.16709598146195806,127.0,64.0,7.0,283.0,528.0,433.0,-0.004686146830531597,0.10653843602849816
2014-04,0.0011417031116649522,0.013647424329273274,0.0059644018036066745,0.04186455140647031,0.05519702774417681,0.09738123009268022,127.0,64.0,7.0,283.0,527.0,433.0,0.05789642666626082,0.030169688689075817
2014-05,0.06530893716771001,0.21782754931543377,0.20646941791235873,0.1346261402927907,0.2198036774651846,0.2537555232161692,127.0,64.0,7.0,283.0,527.0,433.0,0.03952647885954732,0.1301449318340136
2014-06,0.07139960777187819,0.043450174900458605,0.10886853822195827,0.11518041786405825,0.13980531491626236,0.16773176846554172,127.0,64.0,7.0,281.0,526.0,433.0,0.06633306011718908,0.045010140525781776
2014-07,0.023145911976066445,-0.04942263931061238,0.009562578357967522,0.019594626173063474,-0.021052390867662564,-0.07000717427086176,127.0,64.0,7.0,281.0,526.0,431.0,-0.018250263329627477,-0.051592567031012074
2014-08,0.039610289668364315,0.0038341075889701533,-0.10439912452591313,0.04154491100275295,0.027601812265133578,-0.017618279926723667,127.0,64.0,7.0,281.0,525.0,431.0,0.03749439020324717,-0.10158630256187702
2014-09,0.026077372462399294,-0.030916445401177727,-0.11814537803814294,0.056837982127930925,0.033875039097537626,0.04773617256433189,127.0,64.0,7.0,281.0,525.0,431.0,0.08714454825557394,-0.07666228003207064
2014-10,0.019498824221175198,0.06696010652665436,0.15758494416960167,0.023981976611056947,0.038733160525300764,0.057809067136674594,104.0,47.0,5.0,329.0,531.0,399.0,-0.04117322354813297,0.08595660523702206
2014-11,0.024902261888242485,0.021807506533936868,-0.007490464437525779,0.03852336887374314,0.022925093198522636,0.01908979983735718,104.0,47.0,5.0,329.0,531.0,399.0,0.013772985974989794,-0.025913147681077112
2014-12,-0.009073316653271947,-0.046091003297789604,0.01958117560919427,0.007893863611374981,-0.001320345541791703,0.00845053954742501,104.0,47.0,5.0,329.0,531.0,399.0,0.01686906731962519,0.014605584099258124
2015-01,0.06743954739764589,0.0236002799938573,-0.059292726108021866,0.03229583540018191,0.038616578908778565,0.010725658913538593,104.0,47.0,5.0,326.0,530.0,399.0,0.01663032397967258,-0.07415122499615553
2015-02,0.02195785637630242,-0.009792473911176802,-0.0797863327034804,0.015009735265414837,0.003599894247479006,-0.015554272987653762,104.0,47.0,5.0,319.0,529.0,398.0,0.02355876892119829,-0.06615409866642571
2015-03,-0.01921083108023571,-0.04606497715090191,-0.10783995451689367,0.0016709773568981015,-0.0293404973185501,-0.07648557523343025,104.0,47.0,5.0,315.0,526.0,396.0,0.02298688918431635,-0.08339283801349315
2015-04,-0.0393468524774906,0.007133056005369168,0.024466715459804503,-0.021675413840331784,-0.01200255902465686,-0.002621306514568757,104.0,47.0,5.0,316.0,525.0,396.0,-0.009517399455746825,0.041433837631529066
2015-05,0.042346788470987544,0.014157243691828936,-0.015563432160589618,0.03964969560256672,0.016044045594760824,0.00871788899383217,103.0,46.0,5.0,318.0,525.0,396.0,0.007823676729644284,-0.04442101362015585
2015-06,-0.008081576116385148,-0.0019115773284869985,-0.12461869695038953,-0.02702359947491808,-0.003812342093421699,-0.05083884110845433,103.0,46.0,5.0,317.0,524.0,394.0,0.017645689239489188,-0.07017618123377031
2015-07,0.0243028054170098,0.011386190074436921,0.04820830405975293,0.06344295390275181,0.10385831495324407,0.10231235877664309,103.0,46.0,5.0,316.0,524.0,394.0,0.061905442693813116,0.031387451758317204
2015-08,-0.04319270216097701,-0.10670814413357828,-0.05993803981077916,-0.0611721690443054,-0.08266864599200596,-0.11481382409201132,103.0,46.0,5.0,315.0,522.0,395.0,-0.016271917674329412,-0.03519349634875404
2015-09,-0.00877293794693636,-0.0036757942714466287,0.046755887537127123,0.0038203991484116787,0.009111166849800826,0.026446901602824143,103.0,46.0,5.0,310.0,523.0,395.0,0.0016904374274308378,0.03907766396923798
2015-10,0.004898524182905178,0.03300870104381317,0.06446081857263176,0.02650355624808621,0.04575761443016462,0.056400954611262016,110.0,44.0,12.0,374.0,565.0,414.0,0.008764693830054245,0.04472984637645119
2015-11,-0.020707280241650392,-0.0029808382417456166,0.0058329381041007135,0.021569380324987706,0.046040039033161194,0.0429438408706045,110.0,44.0,12.0,373.0,565.0,413.0,0.042802813536016227,0.02395733944568395
2015-12,0.0067877407099079905,0.005992399454080148,0.003938120533570419,0.02439517119074203,0.03762642586867051,0.002689405826050247,110.0,44.0,12.0,372.0,565.0,413.0,0.01599758072930141,-0.012277692770514676
2016-01,-0.047850700165828465,-0.06696358955882599,-0.15884148170997983,-0.08204582138580062,-0.09335283239504925,-0.11533208906618447,110.0,44.0,12.0,372.0,564.0,413.0,-0.005691657137466687,-0.07213852461226761
2016-02,-0.06441841693887457,-0.09056307696433383,-0.0997056175150115,-0.12779380004568827,-0.1316343833503447,-0.16001418624793307,110.0,44.0,12.0,372.0,563.0,413.0,-0.054918419408582046,-0.033753793389190864
2016-03,0.09467504755218031,0.13628138050096372,0.20378741741938947,0.10934216868150397,0.13473226951399178,0.121764802147431,109.0,44.0,12.0,372.0,563.0,412.0,-0.022968201709868918,0.060767501666568094
2016-04,0.016370120295408956,0.021410799498728515,0.028126038697495834,0.05259718816706929,0.045577048266902745,0.07112989226774742,109.0,44.0,12.0,369.0,562.0,412.0,0.03446572340336205,0.015144311251382504
2016-05,0.03257841074725966,0.007678315820056628,-0.011607973562565491,0.013432881741723246,-0.002548106948874791,-0.04330696752860544,109.0,44.0,12.0,369.0,562.0,412.0,-0.020356981913502593,-0.050463116790076916
2016-06,0.02737165155625999,0.04795464083503673,0.0770465073162919,0.05930119528551048,0.07481113539382767,0.14723012673623007,109.0,44.0,12.0,370.0,561.0,412.0,0.04298988590265986,0.06880189360537575
2016-07,0.04704252867952634,0.07250642751627304,0.07533220171412401,0.03877993916834325,0.04794239356526633,0.0462900024483431,109.0,44.0,12.0,371.0,560.0,409.0,-0.02062294090932357,0.017899868157298764
2016-08,0.012298978810835507,0.03606847616270211,0.0642815211376951,0.023646594755357637,0.041196336976441754,0.009852038050082645,109.0,44.0,12.0,370.0,560.0,409.0,-0.012651335443116892,0.019093992810792302
2016-09,-0.019085302733762053,0.007440786615516367,-0.019517969360193642,0.004735371753471326,0.008739969727850396,-0.006339014280046514,109.0,44.0,12.0,369.0,560.0,409.0,0.01276627089323818,-0.005753526329974714
2016-10,0.0040680098180158305,0.03940553585127362,0.07028379114875537,0.058843128532542574,0.08839271296923093,0.09740153250900586,118.0,55.0,23.0,398.0,630.0,504.0,0.043626679064244854,0.05238709265360141
2016-11,-0.06645301950116138,-0.022241418602649037,0.019877234489963803,-0.08004185560866581,-0.0914181131643097,-0.09432531518356173,118.0,55.0,23.0,398.0,630.0,504.0,-0.06565602678089687,0.03602339720811463
2016-12,-0.013321509546213728,-0.0025441353848205876,-0.061355153258055975,-0.013348626752418581,-0.014245978755379226,-0.0258606301280567,118.0,55.0,23.0,398.0,629.0,504.0,0.007921854184411927,-0.030272823543740182
2017-01,0.03747568929281062,0.07971720827287027,0.13067326273145138,0.06128044884922187,0.0773924671556962,0.10603335286433119,118.0,55.0,23.0,398.0,628.0,504.0,-0.0010532971426276728,0.06897523872687504
2017-02,0.04166034047348866,0.04821238626362412,0.04697716823287618,0.052051061545275876,0.04739313608578734,0.08221521316362997,118.0,55.0,23.0,398.0,629.0,504.0,0.014936505274901405,0.017740489688870806
2017-03,0.033782436097119874,0.025217957623259186,0.05348914923854349,0.05370582884007673,0.06638841682243649,0.036004055675630586,118.0,55.0,23.0,398.0,628.0,504.0,0.01453625279307375,0.0010024699884887377
2017-04,0.008321684724514777,0.04209064874715052,0.02848807759251232,0.049408368675469806,0.06659094570677047,0.10846760138344258,118.0,55.0,23.0,394.0,627.0,499.0,0.048522168233835074,0.03961281278798516
2017-05,0.028633924287351873,-0.010553929439613006,-0.0816956040978248,-0.025867669163320676,-0.012428619688240683,-0.07330579930206799,118.0,55.0,22.0,394.0,627.0,499.0,-0.015995492967847805,-0.078883829261962
2017-06,0.0017886669720026845,-0.017374642843445854,-0.022961077782684292,0.018584477567479912,0.022912622449754897,0.011835764172972038,118.0,55.0,22.0,392.0,627.0,497.0,0.030626639281444767,-0.015749229074597425
2017-07,0.04402602238306005,0.07088860748284201,0.08495388004568402,0.028322885693390018,0.05518479601557118,0.07559076041779547,118.0,55.0,22.0,391.0,626.0,496.0,-0.013590022594943137,0.04409786619351472
2017-08,-0.008459083685353974,0.014179557354406732,0.005211059041714627,-0.01051054243084658,-0.0051851039655926,-0.028673491480673264,118.0,54.0,22.0,392.0,626.0,495.0,-0.01843355686262661,-0.0022464031613790405
2017-09,-0.003721572257849037,-0.02702054257347119,-0.022884994416697176,0.013016538226427015,0.004678059123022783,-0.0017481995079515723,118.0,54.0,22.0,391.0,626.0,495.0,0.023191169029838546,-0.016964079946613364
2017-10,0.046803324870107584,0.1095780893641131,0.14806808525357695,0.07665294609833845,0.10947772516245591,0.15815093809711023,113.0,60.0,21.0,419.0,659.0,491.0,0.013277369956702314,0.09138137619112058
2017-11,-0.0005584498338151267,-0.011382383260767417,-0.060082662979505604,0.0460968777287507,0.038960508497648344,0.014211809998557923,113.0,60.0,21.0,419.0,659.0,491.0,0.0570975640996817,-0.04570464043794163
2017-12,0.036927211621006206,0.026963180830266106,0.06681305017369811,0.05811012260631469,0.05970031466943768,0.05358106720716905,113.0,60.0,21.0,419.0,659.0,491.0,0.01356268728598367,0.01267839157677313
2018-01,0.024324809193274382,0.007616609193220959,-0.007724187313368544,-0.02887139130958925,-0.027045044691680203,-0.03579442299813209,113.0,60.0,21.0,419.0,658.0,491.0,-0.03864269669084278,-0.01948601409759288
2018-02,-0.03119464927687144,-0.05570999509315376,-0.06663505114916579,-0.022839501723336098,-0.02947323741723019,-0.08689312338961536,113.0,60.0,21.0,419.0,658.0,491.0,0.004777944329669784,-0.04974701176928681
2018-03,-0.02283287531903269,-0.05211078867042727,-0.10611791703777705,-0.050364376046229085,-0.07472581706071321,-0.10993817927840732,113.0,60.0,21.0,419.0,658.0,491.0,-0.017988930452704204,-0.0714294224754613
2018-04,0.07885006388368183,0.04023774538310865,0.05430060101827139,0.06508448751235145,0.10106865308634821,0.06917241750285359,113.0,60.0,21.0,419.0,655.0,489.0,0.020645715938830463,-0.010230766437454152
2018-05,-0.008659407268611254,-0.018269134411454703,-0.06611154444905123,-0.06320232456057465,-0.08227367620535697,-0.06700157781967918,113.0,60.0,21.0,419.0,654.0,488.0,-0.03981249748549787,-0.030625695219772257
2018-06,-0.0009230647277411243,-0.03571908130125452,-0.06306098992077896,-0.05298032094205291,-0.07763201857592612,-0.10755547191167485,113.0,60.0,21.0,419.0,654.0,488.0,-0.04615489182662643,-0.05835653808132989
2018-07,0.04689793465518945,0.08387368573796658,0.029718624251115294,0.02990850901731183,0.017826935484199505,0.0691610120752901,113.0,60.0,21.0,419.0,654.0,488.0,-0.014531262689156629,0.011036596326952058
2018-08,0.03866342956638318,0.05673899737129842,0.04722531959649209,0.041088899085407,0.03674375534287678,0.03409453843244923,113.0,60.0,21.0,419.0,653.0,489.0,-0.010233517891146895,0.0007837646885755674
2018-09,-0.08035729428373195,-0.07195925678043702,-0.1402949646434067,-0.12745500056859516,-0.14762688708083865,-0.1911180362559591,113.0,60.0,21.0,418.0,651.0,488.0,-0.057862802732605745,-0.061800353023519355
2018-10,-0.04451404297026591,-0.06553150844392584,0.0005297845643443998,-0.02975427554967434,-0.013107875733615128,0.07478369441336963,130.0,55.0,22.0,427.0,683.0,540.0,0.04714576999330917,0.07479089874882715
2018-11,0.051750994762419636,0.027059504603685277,-0.039147043961821046,0.014835083871669565,0.0033957881120332137,0.016051884125804515,130.0,55.0,22.0,427.0,682.0,540.0,-0.0017935664315921914,-0.044840619235052864
2018-12,0.0008878491842838064,0.012254972356660192,0.052532902387617236,0.024874494180888173,0.017621957605232576,0.03333992646456802,129.0,55.0,22.0,427.0,683.0,540.0,0.0033868847740425125,0.03005524274350664
2019-01,-0.019531013336950696,0.015295978447058765,-0.056595009531049796,-0.053786172296791314,-0.06916900882360436,-0.08175229385135713,129.0,55.0,22.0,427.0,681.0,540.0,-0.047959143516937024,-0.03251505887433245
2019-02,-0.0018817384050979719,0.00041538391505515986,-0.011844093002120883,-0.009891895804929341,-0.031196268380802233,-0.0707611632157763,129.0,55.0,22.0,427.0,681.0,539.0,-0.032846293303114726,-0.035415811003934934
2019-03,0.05332651868324433,0.09915072118622512,0.13908844940121343,0.0917396100559334,0.11056121490586485,0.10860115132907643,129.0,55.0,22.0,427.0,681.0,539.0,0.006445429006730598,0.05131173599555606
2019-04,0.023321806237816118,-0.011262277160877257,-0.030674683177687116,-0.025777132463409326,-0.027316892289374495,-0.06321703866241855,129.0,55.0,22.0,426.0,681.0,538.0,-0.03256530310481804,-0.045718197807256236
2019-05,0.012077886120898978,-0.0035198788295511914,0.036430840817472596,0.006578026557160361,0.02432624795350177,-0.012518038870050152,129.0,55.0,22.0,425.0,681.0,537.0,-0.008867537489402801,0.0026284446346815527
2019-06,-0.004663950002436374,-0.02884954839823641,0.004931712729536755,-0.05003559717541569,-0.060625220649432814,-0.0494887330264227,129.0,55.0,22.0,426.0,680.0,534.0,-0.04385592172671172,0.005071263440483061
2019-07,-0.045009785897801954,-0.07736807794589133,-0.1310397570711169,-0.1117758970000027,-0.11731830357211437,-0.1280479415077544,129.0,55.0,22.0,425.0,678.0,534.0,-0.03457484038835376,-0.051151007840533315
2019-08,0.009969839377634267,-0.008672362576112182,-0.12731167045192862,0.003791608311781081,-0.032734617119352105,-0.044781371732140036,128.0,55.0,22.0,424.0,679.0,534.0,0.01742993770356516,-0.09292724493674201
2019-09,0.0466645522735336,0.049744183286492126,-0.0006755000337531335,0.05751567152666475,0.043993869167752685,-0.01904514004744984,128.0,55.0,22.0,423.0,678.0,533.0,-0.0044229449597683315,-0.06195043194070066
2019-10,0.035258295289498386,0.07885150619514973,0.04011080228273121,0.026179794194147656,0.004990380996413861,0.034072219383661555,151.0,51.0,17.0,396.0,673.0,534.0,-0.029659403064385418,0.0063724660913733605
2019-11,-0.010058568231687878,0.032919582792590635,0.0736893973632493,0.002525640920899779,-0.01861099649917143,-0.009617875816944883,150.0,51.0,17.0,396.0,672.0,534.0,-0.040751214439789525,0.035802224428546255
2019-12,0.0055666290324921834,-0.0057326392131341955,0.011471995840115193,0.005390242131189354,0.0029414678791082577,-0.03700425248099961,150.0,51.0,17.0,396.0,671.0,533.0,-0.013326176043391725,-0.018244563902282976
2020-01,0.01018810024003656,-0.03506763512623572,-0.05953600553103138,0.06975555134471605,0.0573535230515371,0.023049557797100544,150.0,51.0,17.0,396.0,671.0,533.0,0.07819139087019474,-0.058215049659341725
2020-02,-0.0464096529821468,-0.07254929247443055,-0.16417571440315074,-0.05855896284288375,-0.10763031406751956,-0.143336511306713,150.0,51.0,17.0,396.0,671.0,533.0,-0.008797042785796072,-0.10127180494241658
2020-03,-0.20277890018659578,-0.23705951011006296,-0.29263879151721195,-0.3081599748700645,-0.34013563670722413,-0.28985955816143105,150.0,51.0,17.0,395.0,670.0,533.0,-0.06855932264161634,-0.03577973731099135
2020-04,0.11413844149746581,0.19212519192486271,0.14165507595394572,0.14370932138787665,0.18508808962107115,0.19028493075766237,150.0,49.0,17.0,395.0,670.0,529.0,0.02372121079677864,0.037046121913132814
2020-05,-0.019825301196070174,-0.010054134495840712,-0.022934283932019447,-0.015728361284042484,-0.01788337717341399,-0.07084694791214508,149.0,49.0,17.0,395.0,670.0,529.0,-0.01721498891522374,-0.029113784682025932
2020-06,0.06852808338337571,0.10993534233973992,0.1987892853392289,0.12607684539745384,0.20299320312085564,0.3054451484503573,149.0,49.0,17.0,394.0,670.0,526.0,0.0857541619687741,0.15481475250437832
2020-07,0.0579869930704462,0.08912930688968347,0.009764406827655432,0.05807769053529927,0.061688347540689636,-0.00939845085539609,149.0,49.0,17.0,394.0,668.0,526.0,-0.015504373189064094,-0.05784936381674306
2020-08,0.02780999223450774,0.031025069971948833,0.10703972074012144,0.11262040865717587,0.11502767375645152,0.11358691857351402,149.0,49.0,17.0,394.0,668.0,526.0,0.058453406013521135,0.040098119210975926
2020-09,0.011711612707648924,-0.022616712406679732,-0.09068308958918007,0.03257187562896337,0.02495246104631167,-0.04908653075307625,149.0,49.0,17.0,393.0,667.0,525.0,0.03667533173680323,-0.0920265543394343
2020-10,0.02324357948657306,0.03860883879944921,-0.04022178361017424,-0.014810792976127429,-0.005069145279348206,-0.0008504861105813715,146.0,40.0,12.0,355.0,651.0,512.0,-0.014120353013968348,-0.024752528115600622
2020-11,0.08787993831054049,0.1866685771032403,0.26111219250494383,0.11918210084509451,0.1335959139750042,0.1465695226546158,145.0,40.0,12.0,355.0,651.0,511.0,-0.0454377234813367,0.10030983800196233
2020-12,0.07603239311230481,0.060849514810627676,0.1635505351803878,0.059265347285475604,0.09690687401509612,0.13734382192576247,145.0,40.0,12.0,355.0,651.0,510.0,-0.002305466625662033,0.08279830835418493
2021-01,-0.020395680775411134,0.01982677225010117,-0.03660927969221489,0.003974491622250051,0.0025042202070752265,-0.003615273350281433,145.0,40.0,12.0,355.0,651.0,510.0,0.013347208898856234,-0.011901681944667621
2021-02,0.05123597317621284,0.1850514932153184,0.29016314575882374,0.11083367791720419,0.12115504174165581,0.19191410121531702,145.0,40.0,12.0,355.0,650.0,510.0,-0.03418259709205932,0.16000379794036185
2021-03,0.02449381386270726,-0.0012230538255412367,-0.019821268894895435,0.01824253874829034,-0.0006812520176584653,-0.036541295539533836,145.0,40.0,12.0,355.0,650.0,510.0,-0.007476499983724183,-0.04954945852271343
2021-04,-0.0012406726881358926,0.009005049016521131,0.12259470290542049,0.04404931051426941,0.052135976141021084,0.0505541297579472,145.0,40.0,12.0,355.0,651.0,510.0,0.005460112393143993,0.06517009741861708
2021-05,0.06913517391639673,0.08906332176637362,0.07793714947655886,0.08163886480181151,0.12475774111192363,0.1533656742758618,145.0,40.0,12.0,354.0,650.0,510.0,0.04120887834342258,0.040264392517106215
2021-06,0.018078939217473732,0.021356027386419316,0.01387949274528012,0.050942470516042185,0.09003472581179336,0.1128033068093834,145.0,40.0,12.0,354.0,649.0,510.0,0.06682201459601526,0.0288306949105738
2021-07,0.004848307939944517,-0.001992929104317126,0.0779837410434772,0.05393436164901566,0.10195875632310211,0.07034214860746119,145.0,40.0,12.0,354.0,649.0,510.0,0.04846538223349145,0.044771610030989104
2021-08,0.09622639445786024,0.002045499705235299,-0.011086261752679672,-0.012897692616198742,-0.04123688102535521,-0.0716515333085236,145.0,40.0,12.0,354.0,649.0,510.0,-0.07099057978683114,-0.08303324845143238
2021-09,0.030203810218517674,0.07216894549819436,0.02705923845330094,0.05101566774649782,0.07997155649793009,0.09947300826443062,145.0,40.0,12.0,354.0,648.0,508.0,0.03367607944628185,0.02265638437635803
2021-10,-0.006318784076428958,0.013798962905917443,0.025534717894364043,0.005138044103974937,-0.0014740206260351132,0.00484513120730491,144.0,31.0,14.0,411.0,708.0,484.0,-0.008168580679535931,0.015780294537061486
2021-11,-0.01726623667404017,-0.07143248155082807,-0.05503362249247032,0.008615910112445946,-0.0340001681524743,-0.04171576023119688,144.0,31.0,14.0,411.0,708.0,483.0,0.02554410748203777,-0.04404952808103649
2021-12,0.025187486944713615,0.03227875952816774,-0.013084151587891106,0.04936797668577282,0.04448893376542492,0.04520568222892527,144.0,31.0,14.0,411.0,708.0,483.0,0.031560165931710925,-0.021216966494726135
2022-01,-0.016875429719675785,0.048314911427634895,0.133762592902584,-0.0039081983491499155,0.03927095575717709,0.0478235429674701,144.0,31.0,14.0,410.0,708.0,483.0,-0.027338591411681944,0.1011848819694399
2022-02,-0.03099315343656419,-0.025446657971602126,-0.06475258684544587,-0.0778692931034822,-0.09533915908119503,-0.10328667880142817,144.0,31.0,14.0,410.0,707.0,482.0,-0.051767577577497746,-0.02958840955341382
2022-03,0.04257518210394847,0.04626762736130259,0.021418330283900475,0.0475495589158318,0.05541820080446343,0.0614081601269336,144.0,31.0,14.0,410.0,707.0,482.0,0.01803826003269243,-0.0036491253044730974
2022-04,0.004732160477919139,0.001241480720502303,0.03936277887630542,0.018324586837350124,0.041743152535806176,0.06485900985908731,144.0,31.0,14.0,410.0,707.0,481.0,0.02653010971917225,0.04058252071006173
2022-05,-0.04485011738523435,-0.0928729744431411,-0.05713579912540606,-0.06374587816708356,-0.09156998876557496,-0.09417941184803917,144.0,31.0,14.0,410.0,707.0,481.0,-0.018212129275638724,-0.02135960771056366
2022-06,-0.044150661209066584,-0.08566745285545194,-0.04057930197994976,-0.03834720335671339,-0.06395265376202164,-0.06958838831573029,144.0,31.0,14.0,410.0,705.0,481.0,-0.0004969431299990135,-0.013834912864950036
2022-07,0.10004862462541313,0.14029379882073814,0.027610172380289743,0.07683802598574907,0.09712530438682952,0.10966001167384828,144.0,31.0,14.0,410.0,703.0,481.0,0.005223582073328621,-0.019808233278512083
2022-08,0.05125061289406985,0.057114112306884485,0.0756032762382305,0.05408117742427022,0.07805114982773448,0.09356350280088797,144.0,31.0,14.0,410.0,703.0,481.0,0.013909276204569278,0.03191749436038921
2022-09,-0.035899979842057415,-0.028461561092006742,-0.04812754434167504,-0.0008089129020882109,-0.007958381296691611,-0.0033806007612897115,144.0,31.0,14.0,410.0,703.0,481.0,0.03344706343855655,-0.007399626179409561
2022-10,0.023691363882313948,0.059723184004051,0.09589556871475727,0.0050619293538810145,0.026959891328338557,0.04831533321637438,145.0,55.0,22.0,474.0,794.0,599.0,-0.03299098756750942,0.05772880434746834
2022-11,0.022682410868670438,0.053111494926147994,0.11348152203689939,0.015477218819342562,0.0407614421517323,0.10104616848187062,145.0,55.0,22.0,474.0,794.0,599.0,-0.010663532792924112,0.0881840304153785
2022-12,-0.044024615789716934,-0.008232623125730868,0.028654059509428256,-0.020013695423770007,-0.007404728440621301,0.04486013370035224,144.0,55.0,22.0,473.0,793.0,598.0,0.013681629747326826,0.06877625221163372
2023-01,-0.05363702770813241,-0.03302854451421356,-0.009026535328590915,-0.010624917178004104,-0.019268729720639276,-0.034468125523515386,144.0,55.0,22.0,473.0,793.0,597.0,0.01044344504292604,0.010383642017015107
2023-02,-0.0489026442836473,-0.025016081925163774,-0.03939319464655025,-0.037291038231355864,-0.04296509293979453,-0.07492910858463915,144.0,55.0,22.0,473.0,791.0,597.0,-0.013957772966809405,-0.014064310358093118
2023-03,0.010029920712141253,0.006136134574894185,0.013493407743553544,-0.020345835447568267,-0.008888296908831354,-0.010000626066885015,144.0,55.0,22.0,472.0,790.0,597.0,-0.022964740484624543,0.006904348206047771
2023-04,0.03704890131176889,0.06415753236083364,0.06931779541209862,0.07425399148375574,0.08695777204877328,0.15469743380058287,144.0,55.0,22.0,471.0,789.0,597.0,0.04846165608280358,0.05635616820857843
2023-05,0.05301980474679965,0.009594499970466566,0.007724080552916775,0.05030635574957421,0.054565297098016864,0.03504832386539906,144.0,55.0,22.0,471.0,789.0,596.0,0.02319386381426905,-0.030276878039029013
2023-06,0.029525861573195054,0.053773273815359686,0.06054385837408899,0.07222306021558193,0.08243532933907258,0.0750710945531683,144.0,55.0,22.0,469.0,789.0,596.0,0.028628830115059692,0.016933015569240147
2023-07,0.03136028293542423,0.041619574716023885,0.12674342376883718,0.061697099851032944,0.10133005424700041,0.11130859934196449,144.0,55.0,22.0,470.0,787.0,596.0,0.02487082400657085,0.07249732016217225
2023-08,-0.007059893022785521,-0.020146590532781623,0.01250089242930742,0.03984641660456602,0.07143386367244121,0.09983673005239152,144.0,54.0,22.0,470.0,787.0,595.0,0.07527420048521949,0.03977554944995922
2023-09,0.0178855847585347,0.03235405654297689,0.1294078406376485,0.015115607451369221,0.023372477021405866,0.10720308782900605,144.0,54.0,22.0,469.0,787.0,594.0,-0.011318769879126325,0.10180486812837532
2023-10,-0.022915756378475257,-0.03558325439756845,-0.048561071819178445,-0.012277495195337527,-0.004206547140026642,0.0006078416528687494,168.0,70.0,27.0,540.0,901.0,738.0,0.030394627304242246,-0.006379989296248455
2023-11,0.06732744325114146,0.06517118838079199,0.11740833293429598,0.07482122274615073,0.09272540636859646,0.10401345982964655,168.0,70.0,27.0,539.0,900.0,738.0,0.007217708126054771,0.03963656338332517
2023-12,0.08210229304949683,0.09119632723698945,0.14269559312403524,0.05329133377557011,0.06765912314562927,0.06801894470903307,168.0,70.0,27.0,535.0,894.0,736.0,-0.042341603926763026,0.037660455504000684
2024-01,0.01602860502215068,0.03023990543244841,0.1790335212515622,0.0521000889213776,0.10051562134357966,0.14035517315852164,168.0,70.0,27.0,535.0,894.0,736.0,0.02255628390577254,0.12563000023327778
2024-02,0.019361256276635236,0.033464648524573426,0.015526820818249899,0.001617358457111736,-0.012454530625943915,0.000212108968621267,168.0,70.0,27.0,534.0,892.0,735.0,-0.026325929606556487,-0.0026198424734379033
2024-03,0.008139421247959328,0.011116200843810592,0.01456466394607451,-0.05147387223096797,-0.06127991262541171,-0.06524656609040914,168.0,70.0,27.0,535.0,891.0,736.0,-0.07060687899487776,-0.003673725580662995
2024-04,0.017846874150162412,0.058796199674058275,0.08234067174932769,0.09000727050733533,0.13814001292170197,0.1316758773646998,168.0,70.0,27.0,534.0,891.0,736.0,0.06694647174006291,0.05308120222826487
2024-05,0.028135415798254678,0.00989417237232229,-0.0074329919334830755,-0.020661724932350082,-0.0066597323685157125,-0.04091652580961465,168.0,70.0,27.0,535.0,891.0,736.0,-0.03294485978252478,-0.02791160430450116
2024-06,0.058927493300791514,0.07297273865766832,0.023283381052420494,0.11159329665388647,0.1085340692100849,0.08896294198670217,168.0,70.0,27.0,535.0,890.0,735.0,0.05130223161326441,-0.02913723345777766
2024-07,0.05501684689600175,0.019389621241967372,0.08652584690984297,0.052593331877891336,0.08306551448282389,0.07248510397157172,168.0,70.0,27.0,534.0,890.0,735.0,0.015737211761491617,0.0257003860537608
2024-08,0.008719925121935031,-0.0032552237022716373,-0.028954278309745587,0.014957368089380123,0.027174569869156447,0.011764769992267828,168.0,70.0,27.0,534.0,889.0,735.0,0.02579542828029553,-0.020433400764396457
2024-09,0.021402104144393502,0.02340555554469082,-0.041017866456766,0.018856297622540447,0.013572917243536917,0.017264676050625965,168.0,70.0,27.0,534.0,888.0,735.0,0.015301365894795005,-0.03200579608653699
2024-10,-0.07362086706964668,-0.06015197379719136,-0.09100955464061927,-0.027355314642482007,-0.04477423822685094,-0.05428867733124717,176.0,87.0,23.0,598.0,962.0,798.0,0.0327880551022924,-0.022161025129868873
2024-11,-0.004248888023582826,-0.0022380051136492293,-0.0061548349074291835,0.007927242098588753,-0.0005981652156880806,0.018383075326434975,176.0,87.0,23.0,597.0,960.0,798.0,0.012784626751332295,0.004274943171999932
2024-12,-0.013304532272290602,-0.02445581767775368,-0.03659273906698009,0.0013827627774111461,-0.00383267489500903,-0.010964054140235043,176.0,87.0,23.0,597.0,959.0,798.0,0.02031304091973048,-0.01781751185616784
2025-01,-0.029465780141928143,-0.026265992340554642,-0.016978205538854572,-0.09331713855781738,-0.09500209912499268,-0.0694464312176658,176.0,87.0,23.0,597.0,959.0,796.0,-0.06168523029304617,0.018179140971612575
2025-02,-0.09534544737144358,-0.0660585347119358,-0.09682530121322781,-0.15671251462376787,-0.13922937460012286,-0.15042839484040318,176.0,87.0,23.0,597.0,959.0,796.0,-0.06271366692256224,0.0024021329707902273
2025-03,0.06998147317687761,0.0847142913344825,0.11533339834770212,0.07130950264055415,0.07465101852771407,0.07183707686963393,176.0,87.0,23.0,597.0,959.0,796.0,-0.01741052160705336,0.022939749699952147
2025-04,0.01918802937725108,0.03928335551016752,0.014440920268770802,0.011727564886894214,0.010072935715771959,0.042981091572873026,175.0,87.0,22.0,597.0,956.0,794.0,-0.0027102376602167327,0.013253208788749266
2025-05,0.04404553606830119,0.01568655171238219,0.06203882776190115,0.11375379115724711,0.10267765422623387,0.09606186440902365,175.0,87.0,22.0,597.0,954.0,793.0,0.06357413141664005,0.00015068247268824886
2025-06,0.03162620614959342,0.039945313947645104,0.03940654627792206,0.02647072403126391,0.048220343772138866,0.06317113799324386,175.0,87.0,22.0,597.0,955.0,793.0,0.008961379807162018,0.0222403770451543
2025-07,-0.03519237025397655,-0.02834666305651185,-0.027969796621724375,-0.014184896114937666,-0.01502499096549464,-0.02379909023518337,175.0,87.0,22.0,597.0,954.0,792.0,0.012833284205532364,-0.0011958102439967658
2025-08,-0.003961116705477941,-0.02845802235443772,-0.026448546058354214,-0.024034472653840188,-0.0483708664652423,-0.03974372833026884,175.0,87.0,22.0,597.0,954.0,792.0,-0.01776046077702715,-0.019098342514652464
2025-09,0.006804794701581179,0.028963384227272036,0.09004996292214722,0.00780913282616354,0.005797880933801716,0.01632118810704307,175.0,87.0,22.0,597.0,954.0,791.0,-0.031963313327997366,0.04587861175072278
2025-10,0.03127934746181189,0.04929972659002817,0.07114508261219724,0.022218210165936576,0.02682860819217336,0.033380158480297906,214.0,89.0,25.0,679.0,1068.0,879.0,-0.023099059941876485,0.025513841732373338
2025-11,0.002285496814197666,0.017189667339932144,0.0034202209095627227,-0.038567771068113335,-0.04460665751117599,-0.03596878127437431,214.0,89.0,25.0,679.0,1067.0,879.0,-0.047346198305785396,0.0018668569445520393
2025-12,-0.007162116144175491,0.009809543995961853,0.00991294560745965,-0.02054548100951792,-0.00784323443634881,-0.022357355455791393,214.0,89.0,25.0,678.0,1066.0,879.0,-0.021102148120301378,0.007631593652680832
2026-01,-0.03559338649155492,-0.029703867963914138,0.04384186264156434,-0.07376380579469997,-0.06616984155997412,-0.046467594895606486,214.0,89.0,25.0,672.0,1056.0,874.0,-0.05498195014545862,0.053365730016106366
2026-02,-0.004509040231140415,0.02163210792997352,0.060593278541781925,0.00657307832269293,0.007348562057378422,0.003595748399086058,214.0,89.0,25.0,672.0,1055.0,874.0,-0.020066319153819206,0.031062494424657736
2026-03,-0.10442482837779976,-0.11974409843348867,-0.15367838894155406,-0.11855419826850085,-0.12021032219491577,-0.13181650828673622,214.0,89.0,25.0,672.0,1054.0,873.0,0.002422095667563217,-0.03125793529099483
