,Month,BA,BC,BN,SA,SC,SN,CMA
0,2003-10-31,0.06445549960908525,0.18544196682361008,0.07311312381278384,0.05287721660507242,0.04328171391747037,0.040289806432794006,0.055695482263461396
1,2003-11-30,0.025702977296852024,0.03489572970154953,0.04534264908604155,0.10863880597032528,0.15145386574355657,0.11866772749396061,0.0260039060889644
2,2003-12-31,0.1952325904710579,0.1750514039118962,0.20245306457728715,0.26308765595224226,0.1718124470104633,0.23804260674137415,-0.05572819775047033
3,2004-01-31,-0.03604037246568091,-0.018803484755142232,-0.014800325250462855,-0.09766030868921488,-0.14905711983805864,-0.10736990931565481,-0.017079961719152534
4,2004-02-29,-0.007807597386594471,0.03595408859846472,-0.0032004589903744146,-0.01649954282260217,-0.07329015673372162,-0.04486323597016524,-0.006514463963030131
5,2004-03-31,0.03447851519185416,-0.04687670075570151,0.039098125905456166,-0.03214597180471415,-0.05372399418415522,-0.015426166321866745,-0.05146661916349837
6,2004-04-30,0.028253347411872298,-0.0073507459326436955,0.029154957020594004,0.058539144217924714,0.09280747333462804,0.08351127936081136,-0.0006678821139063373
7,2004-05-31,-0.16965065411684074,-0.19107971356458037,-0.26440906253271335,-0.1519432109966175,-0.16045199580809547,-0.14961185021194384,-0.01496892212960882
8,2004-06-30,0.01533599186464957,0.04203096156883605,0.053287753464633596,0.0147559873556773,-0.0014418627423493583,0.007941427457520573,0.005248559803079913
9,2004-07-31,0.09140523686255611,0.15457961182541075,0.07570091601383808,0.08465739907269836,0.10895085512340592,0.08563653237867444,0.0437339155067811
10,2004-08-31,-0.0014330776159403977,0.01607727239285415,0.02353700100515192,0.07670480614449225,0.1134640887150066,0.08298047961998682,0.027134816289654445
11,2004-09-30,0.07949967931388953,0.06448698474547956,0.07189229055190875,0.09513426506637773,0.06618588439804608,0.07167074898748724,-0.021980537618370793
12,2004-10-31,0.029837324750980908,0.04111868660606955,0.0026641292344152796,0.028357668643788674,0.013311182809886527,0.028791047757699518,-0.0018825619894067488
13,2004-11-30,0.10754304848041107,0.09073123802021872,0.08591118406070034,0.12042294624894512,0.14281891788466225,0.1424117934574945,0.0027920805877623966
14,2004-12-31,0.04518336372032596,0.1719611510128829,0.10728420396105263,0.12856879330785254,0.14324886918302066,0.12160697032652461,0.07072893158386252
15,2005-01-31,-0.020379192125718096,0.019507294306965486,-0.025094970823151607,-0.016012325146467134,-0.005527183038082044,-0.015043281386681519,0.025185814270534335
16,2005-02-28,0.03076204276307379,0.025634726027127172,0.042308766400142014,0.031494367869007785,0.10743515664872855,0.039535136433251516,0.03540673602188708
17,2005-03-31,-0.009633801937324445,-0.05043214737819157,-0.05666983169037058,-0.004674798900342223,-0.008207083135819691,-0.014709109697746383,-0.0221653148381723
18,2005-04-30,-0.04955615452084518,-0.03740680100345822,-0.051747592398102275,0.012828207827175137,0.016124197929013418,0.026313972664854732,0.007722671809612619
19,2005-05-31,0.11013410707061243,0.06305740553303424,0.0695127563343317,0.08168841996824615,0.10670067233319436,0.10293258952959676,-0.01103222458631499
20,2005-06-30,0.06927496296350821,0.034748600900119365,0.04268500642118697,-0.0060615200612037,0.03205581250742998,8.978300771987127e-05,0.0017954852526224155
21,2005-07-31,0.01335861573120906,0.148544582012052,0.10065872282714415,0.09743854439091224,0.1307508986883192,0.11338832997852132,0.08424916028912498
22,2005-08-31,0.03370670218136796,0.10754247640350154,0.021288480350939925,0.133427750321254,0.1385264785746531,0.129727879547306,0.03946725123776634
23,2005-09-30,0.08377274351763742,0.05944521936019445,0.09741302129018826,0.02142198494727281,-0.02509266157669738,0.021786568881891212,-0.03542108534070658
24,2005-10-31,-0.08950964094830244,-0.125947930011628,-0.0814850458694262,-0.120005399045141,-0.13958411359376763,-0.09779516721553992,-0.028008501805976083
25,2005-11-30,0.1189934012479091,0.13548588086400365,0.11542156543676024,0.09990439029818773,0.12915574799566618,0.12334739730489423,0.022871918656786477
26,2005-12-31,0.08552115869792155,0.07342269168122491,0.04592622605621749,0.0691056360729146,0.03695045772220106,0.06253565497394459,-0.022126822683705097
27,2006-01-31,0.07853370296017757,0.08616210011466843,0.06777633055757214,0.03989683112460423,0.06648062213955264,0.046591209100818855,0.017106094084719636
28,2006-02-28,0.015510510229521421,0.04343967283122943,0.041312337997867224,-0.0065368346570392945,-0.005929301209353683,0.0011430990990885896,0.01426834802469681
29,2006-03-31,0.10792047425206729,0.13434538889639433,0.11172413880753655,0.07759590491317599,0.06927751296671787,0.06752283949927794,0.009053261348934472
30,2006-04-30,0.06233989745816945,0.09455952932523812,0.0843477249438521,0.07012945339692356,0.13141897848188333,0.07475767891210525,0.04675457847601422
31,2006-05-31,-0.12859859854616482,-0.1408286767730819,-0.14576865544390655,-0.12974248133319002,-0.1532619399166247,-0.1285545059512671,-0.017874768405175878
32,2006-06-30,-0.0134570579842812,-0.038194705700120735,-0.0180812492656185,-0.14752847499331928,-0.16923831248101306,-0.14542847653874766,-0.023223742601766656
33,2006-07-31,0.02245732470731604,-0.03342121115059916,-0.019607770432444868,-0.03132656063487429,-0.043657576511302504,-0.025170946447591994,-0.0341047758671717
34,2006-08-31,0.07187630366330004,0.08762478067236888,0.11543524470556378,0.1205007401047537,0.13498359425242884,0.11672853611319219,0.01511566557837199
35,2006-09-30,0.05589255756021908,0.057087004399713745,0.08015274273265607,0.06719629192217581,0.07925644315164158,0.06279892952935094,0.0066272990344802135
36,2006-10-31,0.08575353712438928,-0.03248433109560735,0.03279940886326927,0.059764577798256696,0.029328489323893238,0.02313152053188741,-0.07433697834718005
37,2006-11-30,0.08824519542973679,0.057238599340527656,0.02867902216027825,0.04721900608875118,0.006859731590797448,0.018398845285239072,-0.035682935293581436
38,2006-12-31,0.014075394743679536,0.004344662082571519,0.004028836405262996,0.033746903481601316,0.028290384898722973,0.0177822450591094,-0.007593625621993179
39,2007-01-31,0.04434995516868793,-0.007965510413927632,0.03695350132067937,0.05517413574201543,0.09191616707248731,0.040057095142853195,-0.007786717126071839
40,2007-02-28,-0.07889620665848762,-0.12251019403581154,-0.0743643018091274,-0.08891709891603017,-0.10323120832534444,-0.09740281137930644,-0.028964048393319092
41,2007-03-31,0.016955891573898235,0.026645836753559644,0.024124295916699904,-0.027863190984883095,-0.05521544235820872,-0.04543903405355688,-0.00883115309683211
42,2007-04-30,0.06280777712818214,0.05065355145242806,0.08162560607575868,0.0618355953038758,0.07752854004952975,0.053878993980537436,0.0017693595349499297
43,2007-05-31,0.04446149988545668,0.05022417300670251,0.06306249727642183,0.05679759021456459,0.04897280947953045,0.05389194125351449,-0.0010310538068941527
44,2007-06-30,0.010557100100919007,0.036985885093432175,0.005265771662717482,0.03977830068655578,0.03377541024835478,0.039832431360480536,0.010212947277156086
45,2007-07-31,0.03469879737748958,0.05453190022310179,0.06254020677512091,0.022435491971768973,0.0278795255414881,0.02252429716012525,0.012638568207665669
46,2007-08-31,-0.022374033992716348,0.0181320236981071,-0.00809975143980697,-0.022397918626376894,-0.005522032569014485,-0.018754022198795753,0.028690971874092926
47,2007-09-30,0.11630387273975179,0.1540137472661844,0.1548511276119822,0.08834660126946471,0.1645103863878362,0.08769395050254507,0.05693682982240203
48,2007-10-31,0.19052773502394602,0.17828099196814454,0.1628069706419277,0.05325265267442702,0.05056362387299146,0.061915505772806925,-0.007467885928618523
49,2007-11-30,-0.05382886359437689,-0.015464617630476749,0.027272161880369416,0.07283046281365675,0.08059447378758502,0.0510591285493275,0.023064128468914206
50,2007-12-31,0.1296650172480735,0.08395576932363501,0.0802650057062778,0.2016101827234035,0.2543008652863859,0.1770230712993151,0.0034907173192719465
51,2008-01-31,-0.18015992456926955,-0.24656575946071319,-0.1620835364659096,-0.22058161341166815,-0.28033633918592443,-0.22765731598336866,-0.06308028033284996
52,2008-02-29,-0.0313859955747381,0.045119596325520823,0.0205811834386504,-0.03276219777302486,-0.03490375130954904,-0.025545471311447198,0.037182019181867365
53,2008-03-31,-0.12331835240318996,-0.11160260434189576,-0.11464525207130884,-0.1773271462925272,-0.10234648735378746,-0.17508585978391494,0.043348203500016974
54,2008-04-30,0.16045700717703393,0.10478031070870673,0.09392585090334461,0.09666375106712236,0.14919095123667772,0.10543166126943308,-0.0015747481493859072
55,2008-05-31,-0.0456372950865737,-0.10262703040410814,-0.06483647974716979,-0.06738580098748029,-0.07128938792754545,-0.05575050611711072,-0.03044666112879981
56,2008-06-30,-0.2119941227754108,-0.18957866738109766,-0.17193030646268484,-0.2132572576704716,-0.18485431527549992,-0.17898586505104538,0.02540919889464241
57,2008-07-31,0.060071476746973454,0.13472381196946187,0.09344235474463637,0.027970099786997896,0.04873138682795319,0.025960734970023887,0.04770681113172186
58,2008-08-31,0.02313965934475873,0.0156814422659093,0.00984482810341126,0.01092974425308907,0.0038026025357609117,0.016363913395797635,-0.007292679398088794
59,2008-09-30,-0.18766536695503253,-0.1215729794099352,-0.07411800177743615,-0.19133383554709157,-0.18305573569306954,-0.1741711796311636,0.037185243699559695
60,2008-10-31,-0.2816915932130108,-0.2424804420937944,-0.26332147113785387,-0.4330752733729247,-0.3054785121190978,-0.32010439540032687,0.08340395618652163
61,2008-11-30,-0.06923898345121653,-0.1143332447652363,-0.03955561823230829,-0.15710475397546717,-0.1390438588789267,-0.13728409832630115,-0.013516683108739658
62,2008-12-31,0.10555280055879475,0.3045480465219716,0.09333155169606795,0.1288327153660952,0.11834258601925546,0.10555971907735939,0.09425255830816856
63,2009-01-31,-0.08192866830784451,-0.12368351628066487,-0.009350049086192759,-0.13348890098283345,-0.08998730718025037,-0.08401897347221564,0.0008733729148813485
64,2009-02-28,-0.05616825157437154,-0.00633035209535406,-0.03428606435209753,-0.08503162517158981,-0.07267036597123357,-0.08254256590156081,0.031099579339686864
65,2009-03-31,0.09677399975879812,0.0641593248143568,0.0815072051462273,0.06077907947688959,0.05003416986220353,0.042071465765574294,-0.021679792279563695
66,2009-04-30,0.2080302459662158,0.11563340007705479,0.14696937508055158,0.2218272270809213,0.18468201938340023,0.19011137980560344,-0.06477102679334104
67,2009-05-31,0.3327802321891991,0.3723406533851846,0.34353809675649055,0.5126032949793338,0.40439530021681147,0.41712450041664195,-0.03432378678326842
68,2009-06-30,-0.013091355107384451,0.0639639079377546,-0.03863349426181526,-0.03226200996898072,-0.019531144385672057,-0.044582698233786744,0.04489306431422385
69,2009-07-31,0.11640375081219938,0.05116224636796887,0.07095222667273897,0.07254488066390426,0.09131786311457794,0.0917818317386407,-0.023234260996778416
70,2009-08-31,0.040865748399098664,0.004141856880778314,0.01324730800682474,0.11963621684393241,0.10805467767382733,0.09146963689676829,-0.024152715344212712
71,2009-09-30,0.0767032398976211,0.12462509678704906,0.07922164632201321,0.07240017220784292,0.10348639422255869,0.08459871886107423,0.03950403945207187
72,2009-10-31,-0.10527042077737636,-0.024297262730538456,-0.055325008833669746,-0.07652279024059691,-0.07596820799216628,-0.054014534966813785,0.040763870147634274
73,2009-11-30,0.10712414580345427,0.05391971039263422,0.06480453953854035,0.04745426597049692,0.07340977713638054,0.07457920067281956,-0.013624462122468206
74,2009-12-31,0.034297348960535434,0.038874669235239745,0.04358442836844885,0.08485088572226261,0.08323256288817323,0.08196439447788625,0.0014794987203074622
75,2010-01-31,-0.03673450045068123,-0.02918091507154004,-0.03474810109439411,-0.009486409280614292,-0.022315150548321023,-0.01657046437922214,-0.0026375779442827686
76,2010-02-28,-0.010971232930270537,-0.02887349975838662,0.00018822335892305526,-0.03718073352697577,-0.026595005699849662,-0.012627182346894684,-0.003658269500494988
77,2010-03-31,0.01838467735022348,0.02702852131468317,0.05902211475811273,0.0511856764409986,0.04671832381269152,0.06547201895116601,0.002088245668076305
78,2010-04-30,0.0037993931486790225,0.007027344721116321,0.01254101073248222,0.04582391623474333,0.0730729057572595,0.06737455199001838,0.015238470547476735
79,2010-05-31,-0.07481434823313228,0.012140089109531346,-0.023730160632945144,-0.08571623033327669,-0.07340857299301075,-0.05578744141749448,0.04963104734146478
80,2010-06-30,0.03828238429299241,0.06318208839105119,0.04652506404385756,0.06531555828885732,0.07413872220133895,0.06136398945513955,0.01686143400527021
81,2010-07-31,0.055579589294771456,-0.0073288569533663,0.010343279504954063,0.020218689625235424,0.04489119233443218,0.02865111412805813,-0.019117971769470495
82,2010-08-31,-0.029804591409716006,0.01416987373718871,0.019423669619833748,0.005917739552515921,0.02188232751031731,0.018101918509466935,0.029969526552353055
83,2010-09-30,0.1028777140210687,0.07514006453400218,0.09248188201196193,0.06863547422250992,0.07562071141115766,0.06720598143870202,-0.01037620614920938
84,2010-10-31,0.012094689108915641,0.017506431306492883,-0.014858743535192552,0.015346576722961018,0.04336547608620987,0.013149402651184002,0.01671532078041305
85,2010-11-30,-0.04559825161103394,-0.055185503659558634,-0.04722867951913542,-0.09865908714610602,-0.08430093947146097,-0.0811000681887178,0.0023854478130601875
86,2010-12-31,0.03117171327365105,-0.004770780537650761,0.03604745040238519,-0.001915348980985823,0.010551867994979909,0.0211080282574928,-0.011737638417668039
87,2011-01-31,-0.09499411743088156,-0.13004802163172113,-0.08930805099440432,-0.13068885721656795,-0.12630616077780632,-0.12260044391558832,-0.015335603881038967
88,2011-02-28,-0.03417451145129915,-0.022010010569634704,-0.0468962399449728,-0.08009739173284497,-0.07774841523585435,-0.0739580724215291,0.007256738689327538
89,2011-03-31,0.08236005655812655,0.10368618141969281,0.08062266583833047,0.04453207220030877,0.08487329068300264,0.057270025991447704,0.03083367167213008
90,2011-04-30,-0.021086331971127338,-0.004098370529856641,0.027680851440781036,0.05594731917900917,0.05605036293784589,0.051233671815865384,0.008545502600053708
91,2011-05-31,-0.026986142915089367,-0.011324321447584114,-0.028345067852641345,-0.05696819149835903,-0.04666410182500873,-0.04908011053657926,0.012982955570427775
92,2011-06-30,0.008252741113252188,0.02782244413345453,0.002000559595612744,-0.014406730115979531,-0.018970340300771854,-0.020429734677117034,0.00750304641770501
93,2011-07-31,-0.030647846614295336,-0.06696905012034753,-0.004226124242104752,0.013284607816214515,0.01644073915808281,0.026609866483008473,-0.01658253608209195
94,2011-08-31,-0.09277993566289014,-0.11409862977283938,-0.0591950266067472,-0.12859951914246737,-0.11903561919578906,-0.10615661747538126,-0.005877397081635469
95,2011-09-30,-0.008963169181609143,-0.010633171258457736,-0.00944706370854594,-0.01833926978132458,-0.010075056021572633,-0.015147800737591938,0.0032971058414516773
96,2011-10-31,0.05692824030246581,0.06209984855680705,0.04955149200658538,0.009887451955887286,0.022675063965444185,0.015712764288833055,0.008979610131949069
97,2011-11-30,-0.1157317808146068,-0.11762112544541789,-0.07478064829711101,-0.15987401248413902,-0.12732338217960545,-0.12477575794168311,0.015330642836861225
98,2011-12-31,-0.0820714359810593,-0.07776108182896745,-0.03633378110892985,-0.09927923859158187,-0.12998376706711953,-0.1002617543383532,-0.013197087161722895
99,2012-01-31,0.17670275010005917,0.21623597446453754,0.10902129018795786,0.14948582078386788,0.1650724390113357,0.14855597724083638,0.027559921295973094
100,2012-02-29,0.059576826450726705,0.04372501050148533,0.0471132105507814,0.06679176655106493,0.04779991112769269,0.07208363828739808,-0.017421835686306814
101,2012-03-31,-0.02544244036475745,-0.04251177701365441,-0.01854048115607335,-0.03845747468562495,-0.03841209364735846,-0.021105185730029147,-0.008511977805315235
102,2012-04-30,0.004306220081211057,-0.006381891813844056,-0.01619198801175153,-0.00912594853400799,0.008549716865354795,-2.5421755720375878e-05,0.0034937767521538363
103,2012-05-31,-0.07822972389599112,-0.06677412927777382,-0.04912354408596093,-0.09325230353513851,-0.07417527364507262,-0.06908037110971862,0.015266312254141587
104,2012-06-30,0.07437859257181954,0.045678263869152226,0.06511147861918334,0.05016969264613284,0.04190790662980162,0.03174916280901406,-0.018481057359499273
105,2012-07-31,-0.017432689019867265,0.018469157168526363,-0.014592483283830837,-0.016328572233906487,-0.017430919124627874,-0.02141406802890129,0.017399749648836123
106,2012-08-31,-0.009159650094404203,-0.00038912655950879433,0.005537193182105514,-0.030295711065341555,-0.008781680448538921,-0.008165609036639052,0.015142277075849022
107,2012-09-30,0.11647966318516596,0.09763069895845483,0.0655476742829873,0.10330386178630975,0.077743736558433,0.08789744517405787,-0.02220454472729394
108,2012-10-31,-0.014988061778931439,-0.013817343277915376,-0.010958792230362512,-0.02110746059007918,-0.017811127761993714,-0.00676369689790142,0.002233525664550765
109,2012-11-30,0.07073415351917431,0.04878019190393073,0.03048193887533945,0.035481989415534765,0.039099968423093504,0.03234888181380839,-0.009167991303842424
110,2012-12-31,0.027433904167607732,0.021980872040657337,0.011903155122765444,0.009659296804996447,0.02002669956894085,0.02239659024258279,0.0024571853184970037
111,2013-01-31,0.0018619349966972963,0.031476401786919156,0.026402720215964435,-0.029046112200109456,-0.021522207989244757,-0.034446297125943826,0.01856918550054328
112,2013-02-28,-0.08409337532385347,-0.07293363714372679,-0.056215222083844774,-0.11501477543237124,-0.12519768476963505,-0.10929101850800053,0.000488414421431424
113,2013-03-31,-0.04284873293615783,-0.012111321950432487,-0.006246920473173663,-0.06927069395510953,-0.06490814371856098,-0.05627118547837068,0.017549980611136946
114,2013-04-30,0.050837420610884455,0.06449679958241367,0.035432294149830915,0.026338321540598005,0.04738444794916197,0.03314762900816483,0.01735275269004659
115,2013-05-31,-0.004450430734085791,-0.027414383805042117,0.010384023917534737,-0.005752857786843157,-0.01714467167573676,-0.021897131296456245,-0.017177883479924966
116,2013-06-30,-0.07068272562192644,-0.008153918587933646,-0.031145461286314187,-0.09040504468245848,-0.06299149736668155,-0.06557800040965087,0.044971177174884865
117,2013-07-31,-0.0360912014358441,0.003655235746452915,-0.017457195832921234,-0.07689559021081203,-0.07590517762697996,-0.08478128204030172,0.020368424883064548
118,2013-08-31,-0.0575505123838552,-0.024521891578545604,-0.02900290887127761,-0.024848363721986216,-0.05263619730453912,-0.044877817159465566,0.0026203936113783424
119,2013-09-30,0.07766597303120758,0.06190400430690092,0.046326438354035306,0.03942945478171708,0.05540513329005381,0.03944886219038865,0.00010685489201503473
120,2013-10-31,0.0994128809283661,0.07785298692178771,0.07087463799320431,0.08553916345004339,0.07797166789098055,0.07525027763759568,-0.01456369478282063
121,2013-11-30,-0.015367227871487685,-0.012053971418649842,-0.009472445537500927,0.0330814319477457,0.05764523989009725,0.030558441039022013,0.013938532197594694
122,2013-12-31,0.03806617086840156,0.0346436476105142,0.027426160762041074,0.04736060570136403,0.05794852882511599,0.07496281115062176,0.0035826999329323025
123,2014-01-31,-0.026505161934396622,-0.07045571068228138,-0.037582342636539055,-0.044453503882383526,-0.07019478388268298,-0.057222089197214436,-0.03484591437409211
124,2014-02-28,0.03653591738189114,0.0188481644864432,0.016203285663014915,0.023837939192953416,0.02528919590948384,0.02427020337676764,-0.008118248089458754
125,2014-03-31,0.025515521166236014,0.10283997767142469,0.09956422884264683,0.08331557423694087,0.09539027819473239,0.11303286045891336,0.0446995802314901
126,2014-04-30,0.014603429581056385,-0.00035640939918067953,0.0008578276205269516,0.04312646096668013,0.041464104670625196,0.04541401488375592,-0.008311097638145998
127,2014-05-31,0.07198533007498871,0.1247437328554272,0.1280823921151835,0.1716793283351062,0.19157141918819395,0.1797273664351441,0.03632524681676311
128,2014-06-30,0.07805662710850014,0.029712928128102813,0.06384216059359983,0.11803041924314396,0.10635748259220973,0.13485286435400998,-0.030008317815665778
129,2014-07-31,0.020536688058906617,-0.02053966866562133,-0.002232755290870672,0.002604121360020328,-0.01715183121721855,-0.027999796375932022,-0.03041615465088341
130,2014-08-31,0.0308258072564567,0.015443607236191753,0.030919027581680848,0.012693484251407759,0.015654633056806554,0.0065096422638651836,-0.0062105256074330775
131,2014-09-30,0.03176913708180831,-0.013197065419443252,0.0031898824542655494,0.04083366216612722,0.018050819158778358,0.019050174876647157,-0.03387452275430021
132,2014-10-31,0.031166820536372014,0.02790992785338982,0.03899693342180943,0.025252422476111817,0.029433676861518345,0.031538451255228195,0.00046218085121216973
133,2014-11-30,0.03381211285700386,0.015822697962135476,0.019232384456415768,0.016151687412733675,0.02795456005961366,0.033032480514566656,-0.003093271123994202
134,2014-12-31,0.0023386713935234045,-0.027715861274107627,-0.03055607074394141,-0.0016608785884071405,-0.013679858339817596,0.0004903739526281065,-0.02103675620952074
135,2015-01-31,0.06234747283223315,0.1351927900025521,0.03903913313311251,0.03147389771387407,0.04467649111307964,0.022434071979526644,0.04302395528476226
136,2015-02-28,0.028064529512390156,0.028221725232049213,0.0013327405572033113,0.0016163798096687767,0.0033469085806758113,-0.007537812309897667,0.0009438622453330457
137,2015-03-31,-0.031656866064753694,0.02071220406195131,-0.029709559712217604,-0.027634292963628043,-0.03435713225557363,-0.026519509595636037,0.02282311541737971
138,2015-04-30,-0.02891837565106926,-0.05692249088837091,-0.02267226370626089,-0.014565670022828481,-0.01885746389101686,-0.014152679616828466,-0.016147954552745016
139,2015-05-31,0.04230179382248155,0.02005554039825242,0.03356620590328825,0.027833029525354963,0.007828491692965527,0.018504588500574706,-0.021125395628309288
140,2015-06-30,-0.014094599431644327,-0.05425803918354455,0.008052528826342234,-0.021310387391782395,-0.03279849020578829,-0.03134850627028424,-0.025825771282953058
141,2015-07-31,0.037754154308137236,-0.0038564728508973943,0.01758198851300493,0.06429130228868456,0.11158332792360423,0.07478681795785938,0.002840699237942522
142,2015-08-31,-0.02955654861696495,-0.0339196469855418,-0.08278266926611556,-0.09512838104196739,-0.08527408389152732,-0.08307588087402935,0.002745599390931608
143,2015-09-30,0.008176435549213188,-0.036070998552149534,-0.012171081765628733,-0.003420345123619437,0.0039279976531142,0.011843030168610508,-0.018449545662314545
144,2015-10-31,0.00824548788277502,0.05251151436220235,0.017351011942206934,0.014158243825864883,0.048359751646486315,0.04660487033948764,0.03923376715002438
145,2015-11-30,-0.028426614791259627,0.021379011217027788,-0.004033011507213573,0.023997711230514224,0.046666899462479094,0.038717672493762345,0.036237407120126144
146,2015-12-31,0.009814281530233972,-0.017291663826409228,0.009392757819729878,0.02205340117955327,0.03778063488588768,0.017509503285586158,-0.005689355825154391
147,2016-01-31,-0.038602765796445275,-0.060643502789717814,-0.07470978391390878,-0.09585105068161048,-0.09762376692637671,-0.10180194483232105,-0.011906726619019384
148,2016-02-29,-0.07186330304473687,-0.06354999927059479,-0.07919584153646249,-0.14124106230303804,-0.14701989882613523,-0.13545348964434487,0.001267233625522446
149,2016-03-31,0.09420184657673783,0.10985447639042688,0.1243637239273639,0.1156383566597005,0.11567964481616837,0.12871723536799037,0.007846958985078464
150,2016-04-30,0.010247475621010646,-0.003694587301479908,0.0348900687886195,0.04756992443881285,0.05779797157338844,0.05867952084386015,-0.0018570078939574818
151,2016-05-31,0.02065550016325998,0.0526897416874853,0.024007420781023938,-0.01868541820378511,-0.0027567795388934568,0.00760078749433407,0.023981440094558486
152,2016-06-30,0.02410395320821833,0.038778591275038236,0.04956133648612987,0.0630000191460515,0.08088346839860842,0.07714307172163518,0.016279043659688415
153,2016-07-31,0.05390051634506462,0.037764223183451774,0.05854406389048753,0.025744575010978446,0.059543545331056706,0.046697858872306916,0.008831338579232711
154,2016-08-31,0.022034409277732717,0.03149387372833551,0.020041320378572668,0.006844528839862625,0.02287206137836475,0.01666302819646765,0.012743498494552457
155,2016-09-30,-0.010016832152169405,-0.026387637800208877,-0.00630457745738761,-0.006164889189820605,-0.015915113747509185,0.00655077307290052,-0.013060515102864028
156,2016-10-31,0.0037498816102339654,0.054998073365106696,0.02468685801032414,0.05845106434442408,0.09483181370366682,0.07454672388688459,0.043814470557057734
157,2016-11-30,-0.04108121941776334,-0.04870170371504536,-0.054383103587323324,-0.08839006299497028,-0.09246761044937109,-0.09306936094622646,-0.005849015875841412
158,2016-12-31,-0.022378899789019267,-0.016786991879429478,-0.00048499631759372987,-0.02205467726036934,-0.017430874296501347,-0.017310744467914394,0.005107855436728891
159,2017-01-31,0.05528747508051698,0.09414139075301911,0.04870773401747773,0.061794116538504654,0.08353829515585974,0.0732517398043756,0.030299047144928606
160,2017-02-28,0.03971379962454739,0.06907513675996105,0.04471410098490224,0.043851759583981256,0.05458672598555794,0.0459036443925088,0.02004815176849517
161,2017-03-31,0.04053069906658578,0.01315201022521379,0.02852229120319965,0.05076682967738689,0.048644973304476105,0.06097262433672084,-0.014750272607141391
162,2017-04-30,0.0036847230946833497,0.03980198510782257,0.03531033702238513,0.053699222330000226,0.06644733886121656,0.06950607982128999,0.024432689272177777
163,2017-05-31,0.007197445220349199,-0.013342346295035779,0.021062076309093382,-0.04234670469556127,-0.03183384454409779,-0.03808460054811216,-0.00501346568196075
164,2017-06-30,0.013372671121408603,-0.034124066312784355,-0.01596315880600518,0.023275381750890292,0.006750827045562434,0.010907607078741537,-0.03201064606976041
165,2017-07-31,0.0472734572887389,0.042256156776917526,0.0661839351888165,0.040246778737915496,0.046857711589483694,0.043639214674923335,0.0007968161698734127
166,2017-08-31,-0.015490910632064559,0.08015025418048122,-0.0023564468653449995,-0.025428914589979916,-0.001036332329267328,-0.013953491180127665,0.060016873536629184
167,2017-09-30,-0.008889387185836107,-0.031331353550728705,-0.009116614136024515,0.004672422162036429,0.015095651999255921,0.001277546696145237,-0.006009368263836553
168,2017-10-31,0.07352442733011033,0.09118551494744222,0.07678094332333738,0.07433844550097925,0.10809627651644652,0.09682749739535325,0.02570945931639959
169,2017-11-30,-0.006570649788129983,-0.002931774997764051,-0.004326675072900552,0.053624167185879625,0.04285546945668733,0.016857276346361416,-0.0035649114694131824
170,2017-12-31,0.02776726487821073,0.03931713055543879,0.047159812773280026,0.044447326281068206,0.05208098683590453,0.0638667483036048,0.009591763116032194
171,2018-01-31,0.03532319280183086,-0.001296324195528694,-0.0025318958705890116,-0.03333315385291418,-0.03920015022558458,-0.038823214147858574,-0.021243256685014977
172,2018-02-28,-0.03731550451911371,-0.03188990271695769,-0.04747225401618288,-0.03310927280902173,-0.04880522624246142,-0.03453302167435445,-0.0051351758156418376
173,2018-03-31,-0.02922797383655556,-0.04695583882721906,-0.03771337204664702,-0.07024018676235205,-0.10156674252231922,-0.07525598987656616,-0.024527210375315328
174,2018-04-30,0.08380979920721725,0.05974474235682168,0.047486458385682176,0.058946513223052395,0.07593765007440215,0.06122972984323789,-0.003536959999522915
175,2018-05-31,-0.010521019740974278,-0.038172973941886755,-0.00892763021049362,-0.08400854611792813,-0.0816888690324626,-0.08495979377955595,-0.012666138557723472
176,2018-06-30,0.0030802635483496593,-0.02770241694856499,-0.03739336308569241,-0.07803248634973833,-0.09622078400524349,-0.07820529965077253,-0.024485489076209906
177,2018-07-31,0.060291661633884566,0.041866117316336555,0.059889508921827775,0.011940644565929725,0.026974089855561097,0.027288747489090638,-0.0016960495139583184
178,2018-08-31,0.040795284972822615,0.06536771915002024,0.048320338730232296,0.03233680420401481,0.028295304421646777,0.031423282741953766,0.0102654671974148
179,2018-09-30,-0.06711668605738905,-0.10495096757725175,-0.08846548432225512,-0.1718868905650435,-0.16414528324786018,-0.1618152314856112,-0.01504633710133968
180,2018-10-31,-0.04058610777634203,-0.02569388153447282,-0.050478586407244924,-0.0365238337182871,-0.0029059279614964888,-0.014020987053625311,0.02425506599932991
181,2018-11-30,0.07403077014603082,-0.026772448721669506,0.036120294790418506,-0.005165027157375327,0.0022746315869545167,0.008085551373839978,-0.046681780061685246
182,2018-12-31,0.024960063339461217,0.0041702042134898,0.0025057111633473017,0.01592139257761367,0.027359970927942404,0.02081073284856246,-0.004675640387821339
183,2019-01-31,-0.053738083930620364,-0.04457102883222333,0.009254582388536211,-0.08510898567485675,-0.07142378388376962,-0.05449717080386108,0.011426128444742077
184,2019-02-28,0.007985304791917312,0.011165609487259084,-0.006850532008935269,-0.01071541037047785,-0.06997352978659896,-0.027138606386893055,-0.028038907360389668
185,2019-03-31,0.0721497787677848,0.0856738473342397,0.07255582949413486,0.09618092055871641,0.09660978109580266,0.09003026758602492,0.006976464551770575
186,2019-04-30,-0.018865596966958765,-0.022620440623813496,0.024845805745754825,-0.016113761696001046,-0.058802277775591064,-0.02865931972381324,-0.02322167986822237
187,2019-05-31,0.021350405715462838,-0.01427506069570442,0.012047830768879856,0.010040874912326055,-0.010191793668557592,-0.00518450465028897,-0.027929067496025452
188,2019-06-30,-0.02509733351827882,-0.0020001285760437586,-0.005353042508779274,-0.06311168476308879,-0.07143088227269148,-0.060510519608609856,0.007389003716316185
189,2019-07-31,-0.0576106239059109,-0.0957845549099358,-0.05566381920592034,-0.11832402523896095,-0.12571074244162622,-0.13543969184872198,-0.0227803241033451
190,2019-08-31,0.0171319815112108,-0.04022766526455223,-0.008027229704128147,-0.01890378371496197,-0.029168170626931396,-0.02730256205744876,-0.03381201684386623
191,2019-09-30,0.058181363838239825,0.009418555815900837,0.044891742501088044,0.04216713849830088,0.0331343291443931,0.03155478625714428,-0.028897808688123385
192,2019-10-31,0.029597105120969757,0.037142434665025495,0.057736571195859836,0.010861721707287025,0.011287126233471115,0.010703328968260093,0.0039853670351199105
193,2019-11-30,0.04301983263237443,-0.03467968628336102,0.0021283771159899003,-0.003915915897184788,-0.011338396479209853,-0.0074140835409603634,-0.04256099974888026
194,2019-12-31,-0.0012784294083296314,0.0291621033962435,-0.0019712608891141454,-0.020428362777548476,-0.007197638603380858,0.0022792230132124562,0.021835628489370373
195,2020-01-31,0.0010798631955391237,-0.009098433540733013,-0.006270457106740142,0.04599146961816992,0.058248335884919414,0.06792290944000066,0.001039284765238676
196,2020-02-29,-0.048917678818709336,-0.05685115327269919,-0.05885854253649012,-0.09404689577168843,-0.10134651994581315,-0.07887742882598449,-0.00761654931405728
197,2020-03-31,-0.2956074511021817,-0.14671150434420588,-0.19127068546626408,-0.35394071233197216,-0.3177751316814712,-0.3230451103519918,0.09253076370423835
198,2020-04-30,0.1304218711287751,0.11992359669405707,0.14542577386770583,0.14439657108277787,0.14843133089344168,0.16189539241756354,-0.0032317573120271004
199,2020-05-31,-0.052155224321271676,0.0036684916259140427,-0.006041093122073143,-0.043974389459882836,-0.0313911057502699,-0.026467125796667903,0.03420349982839933
200,2020-06-30,0.11675943609374899,0.07874286575137651,0.07271987096642628,0.17098545960742628,0.18457196459816902,0.14564974324246632,-0.01221503267581489
201,2020-07-31,0.02168865178317138,0.11032544449271715,0.0679786624230123,0.040099758302834125,0.03168154863856449,0.04536320685317466,0.04010929152263807
202,2020-08-31,0.052869923348496224,0.0065007901874446095,0.031285185649676445,0.13456276721390575,0.09847400040579886,0.10877364498141869,-0.04122894998457925
203,2020-09-30,-0.011436347739964964,0.05347213418611358,-0.007064074419355534,-0.003501134935442773,-0.0014209070050209905,0.001939474365196885,0.03349435492825016
204,2020-10-31,0.023733612585709794,0.03296689903472768,0.02280364282018333,-0.012803475752356611,-0.010941978170540293,-0.01106329038982657,0.005547392015417101
205,2020-11-30,0.09853586113370963,0.1535851415420496,0.10313169038831961,0.11985344207535206,0.1240762229808143,0.11395910618832732,0.029636030656901124
206,2020-12-31,0.07119781336221105,0.02770828706169607,0.09172574016462451,0.06441165428514131,0.08721883156377087,0.08469679815208513,-0.010341174510942713
207,2021-01-31,-0.04277233016694723,0.003941789233159291,0.007198244375020509,0.012292429835416499,-0.02326744216735026,-0.005979382269711093,0.00557712369866988
208,2021-02-28,0.08672350660574234,0.16389604166785549,0.056721010586866724,0.12182491062562394,0.09863296725511148,0.10562756807889968,0.02699029584580033
209,2021-03-31,0.0035397285384101028,0.0590634981055538,0.02926314443949303,-0.005853192075392232,-0.003944328132513342,-0.006256141808708627,0.028716316755011292
210,2021-04-30,0.005406795756166386,0.03919730511368835,-0.0007908976343802086,0.04214511239280011,0.04468270613097137,0.03759166875012157,0.01816405154784661
211,2021-05-31,0.07012979480813365,0.0815137798924913,0.07356265963252168,0.08742151397534424,0.13012076397976446,0.09877544732318605,0.02704161754438894
212,2021-06-30,0.007363918742438924,0.012008112827082026,0.03045841711688341,0.06126688336071994,0.07309400982868557,0.06566401531740994,0.008235660276304367
213,2021-07-31,-0.0005247897749811034,-0.015746559563444566,0.020075413261442132,0.0664038126684831,0.07966285661222787,0.0512388735034409,-0.0009813629223593412
214,2021-08-31,0.08076131532825438,0.07020176181147282,0.08336887325665862,-0.03584204627120255,-0.04174629533716713,-0.039994167021219725,-0.008231901291373071
215,2021-09-30,0.04450461125295436,0.04966153370322936,0.03089511661095857,0.057596810258292865,0.05546515389099202,0.04427046322414888,0.001512633041487077
216,2021-10-31,0.003974751983152778,0.013055400786617943,-0.01247217593058698,-0.0014910617949920224,-0.002838274514003134,-0.002105082253797185,0.0038667180422270265
217,2021-11-30,-0.0313499692935831,0.005953339864064478,-0.014299096363236957,-0.025232093846941316,-0.026418799760931755,-0.023949613575410506,0.018058301621828567
218,2021-12-31,0.00862151689109624,0.04460184979788498,0.04626275886299829,0.03521096797341891,0.07320348186521299,0.042018352432328376,0.03698642339929141
219,2022-01-31,0.00015927389408403782,0.002835513800840593,-0.009599918297923256,-0.000735409095530476,0.015218776809795076,0.021010588054121433,0.009315212906041053
220,2022-02-28,-0.027266830017932647,-0.028738842504083168,-0.0400134733879236,-0.08550353090556267,-0.10863859424941674,-0.09386171156875556,-0.0123035379150023
221,2022-03-31,0.0435367944460954,0.07515243218405417,0.03849120919603468,0.04847531451966371,0.04021096424233696,0.0396086468833429,0.011675643730316002
222,2022-04-30,0.008108411108462494,0.06765128036639514,-0.010018799770563563,0.03005174822780757,0.04921903255617464,0.03933485886425213,0.039355076793149854
223,2022-05-31,-0.05216619331895321,-0.04628154380309317,-0.04871571740276009,-0.0859164595566294,-0.0963589143241279,-0.08466236347260747,-0.002278902625819229
224,2022-06-30,-0.05342943051491342,-0.056743792805783455,-0.03877217331966538,-0.05598248000008349,-0.06367932455278326,-0.05669031948031172,-0.005505603421784903
225,2022-07-31,0.10247816352734354,0.12124016079501032,0.09620386595508557,0.07841390690752073,0.07396806856091256,0.08525119664030081,0.007158079460529307
226,2022-08-31,0.059995490084818345,0.12496074193946745,0.029432398393867177,0.05934033377312114,0.07669474754541643,0.05629573559293966,0.0411598328134722
227,2022-09-30,-0.03528750470070775,-0.009440761868460486,-0.03568251408599074,-0.009468278750885809,-0.012089495091818182,-0.0039318581224674016,0.011612763245657447
228,2022-10-31,0.018483583435112368,0.044741043674478946,0.04186343088013905,0.013338467596087622,0.015822970937878014,0.014081061901736143,0.014370981790578483
229,2022-11-30,0.03188426949441596,0.0477240345403947,0.03187839025150192,0.018660701883646734,0.02631299056223956,0.02824078162217423,0.01174602686228578
230,2022-12-31,-0.028404243884757104,-0.05041555358091344,-0.018912082111010878,-0.02289318397468185,-0.020101130583901203,-0.012776269969144561,-0.009609628152687844
231,2023-01-31,-0.061537119119862684,-0.07336845373297479,-0.022405054431606848,-0.019933815843959514,-0.0265953511716872,-0.025379350556040542,-0.009246434970419895
232,2023-02-28,-0.06681810086607654,-0.08131105361961037,-0.01261530776456706,-0.0491074991424128,-0.06390280521343421,-0.049270689257551764,-0.01464412941227762
233,2023-03-31,0.007450085336257013,0.028307783245483942,0.0018639433351316742,-0.02289302859516179,-0.014926700260997084,-0.013305852201738817,0.014412013121695818
234,2023-04-30,0.04599020963743398,0.06341502112959142,0.04464491308936817,0.08117088690808939,0.09773526581581536,0.08387871506244102,0.016994595199941703
235,2023-05-31,0.047705517560747424,0.05609436593183081,0.03135564153724735,0.04260512830250467,0.05405195203753669,0.05391406064740243,0.009917836053057696
236,2023-06-30,0.04698390796688833,0.0238654056090234,0.04150462910654555,0.07331437666149394,0.07266804256756705,0.07460570280771117,-0.011882418225895905
237,2023-07-31,0.04213615768107841,0.06164402134725675,0.03920774721933438,0.045970995547337884,0.08723726961289602,0.08808589709990214,0.030387068865868234
238,2023-08-31,0.006767739032950803,-0.029404540111174684,-0.007432825226490615,0.06154368503350388,0.08396328090260322,0.061539939543174986,-0.006876341637513078
239,2023-09-30,0.03406093691301486,0.007562106185605639,0.04112040912436354,0.013335135431213016,0.022173022790573226,0.02047724467261152,-0.008830471684024503
240,2023-10-31,-0.02898338439247621,-0.003463129260118285,-0.03443902148859086,-0.00869389075717592,-0.018002951507134143,-0.011087205228008254,0.00810559719119985
241,2023-11-30,0.07587306368477176,0.09861229331869067,0.06185359993992412,0.06457496625959329,0.09781235124632738,0.07493265443176958,0.027988307310326505
242,2023-12-31,0.10251179389004651,0.08722665724713115,0.08719644518416265,0.05679500016637656,0.05728429785823645,0.04988204045480271,-0.007397919475527731
243,2024-01-31,0.016774258407088568,0.07554320565707437,0.028159093655709806,0.05359931879692571,0.1200290368943386,0.06512111082201552,0.06259933267369935
244,2024-02-29,0.01591184602707764,0.024816502304101276,0.028671251846162718,-0.007956478924895947,-0.02829964869709368,-0.018183169680568653,-0.0057192567475870485
245,2024-03-31,0.0029056676432508343,0.012776675207290566,0.011314142098258586,-0.06036874172889175,-0.07727054503478946,-0.061915758833909006,-0.003515397870928992
246,2024-04-30,0.031164177193556897,0.03794433664633845,0.04319120734033182,0.10681286912967387,0.1036060325505943,0.0959331799168634,0.0017866614368509948
247,2024-05-31,0.027917237046391503,0.03385478489100372,0.013542988552171998,-0.032573724462722706,-0.03801888500809699,-0.01886900640866427,0.0002461936496189667
248,2024-06-30,0.059717116778540504,0.05680201885088793,0.06309667709103838,0.1049283340879053,0.10312338874933459,0.10432190253744479,-0.0023600216331116364
249,2024-07-31,0.03836987443533147,0.07459338179836746,0.03908388441925064,0.053361317722026645,0.09049840132541978,0.06946381006874812,0.03668029548321457
250,2024-08-31,0.013656931638157658,0.007612340615873064,-0.0005835404242528825,0.03082967176641327,-0.0047152349774419915,0.0030464525103289166,-0.020794748883069925
251,2024-09-30,0.03441445512742748,0.028505625843613512,0.00946070494259831,0.024412713369720684,0.009331071832992614,-0.003889501458299776,-0.01049523541027102
252,2024-10-31,-0.07273247921501277,-0.06697800609653642,-0.069640559880599,-0.03580642468909467,-0.052902715864526266,-0.04274751075049604,-0.005670909028477625
253,2024-11-30,0.0018905488216484632,0.01436082771296892,-0.00841458905333589,-0.0028244854725203127,0.013059867878261964,-0.0009483910192436968,0.014177316121051367
254,2024-12-31,-0.00269551157082992,-0.02145671444921477,-0.02037539652846946,-0.012259781558401179,-0.0036167884047600862,-0.01133791706284995,-0.005059104862371879
255,2025-01-31,-0.03154312197336451,-0.030836935997810126,-0.02761466730864227,-0.10129926115251957,-0.09715128121736492,-0.09391337536946498,0.002427082955354515
256,2025-02-28,-0.04510103412265046,-0.11771107026952816,-0.09113282349925442,-0.15640245574407752,-0.16520836060361924,-0.15747037218596263,-0.04070797050320972
257,2025-03-31,0.08239941552936442,0.07822192948658406,0.07883456343832743,0.051562960572475135,0.0565457109582245,0.067419256402874,0.00040263217148449326
