Month,BH,BL,BN,SH,SL,SN,HML_AT
2001-10,0.042754234068960936,0.060685609099664736,0.07995096001160491,0.045642092383743636,0.10545196323165723,0.07416774144746587,-0.03887062293930871
2001-11,0.16448615813176287,0.08735810792607618,0.16634435519119276,0.16404943540415443,0.2351745788751851,0.15601514965146132,0.003001453367328044
2001-12,0.02289429696702095,-0.06425052726277045,0.01728481234945992,-0.006385889760610167,-0.015561045963458675,-0.020839902731928654,0.04815999021631995
2002-01,0.030978842345829743,0.03653658298592109,0.040448235635636036,0.04116001974114253,0.018688667595232238,0.04490689326911005,0.008456805752909472
2002-02,0.09944947439217701,0.2738020056112924,0.0029535058556511068,0.027959588197577368,0.03462861524275638,0.07036323046917575,-0.09051077913214722
2002-03,0.039668094430087716,0.1001803954831591,0.01675410697849973,0.07398896428000026,0.07364196470371857,0.06240469530135105,-0.030082650738394855
2002-04,-0.043870301705490666,0.11663529138506668,-0.009761027626806962,0.1360322454990917,0.07744063651730196,0.13526724726451395,-0.050956992054383796
2002-05,-0.06211331204119911,-0.06049665460742067,-0.04008655069514312,-0.054497005159171025,-0.07325820782008023,-0.05899764460404687,0.008572272613565385
2002-06,0.0029744187941096265,0.041723335633179905,0.012167491193856265,0.0892297459978762,0.1278797286381811,0.1353554443127461,-0.03869944973968758
2002-07,-0.07924523320755149,-0.01182157625731342,-0.08506761439407427,-0.1018960069251925,-0.17949508630785835,-0.13897378925647783,0.005087711216213889
2002-08,0.0940287664433748,0.03866492998605597,0.061868558858562385,0.03803874231638894,0.008432622708813531,0.018205629193773467,0.04248497803244713
2002-09,-0.07705089576728227,-0.06558067191204889,-0.04646520208988311,-0.05071359661977182,-0.04874100416849746,-0.05680740875069991,-0.006721408153253873
2002-10,-0.02047926754679834,0.007179147623812251,0.02434608203349631,-0.03821340156735247,-0.03882155108991458,-0.021831909040804235,-0.013525132824024243
2002-11,0.044573670373449094,-0.25185054445266836,0.13134128515070267,0.04181511482040325,0.10163660489895796,0.06488409065923151,0.11830136237378137
2002-12,0.07399568761698899,0.039985770991351775,0.03420606032692961,0.04160435582208385,0.03905491613211925,0.03874690071719185,0.018279678157800912
2003-01,-0.02899582809335562,0.03999093443988985,-0.06446372819453611,-0.02939081043344824,-0.0760529162800037,-0.04595522937530395,-0.011162328343345004
2003-02,0.01707808728796524,0.024969538291099307,0.037716716008038206,-0.011718658663509612,0.02688577489201849,0.011981650707601488,-0.023247942279331087
2003-03,-0.07151784276508774,-0.08285153770423902,-0.07322264534982871,-0.10012586290610213,-0.13554435034271337,-0.11553882376911007,0.023376091187881254
2003-04,0.017894019588150307,-0.06426502870272449,-0.08925109616841811,0.05474317851431573,0.05526750916800586,0.06790071395731358,0.04081735881859233
2003-05,0.14990617086505528,0.14695262994256236,0.07470804969002937,0.17185643172672957,0.19070904552150594,0.16641624284698925,-0.007949536436141741
2003-06,0.123609942318562,0.11120804552471718,0.14336197744853266,0.11418559067732284,0.15135807329143278,0.15245254781451956,-0.012385292910132545
2003-07,0.0005524019737876106,0.040706531492033786,0.08356038869611453,0.07226214600337713,0.055393897832544586,0.07664708581132793,-0.011642940673706817
2003-08,0.19518490183875195,0.12966385095477212,0.14075223924905572,0.11906628005559068,0.09896031919640781,0.12508552676996176,0.042813505871581364
2003-09,0.0049696171021418895,0.010910248346777732,0.08888007164530422,0.046615156890728066,0.05522250871366918,0.03396095097471229,-0.007273991533788479
2003-10,-0.014423698725752929,0.06933304772733369,0.11069964973491753,0.02105677998833279,0.05412722372131579,0.03822291578155807,-0.05841359509303481
2003-11,0.0649766853942644,0.046349467749063136,0.03416873317631504,0.09520146869309978,0.14070110352937956,0.16401287396649855,-0.013436208595539262
2003-12,0.18847205851300247,0.21480352243614656,0.16761071013335996,0.203204101979621,0.2314647592133639,0.23366554219394436,-0.027296060578443526
2004-01,-0.012182740862779847,-0.03930693752539809,-0.053554210514991415,-0.09422295882914475,-0.12751651148364054,-0.13650746306362402,0.030208874658557025
2004-02,0.0014623294797212185,0.010008260608674902,-0.015185167196936794,-0.026607896176787816,-0.050908689757093666,-0.04816479181047888,0.007877431225676084
2004-03,0.0038067645613159415,0.07595699711264213,-0.037092519360947,-0.02933035071082001,-0.04710825236286319,-0.03749781994331919,-0.027186165449641503
2004-04,-0.0005999453217880159,0.0029919051638974026,0.04081272425396164,0.08041603067295122,0.06403834335258363,0.0939244849358642,0.00639291841734109
2004-05,-0.2218902392188358,-0.21097851994347175,-0.12178133543276881,-0.12663380087133203,-0.13635836305244356,-0.14062139329557613,-0.0005935785471262445
2004-06,0.054362673750721575,0.022825258711896865,0.006053159408711306,0.014770155446012696,0.026715210644232896,-0.0020972009397905427,0.009796179920302257
2004-07,0.02848849578881527,0.10850231566558921,0.1074604352437549,0.08269531267575013,0.09471331644979138,0.10749715162522755,-0.04601591182540759
2004-08,0.007071653952326975,-0.0008081710894842609,0.021171882301916228,0.10125970124052355,0.09043267402351389,0.11994208277770925,0.009353426129410453
2004-09,0.07090773056571796,0.0872310128793968,0.08096730432409505,0.06552579647378738,0.08504379791842426,0.08456920717348665,-0.01792064187915786
2004-10,0.011164247051072431,0.03291874023782665,0.017434353096087412,0.008000590921065219,0.032552682603571026,0.03721794107841212,-0.02315329243463001
2004-11,0.09629200313736022,0.07148507605564576,0.07943731474160956,0.11802716494457657,0.13896590768813422,0.13628272159116867,0.0019340921690784163
2004-12,0.11367819187712176,0.0684091041512635,0.05705364551016553,0.11336761665610057,0.13387494375996056,0.1092829277226218,0.012380880310999126
2005-01,-0.044056830646278154,-0.0038526061025415106,-0.01616760953385737,-0.014901743563114226,-0.0009270173721713711,-0.013948232089170925,-0.027089475367339747
2005-02,0.00591781187268705,0.030520024194529632,0.032490830844897726,0.050854627982406996,0.054628926700981406,0.06167985197749412,-0.014188255520208498
2005-03,-0.08647687989985364,-0.03106093579829701,-0.02264622841868091,-0.0011414407549663692,-0.01181920700183736,-0.005607259236353194,-0.022369088927342823
2005-04,-0.00868229046374756,-0.04422218442898818,-0.05465295792168466,0.029426476968476206,0.009248885777391098,0.030707973603052593,0.027858742578162864
2005-05,0.07223266274721937,0.08489494180539459,0.09243515939759338,0.11461425256312792,0.09241734109918825,0.09605017322481675,0.0047673162028822325
2005-06,0.017304817782554927,0.07259434566671218,0.056170240324972094,-0.006377480375202315,0.008434346358761042,0.008699739103808576,-0.03505067730906031
2005-07,0.026725763121042485,0.056813477465816914,0.043873632126100334,0.06966059050289741,0.11248556446902204,0.12805009842230078,-0.03645634415544954
2005-08,0.03176043758400041,0.06135301753358668,0.04867784379200001,0.12831796082228653,0.16191858226741965,0.1359242694435202,-0.0315966006973597
2005-09,0.09943544416139911,0.08390973375080815,0.07431961924643625,0.0271911699596285,-0.006925599737261548,0.004378668524913636,0.0248212400537405
2005-10,-0.062445193849884055,-0.10939841779455767,-0.0659082540085113,-0.08971679080042057,-0.1327654990279472,-0.11058863905495413,0.04500096608610013
2005-11,0.14221365075089895,0.12623383549814263,0.10456117504084894,0.11636867443143502,0.1392269187172161,0.10429092676008166,-0.0034392145165123844
2005-12,0.08114268659149561,0.06435375045867871,0.07483731387724132,0.0637173066716784,0.05156010734911605,0.0643963218745373,0.014473067727689623
2006-01,0.012456264607771399,0.08110681234940338,0.11126116253834945,0.03395197783505326,0.06820308828937703,0.04445005462930809,-0.05145082909797788
2006-02,0.07743934310182356,0.014006512523829711,0.04620800949817401,-0.008327360539499458,0.008506706039768134,-0.002823368124781303,0.023299381999363124
2006-03,0.09492635931652912,0.11263712782963829,0.12842686694525882,0.1023676821323958,0.08191949134648457,0.0519287363102084,0.001368711136401024
2006-04,0.030066079621607816,0.06414212847482482,0.12321587032341261,0.08209485059592861,0.09301820781761581,0.08626478415344666,-0.022499703037452107
2006-05,-0.1450649464386173,-0.13645101215159355,-0.14871665650476537,-0.13722818330921474,-0.12068278259297162,-0.14378893706863455,-0.012579667501633446
2006-06,-0.05458540851528282,-0.018715177106940005,0.030222937134037522,-0.12892467728102142,-0.16296150529831832,-0.15109505115433083,-0.0009167016955229507
2006-07,0.005252158538321113,0.011299599099183103,-0.032865037178660086,-0.0391156530233714,-0.04162064365615064,-0.02796711603528592,-0.0017712249640413746
2006-08,0.10787154934501757,0.06493014897461132,0.09444283412916915,0.1149129893267952,0.131816791564111,0.1198545664381452,0.013018799066545211
2006-09,0.06253536697180856,0.06247678417334452,0.04360461093131739,0.06662255163231177,0.04986879858753776,0.06821926877396321,0.008406167921619037
2006-10,0.012543857921384304,0.06002274386816705,0.05967148309362512,0.01781951295158797,0.040721421686119176,0.049747246667566226,-0.03519039734065697
2006-11,0.016908295197420892,0.08761179310072895,0.037162333416066694,0.013393695128573841,0.05408768688221893,0.026285278617520356,-0.055698744828476573
2006-12,0.021689266601017346,0.007229848479570203,0.0067701962071597,0.016832024424535103,0.04392409869872327,0.027595293050281515,-0.00631632807637051
2007-01,0.022042692778939065,0.05516922273773206,0.024677016798453397,0.05640636069260276,0.07177574517020857,0.046669582508966696,-0.024247957218199404
2007-02,-0.0937947417452839,-0.07593309770509242,-0.06582318060364613,-0.09362145392093485,-0.1017057191836125,-0.0900397243618442,-0.004888689388756917
2007-03,0.01121609934769644,0.05793033486480821,-0.0030781021195200263,-0.04563732794081638,-0.03312562797222748,-0.03391402516827223,-0.029612967742850337
2007-04,0.043495813749716165,0.07838719098203516,0.07883602724165725,0.07794509772791654,0.06778489284287703,0.05264401731495664,-0.012365586173639753
2007-05,0.019516090133730155,0.04545765808711115,0.0540673432309266,0.0758042932350223,0.047556126729868205,0.05512903890150985,0.0011532992758865462
2007-06,-0.021779982638571473,-0.003967265244173123,0.01451736970890993,0.026363075775479354,0.041425933311526074,0.03631109352097831,-0.016437787465222536
2007-07,0.03309226867887829,0.039559911059579025,0.06853203070236814,0.021297898168897333,0.04079747107403552,0.009399692782471906,-0.012983607642919462
2007-08,-0.02181890501350684,-0.028813488021034672,0.009483394007813844,-0.00483091169872087,-0.02571826325814066,-0.013889214903221129,0.01394096728347381
2007-09,0.11621638915302664,0.13529913629894236,0.12023688043652252,0.08468214996209998,0.09988432565406374,0.09536540258972698,-0.017142461418939742
2007-10,0.06590342287375502,0.2849472126921095,0.17071009029027204,0.07917146884608388,0.04863364845817243,0.04492612180213134,-0.0942529847152215
2007-11,-0.021395490941790784,-0.034615709166658015,-0.009953023608731754,0.06180523562681816,0.059404416926606377,0.06152958317321122,0.007810518462539509
2007-12,0.09321485794576814,0.15289066859043213,0.06775547479757915,0.17163378720939218,0.20901048150816146,0.1913004870062529,-0.04852625247171663
2008-01,-0.20983947827328855,-0.20201828426820237,-0.1826663116113079,-0.2374805879347575,-0.24896572657287055,-0.2278820198439726,0.0018319723165134416
2008-02,0.032690981836890565,-0.007758896791980615,0.02009461570638101,-0.02641924688084188,-0.03067464240532454,-0.02018072363074186,0.02235263707667692
2008-03,-0.06758104537726585,-0.11724429097242318,-0.1053734168572884,-0.15103543265718872,-0.13446345075385432,-0.17322522955038178,0.016545631845911485
2008-04,0.12233465536643275,0.1372984818648722,0.0937704344818239,0.09451675217239475,0.12307901498787728,0.10153572499380539,-0.021763044656960995
2008-05,-0.046531948117907146,-0.08766746549817703,-0.02627548214823488,-0.06331548335576509,-0.05637279555479429,-0.06380785973120204,0.017096414789649544
2008-06,-0.1880798969509657,-0.20143997377990325,-0.17018263685251805,-0.16305070011580833,-0.22413297445051572,-0.17094840155619787,0.037221175581822474
2008-07,0.07668371195400817,0.11999113597894469,0.058082961006477855,0.04109901292797642,0.02611624190972789,0.01450878757579005,-0.014162326503343987
2008-08,0.013546025712762765,-0.017819876611761504,0.017884774613637237,0.018871475134135656,0.017001233457515513,0.007960998742164143,0.016618072000572207
2008-09,-0.10229623391771546,-0.13894944080173197,-0.1329300176314934,-0.15439187020519216,-0.20670644599809798,-0.1855976805433552,0.04448389133846117
2008-10,-0.22468252299510627,-0.32263646528557316,-0.2446990709975852,-0.28827639938437605,-0.4085074549382816,-0.36120532364539115,0.1090924989221862
2008-11,-0.021747404558629443,-0.0353903501902823,-0.09154632490385346,-0.1361857096287095,-0.15675801238132553,-0.13630005224839145,0.01710762419213445
2008-12,0.12874489820089366,0.14502817357482262,0.051210319900078335,0.0659165449654285,0.13373922433025945,0.11104804146756711,-0.04205297736937996
2009-01,-0.03283836411337573,-0.04436872090252218,-0.012010042761294786,-0.08592061008600398,-0.12410467398898901,-0.1038840041673434,0.02485721034606575
2009-02,-0.019094646252104504,-0.027957618304534457,-0.026091940302648452,-0.07445536852440336,-0.09904673647919511,-0.057823491627227976,0.016727170003610847
2009-03,0.028036380270000928,0.06738975891630701,0.13668321688029955,0.06114013641598252,0.02377206751787494,0.07475066674780602,-0.000992654874099247
2009-04,0.11110413367898926,0.14347240967426336,0.1739213015438368,0.18652216279576836,0.21650167944832852,0.1816829637974676,-0.031173896323917122
2009-05,0.2914835880730665,0.4330273501965844,0.2482197137505227,0.41546659400862157,0.47295117857795993,0.429254289472186,-0.09951417334642809
2009-06,0.05110985504089289,-0.07537845527234666,-0.005877209144121012,-0.009091860069193908,-0.04986135265586142,-0.02895949564755082,0.08362890144995352
2009-07,0.12630482482875316,0.08295357022811113,0.07709798886262884,0.09551231735186086,0.08718298368556572,0.08579040235179909,0.025840294133468583
2009-08,0.0024616764585601953,0.022647047491271013,0.043025055834862345,0.0952250034570086,0.11767640043953913,0.10755528192747811,-0.02131838400762067
2009-09,0.10901712345984158,0.03845786015887465,0.07988270600876171,0.11315253749686921,0.061693629948254926,0.07140745542721355,0.0610090854247906
2009-10,-0.03246135853078785,-0.08751416303003447,-0.06685063392296212,-0.03572502766138787,-0.1100665539338411,-0.03627566817783589,0.06469716538584994
2009-11,0.06929321412397613,0.08122596171953152,0.07924048359120356,0.07002384791546387,0.06253270986455285,0.06070446488393609,-0.002220804772322185
2009-12,0.036717186390588415,0.03831081683220101,0.05652348343397822,0.09861419412972552,0.07276905971956933,0.09925191803136654,0.012125751984271793
2010-01,-0.02430358644929721,-0.03664857514435341,-0.032087638629568496,0.001005680350505615,-0.021312495062049356,-0.015711918737811695,0.017331582053805583
2010-02,0.022024920689405526,-0.030402177100345183,-0.0020874893428487478,-0.002738555843686291,-0.04521510966980909,-0.01756670663447693,0.047451825807936755
2010-03,-0.005218451643241129,0.006776357329537404,0.08164545699103548,0.07293660087484323,0.038851465035664945,0.06551916132257621,0.011045163433199879
2010-04,0.009042168786130457,0.009023958659094897,-0.008691200602782606,0.08804100446825092,0.04365141154433972,0.05188069096280805,0.022203901525473378
2010-05,0.001477981006615256,-0.04104005435717119,-0.04448831029929545,-0.0443330465424732,-0.09622907747612336,-0.07407093577602673,0.0472070331487183
2010-06,0.08380504393822523,0.04972268465812779,0.034337929267073394,0.07707242538815767,0.06875473792858196,0.053558055012335605,0.021200023369836583
2010-07,0.03756861467216923,0.00474886047983895,0.01165785581242598,0.0429993838039968,0.02249700902427512,0.022418917183754685,0.026661064486025978
2010-08,-0.00679366331815339,0.002348333692565397,-0.010380965581500475,0.022447742644536146,0.004382615840960425,0.005915167064035271,0.0044615648964284665
2010-09,0.07189663709178144,0.08298795905894958,0.09551797977970783,0.07164476054935225,0.06023748658854453,0.06580898708407434,0.00015797599681978414
2010-10,0.008973475050170713,-0.022863148144104752,0.012929456954751973,0.018166180359379332,0.009600291468481025,0.02485074526793157,0.020201256042586886
2010-11,-0.06288555049089203,-0.06597463039308789,-0.030298387777904712,-0.05773801079093635,-0.10708978751760828,-0.08802715448931724,0.026220428314433886
2010-12,0.02460774000044417,0.054249255278546335,0.037482728765197475,0.012104326920544407,0.02191973755165184,0.0077440362237887065,-0.0197284629546048
2011-01,-0.10332802670630628,-0.10020758387789766,-0.0886685918148922,-0.11387378160125478,-0.1279403243722496,-0.12857660138646124,0.005473049971293095
2011-02,-0.05055014270163384,-0.053347053829914,-0.029524224925155645,-0.05430642593747007,-0.10297181630925786,-0.08187194430655766,0.025731150750033974
2011-03,0.07744647218272273,0.07596424644157954,0.08253703929653333,0.07246085622418182,0.05499413902992469,0.05068574148105988,0.009474471467700155
2011-04,0.035215620764925605,0.00535473406152024,-0.010505972704293487,0.057114834750703884,0.0483305628334672,0.049566212775996404,0.019322579310321025
2011-05,0.007901449503036855,-0.036994182143476606,-0.01757130391876656,-0.04080164649807682,-0.05448334705881726,-0.050461498231282584,0.02928866610362695
2011-06,0.03194180039747712,-0.0016962776553336185,0.0008052693528333072,0.011094300751406777,-0.04546419814014242,-0.01685167470302594,0.04509828847217997
2011-07,-0.029905050024015535,-0.021256895504483772,-0.023533968552692675,0.0399695261654973,0.008778596360553819,0.01889843024828585,0.01127138764270586
2011-08,-0.03644348419332801,-0.08870470659038626,-0.07526967926463456,-0.0821151673251778,-0.14862710040403634,-0.11709307638202274,0.0593865777379584
2011-09,-0.007442045116284795,-0.015709570336866808,-0.007811401968775952,-0.009085555127784873,-0.012952044789780714,-0.011919269971249159,0.0060670074412889265
2011-10,0.03778816993914594,0.05706903578841105,0.05865589620570932,0.012822420823823706,0.014038046850618097,0.01587885038608727,-0.010248245938029754
2011-11,-0.07668974804467617,-0.09089225940501316,-0.0737636195430592,-0.11923140318113079,-0.15476838772675808,-0.12727230670618878,0.02486974795298215
2011-12,-0.04011473214059062,-0.06134402734594893,-0.03414714666936004,-0.1052827788948329,-0.12530491693281173,-0.0939624942721916,0.020625716621668566
2012-01,0.10915943948719863,0.13818687512772346,0.10475543325920303,0.1148933501427175,0.16661156785609946,0.15277529085878863,-0.0403728266769534
2012-02,0.04138976454050086,0.04263538426846386,0.052991656999073815,0.055058020370486564,0.072617870817985,0.05730650557598347,-0.009402735087730714
2012-03,0.02236201224801699,-0.04048393881218207,-0.02101324480698878,-0.005678551315549258,-0.05102036864537063,-0.02295552578596824,0.05409388419501021
2012-04,0.018442873399103436,-0.010760621359111367,-0.022955839121722152,0.03348500151011491,-0.017605103682870007,-0.003991894301354432,0.04014679997559986
2012-05,-0.05701451305371473,-0.07595477839278847,-0.03457335639460758,-0.06479330654329464,-0.10512929331506139,-0.06812345696725962,0.02963812605542024
2012-06,0.062414165994471985,0.07310706102645512,0.04167111109824456,0.02395391448807142,0.04700989955904324,0.03894264341182882,-0.01687444005147748
2012-07,0.004442549706938928,2.3637201397226486e-05,-0.016120277514371922,-0.015251994858771788,-0.030303407672459714,-0.008675564368577311,0.009735162659614814
2012-08,0.027579157060777522,-0.02213297165902492,0.023449201384484246,0.010505833489698968,-0.0435002352927683,-0.006064817650541085,0.051859098751134855
2012-09,0.0545102435190398,0.07089360823315938,0.07165215413880423,0.07806391197754843,0.1037276353937489,0.08327748469229777,-0.02102354406516002
2012-10,0.008264561046439063,-0.02101880224845219,-0.010755037793183837,-0.004959720646066558,-0.026507256332021976,-0.011933529356754534,0.025415449490423334
2012-11,0.036718267460987775,0.04281167533024093,0.021082098364827342,0.01948327796944341,0.034918398164936464,0.024123587527522895,-0.010764264032373107
2012-12,-0.0009685588962200479,0.011188904550134217,0.01813103356942527,0.018439696257526787,0.021163535029359946,0.003197347497427605,-0.007440651109093713
2013-01,-0.0068398411075563945,0.03422609941576101,0.0295994706003835,-0.027178337886282437,-0.03608469960437468,-0.02918180898317581,-0.016079789402612583
2013-02,-0.07053049902585745,-0.08191390158520634,-0.020890290437983836,-0.09366704214216268,-0.1297758883862232,-0.10463827748181356,0.023746124401704705
2013-03,-0.015203640035360419,-0.017974909706444848,-0.0033315425450717658,-0.05098396406500739,-0.07490790455921147,-0.059122838550486646,0.013347605082644251
2013-04,0.08141813429431634,0.050468787372937016,-0.022540165689506446,0.033326273964084316,0.0454343925178463,0.021519871570619447,0.00942061418380867
2013-05,0.02288462074512842,-0.008124711093061237,0.021597505270270326,0.013110413001339112,-0.04128933684256068,-0.017718406089383527,0.04270454084104472
2013-06,-0.05929506450727905,-0.050023157199581766,0.006542968530617014,-0.05542103280562066,-0.08318513795456972,-0.07697631748961103,0.009246098920625896
2013-07,0.001986501303783051,-0.055949732133318164,0.05127506270895108,-0.05077462822719572,-0.10804674919081854,-0.0600039355301471,0.05760417720036201
2013-08,-0.061510933440800594,-0.04796151131448604,0.014324893212012425,-0.042567518589868174,-0.05491522023388963,-0.0192736553590715,-0.0006008602411465419
2013-09,0.07611173518992194,0.08129564160801211,0.01898638468352957,0.03962294404127825,0.03335428712735206,0.05541310742289876,0.0005423752479180102
2013-10,0.05204480873274738,0.07216367517387319,0.081724884275219,0.0786195232663107,0.08169142743340033,0.0672236357178389,-0.011595385304107725
2013-11,-0.027966711623213833,-0.01777718988040536,0.006599927686239049,0.04405777908287961,0.03844086971707666,0.04317738674365051,-0.0022863061885027604
2013-12,0.02045313072793747,0.019446984706564863,0.057464698613780674,0.0704584572058634,0.06669067657606634,0.0628582309199223,0.0023869633255848358
2014-01,-0.031319015054255786,-0.051486475648181464,-0.0008651998571960058,-0.03736783975169068,-0.06513633680507028,-0.047516601001646085,0.023967978823652633
2014-02,0.0074229474219232655,-0.0017194692252994028,0.05141647209357128,0.05052066543050459,0.019107403069819395,0.03517125500994618,0.020277839503953933
2014-03,0.11197923188433276,0.09493018086071148,-0.006629176072828616,0.09993619284792597,0.10219877294928041,0.08654873991742827,0.007393235461133407
2014-04,-0.015472014308449198,0.010976566599293646,0.005412580373250464,0.03947807755096467,0.037725238369802655,0.04953218007727688,-0.012347870863290415
2014-05,0.09760297151506477,0.16162093153576385,0.04092054799231499,0.1483822097000746,0.2289071146022068,0.15392346022231693,-0.07227143246141565
2014-06,0.019458224102607224,0.07410834783607376,0.09386087506307958,0.14319417813786633,0.10651459930579729,0.13524116934208802,-0.008985272450698745
2014-07,0.03132018111499035,-0.015788971745411735,0.014445592574131291,0.009667495756676223,-0.03310193030843546,-0.006588279155578694,0.04493928946275688
2014-08,0.053335215834999304,0.001277183942690108,0.04016544257805729,0.0534955863483579,-0.03807004922469389,0.04541893387597368,0.07181183373268049
2014-09,0.017192742276013348,-0.016074585687642407,0.04530716564735351,0.06626198361140466,-0.02063637645094626,0.06693483524681783,0.06008284401300334
2014-10,0.019986950580631796,0.02794135354095964,0.020254119685490325,0.01896184510720936,0.03407162610708069,0.020567101686619148,-0.01153209198009959
2014-11,0.03532359032664057,-0.0205224676839505,0.02812189709212444,0.05059745427865722,0.018966874941488694,0.02016306339846346,0.0437383186738798
2014-12,-0.00812506242659682,-0.018672160243304013,-0.03422840840051933,-0.006695650963947201,-0.012086856790933636,-6.809642240963497e-05,0.007969151821846814
2015-01,0.07565907233611557,0.034636460875333015,0.06814149997150891,0.02815952923787829,0.0428950671491338,0.035618647791716064,0.013143536774763528
2015-02,-0.012041929854269044,0.011091494730835394,0.03965843463550159,-0.015910272002691718,0.009134479043809634,0.008165271077696927,-0.024089087815802896
2015-03,-0.013932854952703608,-0.025659511278160588,-0.013817926640775451,0.0008286351196396303,-0.05503339918618357,-0.012910519489924515,0.03379434531564009
2015-04,-0.030227165215821007,-0.015046959867049238,-0.04976699609678221,0.0024712223520872902,-0.024436618247309343,-0.01485793323102601,0.005863817625312434
2015-05,0.05785864659993792,0.03442176814199884,0.03302855935418931,0.015749883536672685,0.014616589072414652,0.02282817272723782,0.012285086461098556
2015-06,0.026042664706962045,-0.023337839594085388,-0.005399184072392321,-0.019784370781022187,-0.04598965952809712,-0.011140225708550956,0.037792896524061176
2015-07,0.056237254895202184,-0.007264615857750351,0.026526579967087835,0.09312300432859966,0.04531141289718335,0.11019648574363985,0.055656731092184414
2015-08,-0.040139496458451475,-0.09781924389882024,-0.03198558093258277,-0.05964261151708597,-0.11817334051689565,-0.07875152880608217,0.05810523822008923
2015-09,0.004154794299365778,-0.019938354268257484,-0.006214015388285795,-0.0014810852482782405,0.001574534130622641,0.015547484657847834,0.01051876459436119
2015-10,0.000925249616569327,0.03620516681613238,0.014005624353822672,0.04476746204065265,0.05066623389817327,0.01958381019909305,-0.02058934452854184
2015-11,0.020903887609562473,-0.03865063830491589,-0.02167933013130071,0.03598442648893215,0.02622966067507905,0.045134164236027015,0.03465464586416574
2015-12,0.011389774655893904,0.037039569201025406,0.004026878693542992,0.03768283048831543,0.015528455332267432,0.025909406706931547,-0.001747709694541754
2016-01,-0.0588276519315342,-0.0628627291356222,-0.03250527426605748,-0.07651788986085524,-0.11743591054234116,-0.09888036544590424,0.02247654894278696
2016-02,-0.04681001809657246,-0.07918060834626515,-0.07126507563970286,-0.12714090781371906,-0.14468377363418855,-0.15232636669564698,0.024956728035081102
2016-03,0.07088563704248124,0.10132313270067003,0.11223577743816213,0.10962433772146599,0.10906285629785079,0.1396970689480657,-0.014938007117286795
2016-04,0.02998701774838198,0.020386345768032353,0.008277404869773587,0.06072834211389105,0.05179509520498857,0.05381958631335473,0.00926695944462605
2016-05,0.015381063192425572,0.009308667957422806,0.031945648917144534,-0.00025248825604120954,-0.010913278015840822,-0.0023122554657559235,0.008366592497401189
2016-06,0.048635066094268445,0.05558662173624074,0.016373500340322384,0.06479880341952308,0.06115836462582494,0.06372250603872984,-0.001655558424137074
2016-07,0.07291496094859845,0.06773277427161352,0.03357668935451101,0.0481635663020143,0.04746788644966837,0.029794082968856574,0.002938933264665426
2016-08,0.021770652542677845,0.025276483651827712,0.006320057164264232,0.029883376331384083,0.009970932231844783,0.013471765647242642,0.008203306495194716
2016-09,0.015481004427793946,-0.008979053177458047,-0.017502883512425245,-0.0003666712800492659,-0.008437849953090028,0.004152645758003438,0.016265618139146377
2016-10,0.024978250285115047,0.04631424115462751,-0.0015364767703108548,0.08057911170312738,0.07208246302491891,0.07312269749503696,-0.006419671095651995
2016-11,-0.06580638712921254,-0.01605122509800777,-0.06121107359437904,-0.10378506278311533,-0.105445395101606,-0.07464522605047941,-0.024047414856357058
2016-12,-0.012560990134266772,-0.03717888547785494,0.01166999808658044,-0.00816471317766931,-0.018577174487798498,-0.017752908875268824,0.01751517832685868
2017-01,0.07429069316097038,0.0913268696725695,0.013871125908435774,0.06721058868459576,0.0763104598568816,0.06909267770163846,-0.013068023841942472
2017-02,0.03874881976292158,0.03048682594605802,0.05686993223989872,0.04521017524463472,0.040697707418287876,0.04107917180407777,0.006387230821605201
2017-03,0.04231059626208213,0.023150248526777027,0.030840294947672327,0.06625851236705439,0.04609735362999652,0.045750932082806395,0.019660753236181487
2017-04,0.04929155161441576,0.01266098740482966,0.005194330141603883,0.04774588008640084,0.07687106947290341,0.04734306542380655,0.0037526874115417705
2017-05,0.04990433462608361,-0.028505813003412636,0.020122115893005246,-0.01587319551937524,-0.07059552498223472,-0.024916767001862957,0.06656623854617785
2017-06,-0.010687186376554457,0.010597106656311639,-0.008106609269126566,0.02159303984985721,0.015613286757150601,0.0053096020640014735,-0.007652269970079745
2017-07,0.03539920907681825,0.07014898161825106,0.043050871754887,0.03317056125787474,0.0518899831251763,0.044893405978449326,-0.02673459720436719
2017-08,0.06251856699268085,0.008031502985671762,-0.018932599063493,-0.00982452291330698,-0.03283132805956818,0.0017043575958756775,0.03874693457663514
2017-09,-0.018105917623647123,0.008540869072751617,-0.02163195255277655,0.011304324231750216,0.0029589288737297496,0.0038938339230960048,-0.009150695669189137
2017-10,0.06495670910868194,0.10395591497936188,0.05695333677646321,0.09058019666875103,0.09917855744555817,0.09289024662441378,-0.02379878332374355
2017-11,0.013356474277840848,-0.0253339178364614,0.000982321042719091,0.07002125353040813,0.028998139958235813,0.02263164147700343,0.03985675284323728
2017-12,0.05860511576190633,0.03522873679541045,0.04352609383332373,0.052659638327212245,0.06617562308211261,0.057135669896452565,0.004930197105797757
2018-01,-0.017367267128421855,0.005017736657679061,0.04151923399311022,-0.029465875990289894,-0.045742130245327216,-0.029664252232060883,-0.0030543747655317963
2018-02,-0.018677266964771237,-0.03498863256100607,-0.030368313678096857,-0.021301159998424118,-0.04883180666092485,-0.030694222054501574,0.02192100612936778
2018-03,-0.002099165424348174,-0.057633474873973085,-0.04104509068608601,-0.061707095277663666,-0.0956612965073982,-0.07042762363719962,0.044744255339679725
2018-04,0.059379855474329245,0.06294596151979562,0.09398778258204826,0.05329141522545081,0.07327278836800122,0.06140533248058708,-0.01177373959400839
2018-05,0.013203231537150792,-0.02727045731448561,-0.03308881086260918,-0.07596617938013997,-0.08673203716243265,-0.07981405525683759,0.025619773316964543
2018-06,-0.022590118647741974,-0.015955212250028286,0.0019277110098356379,-0.06128638137365106,-0.095020319011055,-0.08233171124257095,0.013549515619845125
2018-07,0.05416627873887067,0.05670949618190615,0.05602464081733728,0.025743962947922867,0.01986122095004678,0.022332706370895558,0.0016697622774203003
2018-08,0.02218161126048706,0.042037991777208135,0.07121474342925936,0.022784715366308127,0.02256797744681241,0.041589278994482386,-0.009819821298612676
2018-09,-0.10224049001073948,-0.06874923861954316,-0.04111811998786768,-0.14494815780065723,-0.20301910672940998,-0.13323792185245203,0.0122898487687782
2018-10,-0.04581707415191061,-0.03921664294314476,-0.06912969057215451,-0.019692197204185063,-0.03515211764658783,-0.01321930664675541,0.004429744616818457
2018-11,0.07104488052574148,0.010648207871226717,0.03304534344600178,0.01509795141359364,0.00044916469982630286,-0.00655507588076872,0.037522729684141054
2018-12,0.017270363992894333,0.02128919887225007,-0.01314451603706487,0.01982360395473999,0.012600746045542378,0.019696676983096885,0.0016020115149209396
2019-01,-0.04078179829838501,-0.051562114049131885,0.01780940220256623,-0.06017123659622168,-0.0874011780742845,-0.05872031481222498,0.019005128614404856
2019-02,0.0014555768543400736,0.007696512788264903,0.002627660447867836,-0.017796277571290944,-0.0467743383357263,-0.02832554179663507,0.011368562415255265
2019-03,0.04394180706146987,0.091999941211267,0.04985817034075932,0.09553259090897878,0.08659161844964813,0.08488445047316648,-0.01955858084523325
2019-04,-0.004355361238519169,-0.015541015976795584,0.04096820266005786,-0.026464470636165395,-0.03603231232606896,-0.03332053147349173,0.010376748214089989
2019-05,0.02079492121707043,0.025594952160003216,-0.02016864494382508,-0.004240470160434446,-0.022349104544471806,0.019924648019138392,0.006654301720552286
2019-06,-0.005095971280975064,-0.004807791965058124,-0.019526443772636216,-0.04801052417439041,-0.07802568816339188,-0.057334918228167796,0.014863492336542265
2019-07,-0.06290997781988523,-0.07449312144849166,-0.04107677665904529,-0.13612097822155053,-0.11330524396846571,-0.1226661541228918,-0.0056162953122392
2019-08,0.04432334730469036,-0.03392726626304865,0.015376146410513818,0.008698383793900125,-0.03782183934509578,-0.04231556518694486,0.06238541835336746
2019-09,0.10012131466138754,0.013466659645177296,0.026511295662732193,0.06427142332714456,0.020145393968267537,0.0690293053256192,0.06539034218754364
2019-10,0.07472291282899464,0.047279351965931284,0.019401798689453024,0.026860350006525178,0.003577919711215669,0.00568425643489112,0.02536299557918643
2019-11,-0.06583653308172327,0.05149024058468564,-0.015481144154951684,-0.026750159608233452,0.006176402860988561,-0.01261109569494989,-0.07512666806781547
2019-12,0.009115671662030037,0.004621128442805103,0.0020942718602756055,0.0035376931265979615,-0.013848856453840382,0.002913056765436355,0.010940546399831639
2020-01,0.0019690969477533676,-0.01942445869930465,0.028810076952583582,0.07336264376282049,0.0453327909669829,0.06304187709273058,0.024711704221447806
2020-02,-0.014912736657599176,-0.06913493089604464,-0.0755589365916567,-0.07631159329584794,-0.0977542977732111,-0.09193427890018996,0.03783244935790431
2020-03,-0.11124107158722286,-0.2107151126916964,-0.19507062396477043,-0.32868484357281796,-0.3300159797717175,-0.316512298137261,0.050402588651686536
2020-04,0.08237367005876137,0.18637014758949152,0.1444874509093527,0.13420901393426546,0.11619090644338186,0.1721213768891141,-0.04298918501992327
2020-05,-0.02253104021798757,-0.001859104158336312,0.024486741769501913,-0.029173474988040897,-0.037859892604085184,-0.013854779888352672,-0.005992759221803486
2020-06,0.050520855719375916,0.1126841473651401,0.042752598930053703,0.149994945359569,0.19133783350576578,0.14006309945722484,-0.05175308989598047
2020-07,0.041372675648635185,0.07999326855207874,0.10603756961375503,0.01865081185115565,0.038895369673245646,0.06343714227862836,-0.029432575362766777
2020-08,0.015752472885869003,0.02650761087912874,0.02246586381246774,0.12431516988192522,0.0908280230585737,0.11695643097864865,0.011366004415045886
2020-09,0.02775604755759169,-0.00449188569907092,0.0417435096795204,0.0006109737822418622,-0.026835140473804704,0.027306560890670555,0.02984702375635459
2020-10,0.033765059768394064,0.0024127794476703724,0.019528671672139845,0.013294364334522748,-0.01868958930536296,-0.014940229823870799,0.031668116980304695
2020-11,0.045046680374911455,0.10490278844029181,0.08428372697685688,0.1134562384581221,0.12068192261351422,0.10762156946584762,-0.03354089611038624
2020-12,0.09657352021463209,0.06876368486915473,0.08419163483329664,0.08029082502013728,0.08268700229253267,0.07512732337280836,0.012706829036540968
2021-01,0.00786823983000782,-0.04007868388026115,0.004914573577390323,0.018905459491786486,-0.020077675254291123,-0.003094151047155384,0.04346502922817329
2021-02,-0.006422018161676694,0.13715465319597542,0.040810534394535615,0.09585239057498028,0.08945572061150356,0.12054209603991743,-0.06859000069708769
2021-03,0.06698108251378698,-0.010808644298001805,0.055161134628835984,0.012553042409857357,-0.012918942680297217,0.016564509268459857,0.05163085595097168
2021-04,-0.021320671315828935,0.03715059920941606,0.0055651267447340905,0.051395750326388094,0.02263499254732695,0.05541579673668907,-0.014855256373091928
2021-05,0.06339313762154523,0.07073146989336279,0.07685409284277175,0.09795837811049769,0.10807915344035887,0.09299159790156646,-0.008729553800839368
2021-06,0.05016557203012167,-0.006675967763468043,0.028057525114160924,0.06421190880027275,0.071377605557075,0.07039915343780184,0.024837921518393737
2021-07,-0.014693388975780937,0.01470187449624978,0.03338996965302669,0.07908532536446075,0.05296492986762029,0.06512080579876679,-0.0016374339875951244
2021-08,0.11276531385271434,0.07862347587072414,0.06673773241861593,-0.023195414723489138,-0.043550710710360645,-0.03679263898665528,0.027248566984430848
2021-09,0.027424437813628293,0.06952755898805787,0.01790546993230237,0.046436469311578826,0.07201603178730927,0.042949500367378726,-0.033841341825080015
2021-10,-0.022688446043806463,0.003839295117826436,-0.012347640447201633,0.0050028448214258095,-0.01487347057728307,-0.0005932048925501631,-0.00332571288146201
2021-11,0.01670924663313494,-0.024989340119785253,-0.015074289932414987,-0.02119443092141201,-0.0294545853426855,-0.014961507776796779,0.024979370587096844
2021-12,0.03688162809318031,-0.0077324819385525085,0.058654306595269504,0.049627815056763384,0.04256924666918449,0.053321071418042106,0.02583633920965585
2022-01,-0.032929116836526384,0.0314721328754491,-0.04211194150311106,0.01830363094530856,0.015131599582459134,0.0025360465006782277,-0.03061460917456303
2022-02,-0.028468140463143877,-0.023655090927005296,-0.032879435748238865,-0.09863930354635442,-0.08828339879679359,-0.08530738385084552,-0.00758447714284971
2022-03,0.023114748017207053,0.06545803016254902,0.04781740739267067,0.031558540991714144,0.04663025617740002,0.04171029410304597,-0.02870749866551392
2022-04,-0.005166036258031904,0.049812951129921734,-0.017259377045051944,0.05392162179514308,0.03586132318255204,0.031164198391650882,-0.0184593443876813
2022-05,-0.04953375292495495,-0.07564622466039125,-0.03363950803611301,-0.08977444905620732,-0.08851685271431133,-0.08541584448855097,0.012427437696770155
2022-06,-0.04705133076067889,-0.04718939520650449,-0.045353321255462,-0.042679928929007904,-0.06698298111842525,-0.055215757832137495,0.012220558317621477
2022-07,0.09852857887274681,0.07332815407696515,0.11103911077482846,0.06387861904986533,0.0840148713357937,0.08351322810956587,0.002532086254926652
2022-08,0.03608046919492423,0.07714954405383552,0.04323035944082554,0.05796598797546248,0.05829733469690989,0.06504267280380205,-0.02070021079017935
2022-09,-0.016827922509366582,-0.055059801669664656,-0.026908117734999883,-0.018467092246420805,-0.0032434133273668724,-0.008117404726290479,0.011504100120622068
2022-10,0.01891701547378685,0.032810242826802956,0.03606773570128562,-0.0003698293877207754,0.025387191185215825,0.013927268963454378,-0.01982512396297635
2022-11,0.027918011069258643,0.015196314277373953,0.040019135535776275,0.01452431197934533,0.0262380903142163,0.024866115992156067,0.0005039592285068575
2022-12,-0.028792549360195846,-0.04234747560780951,-0.03837706732059452,0.002756609150346827,-0.0325679006596834,-0.01869383609869573,0.024439718028821944
2023-01,-0.03648136714938947,-0.07178273851580085,-0.0295888410896575,-0.016510938229670234,-0.022934753298911707,-0.02053946904570311,0.020862593217826422
2023-02,-0.0534259948812669,-0.06104613894683397,-0.03273021831115403,-0.050580504319991705,-0.058025799294826715,-0.04193638922683886,0.007532719520201042
2023-03,0.002202594875455134,0.030668322884082118,0.006885531045499036,-0.015549801472300565,-0.02503599101835183,-0.013873230208811208,-0.009489769231287859
2023-04,0.03368888555161391,0.07166134316022164,0.03141603228758251,0.07591349641497812,0.08208146805742034,0.08475174013269571,-0.022070214625524984
2023-05,0.06240969088855681,0.03535404484258944,0.03864627476906322,0.03668141774498704,0.06209951863716787,0.048839908316410094,0.0008187725768932647
2023-06,0.0358487670165178,0.05142009581710426,0.03888520843595714,0.08203251680133028,0.07693656125331211,0.06560170248534648,-0.005237686626284155
2023-07,0.029538700295086064,0.05294616140823392,0.043033469757452744,0.04890462827969545,0.07100342662684705,0.083416794309835,-0.022753129730149722
2023-08,-6.045249815563442e-05,-0.00864618528145341,-0.0035864971753549984,0.03714678747979045,0.08982890769396687,0.06162623223609177,-0.02204819371543932
2023-09,0.019929382687982666,0.057885328813906047,0.011301110215652438,0.008604082141354554,0.031621176748487766,0.009021935135012267,-0.030486520366528297
2023-10,-0.022756570471420413,-0.021034057562823658,-0.02544192480378075,-0.006320238106702495,-0.007791580408899754,-0.015954231609859135,-0.00012558530319974753
2023-11,0.06897039495593522,0.10398276546909108,0.06757788968091279,0.06889629046716864,0.09426558145702145,0.07024341249079477,-0.030190830751504333
2023-12,0.07922702165199216,0.10739817804163856,0.0859817308245367,0.04711550711724101,0.07125716402667498,0.048413580423443056,-0.02615640664954018
2024-01,0.013017451944513392,0.08297889161810552,0.029214851222078356,0.06000805029397725,0.10595625254620908,0.060302951130578576,-0.05795482096291198
2024-02,0.03967153408996992,0.027928380969585425,0.01922704809402222,-0.01865385874218461,-0.002534253379156141,-0.026536899780140843,-0.002188226121321987
2024-03,-0.006438108892362952,0.01636169667200327,0.01380500796405294,-0.0600488805723322,-0.07529757536701329,-0.0546150557671295,-0.0037755553848425674
2024-04,0.009265396201548239,0.06483933730336254,0.027132081480665732,0.11033955664265918,0.10158925132851214,0.09566484149224441,-0.023411817893833634
2024-05,-0.0015856483837809528,0.03761611404916956,0.03118130770289531,-0.03156278900614074,-0.030323240660933233,-0.01856409463293941,-0.020220655389079013
2024-06,0.0626021840773891,0.05510208759797048,0.07478471238483807,0.12522845086923187,0.09845679501018581,0.09905250074614358,0.017135876169232345
2024-07,0.07959540139245029,0.05757377661868034,0.035854973890860654,0.05206858561051076,0.07853524492713058,0.07894091284313168,-0.0022225172714249314
2024-08,0.015920412826027124,0.0029388760535149546,0.0022598826876890285,0.02459389398763928,0.013614690355445411,0.0061555407201109155,0.01198037020235302
2024-09,0.0027507134470952698,0.02905805485887,0.025006423291665393,0.007068786902402934,0.013088601404769987,0.008454133763133805,-0.016163577957070893
2024-10,-0.10648736421173385,-0.0707264393413111,-0.0635637015952376,-0.05572235963591146,-0.03986242422493273,-0.034150103972143846,-0.025810430140700738
2024-11,0.0033771639417038667,-0.01070115778402309,-0.005340222048559197,-0.00657059274312967,0.0097272052788963,0.00180185925223296,-0.001109738148149506
2024-12,-0.01829003865999075,-0.012666402597300086,-0.014189719416077972,-0.004950307008913072,-0.024329547181648932,-0.005356481808492862,0.006877802055022596
2025-01,-0.016388741843373716,-0.03935207512915945,-0.03275145632904973,-0.09484706803644018,-0.10858076013613398,-0.09764542205855312,0.018348512692739773
2025-02,-0.11388182401894285,-0.0785035720005358,-0.09107399713522274,-0.1552360855112277,-0.16375456003443364,-0.16642622040372043,-0.013429888747600566
2025-03,0.055022850663534476,0.11509344565251,0.06663004284562303,0.058489088686400514,0.055830390455477996,0.0626923668505427,-0.028705948379026507
2025-04,0.03282497011183601,0.029203972608345518,0.011128813389071403,0.018883702287408426,0.020864618249090607,0.0026788151017584708,0.0008200407709041541
2025-05,0.03363460527808247,0.038323003714477624,0.036207116134031006,0.10118661497884443,0.10765153587632513,0.10354890752018915,-0.005576659666937933
2025-06,0.033707928438455124,0.0468688720995664,0.028405644128620167,0.02425982732843559,0.04260848136426277,0.029695045628362695,-0.015754798848469233
2025-07,-0.046983260551667454,-0.03918387631479837,-0.018024623384491945,-0.0017654603412709943,-0.02323809504092631,-0.01953739985469529,0.006836625231393115
2025-08,0.023797226372617938,-0.03053657460824293,-0.011495359187689177,-0.03470964436345887,-0.03354133179328159,-0.04675760877139267,0.02658274420534179
2025-09,-0.0009680393810265163,0.03837466329686404,0.0010468241335077491,0.010294251949366737,0.010651927767929968,-0.000990143091491353,-0.01985018924822689
2025-10,0.01260541799312884,0.046755624249306973,0.019588090926308914,0.02674678711063935,0.009561167286434571,0.0208203892608493,-0.008482293215986678
2025-11,0.007073257583479469,0.012150507520514678,-0.008569102320588835,-0.04482627308483898,-0.04595367429761117,-0.04071964748032554,-0.0019749243621315082
2025-12,0.009796822149053504,0.005473845996659632,0.009301629445856243,-0.02199543967083177,0.0005983671479987977,-0.02004953446603104,-0.009135415333218348
2026-01,-0.046356867470025556,-0.019360131822003364,-0.034256870686179795,-0.07669303771285153,-0.08317502028957749,-0.06482101799940922,-0.010257376535648122
2026-02,0.05370814056593956,0.027501219166875004,0.023097924508396848,0.03745077131818094,-0.01238884250307128,0.028658588480147275,0.038023267610158396
2026-03,-0.13581145064183742,-0.07095741426421442,-0.11029872772189853,-0.11790205168740578,-0.12229621857480705,-0.11889951462958441,-0.030229934745110848
