Month,BH,BL,BN,SH,SL,SN,HML_SG
2002-10,0.031525820925635724,0.02400207029084889,0.021269838583686255,-0.034830815852897684,-0.024877452186189915,-0.018310173131789783,-0.0012148065159604676
2002-11,0.12483575424590201,0.0363407492435906,0.051573673119556906,0.049146131346755904,0.1026646487989832,0.06440921243986687,0.017488243775042073
2002-12,0.04366823647028778,0.12350055260660225,0.015858136548611554,0.04963722769733321,0.0314647934552431,0.0399812585909623,-0.030829940947112187
2003-01,-0.057991372223649224,-0.01132883997869041,-0.010168715527264774,-0.06264308566914718,-0.07081025957379433,-0.024468971319138014,-0.01924767917015583
2003-02,0.021244786290659717,0.050475633200034356,0.024729779642596466,0.012003502241163906,0.032126372910209026,-0.006333774809370332,-0.024676858789209877
2003-03,-0.055826691882382665,-0.04875962165172907,-0.09466771466663768,-0.1231058348926709,-0.1351335648322844,-0.1059578982015302,0.0024803298544799485
2003-04,-0.08944564073752771,0.026616359157848556,-0.009165594745437388,0.06958278298492321,0.05979748117674016,0.05976751401944378,-0.05313834904359661
2003-05,0.06478264461693369,0.2688608221493381,0.1715517253109509,0.18431732414565055,0.23567517653268932,0.1622807181412583,-0.12771801495972163
2003-06,0.12026025043131104,0.14799926235934183,0.08566791763320923,0.17983521267831826,0.0976230136420332,0.14354806296616796,0.027236593554127136
2003-07,0.09508117580755356,0.00649929164230426,0.01912532705825942,0.07204795584094592,0.06543031707932478,0.06816843924424863,0.04759976146343521
2003-08,0.1313318517354737,0.2997783397152699,0.20019703363341815,0.11700772698060435,0.09557554292927255,0.14440620411606478,-0.0735071519642322
2003-09,0.09303017510759885,0.012029568679925629,0.04450401445977477,0.05798980875445395,0.02733755810651815,0.05081742946739661,0.05582642853780451
2003-10,0.05702498780712814,0.0006303805374315772,0.07700807664355845,0.02178127743429045,0.025080669957434923,0.057556503436253736,0.026547607373276046
2003-11,0.030745085290793797,0.10134542487922277,0.05068551955892889,0.1260444798614546,0.1256572976561147,0.14068082553375,-0.03510657869154453
2003-12,0.19959239184219696,0.12755576095295176,0.1899984246844509,0.2597798325351388,0.19966759750188884,0.21535876950741503,0.06607443296124757
2004-01,-0.06818321431456457,-0.046354142726094026,-0.03184609862836414,-0.1090071954427827,-0.12104282680434188,-0.12530404862262048,-0.0048967201134556965
2004-02,-0.0010414941320655631,-0.05191349144209742,0.003175973614957076,-0.042606111594456625,-0.03931956779978006,-0.04162614309607334,0.023792726757677646
2004-03,0.037649065589729976,-0.0967283383258579,0.006798947034121469,-0.042648893549691286,-0.052567863225892,-0.025375916975746336,0.07214818679589428
2004-04,0.006983127949308862,-0.032148255846348894,0.02918626086952814,0.0815884688566944,0.0785469749329873,0.07911486994585412,0.02108643885968242
2004-05,-0.17403536046884313,-0.05613051112339742,-0.19375915195555907,-0.159488567788324,-0.12153455424826008,-0.12810937387285326,-0.07792943144275483
2004-06,0.012174305461089403,0.007051351525122381,0.0363957803545318,0.03744402855723654,0.012586344238662782,-0.00421009447893117,0.014990319127270387
2004-07,0.12769902519539106,-0.00466213407179913,0.07399937580105209,0.11485650015434519,0.07696470303597198,0.09414794462013419,0.08512647819278168
2004-08,0.004140344489434686,-0.022440076239404402,0.026929191338268838,0.10967956372888464,0.09587286866374983,0.10736181286424631,0.02019355789698695
2004-09,0.08463142014127203,0.1289422056693536,0.07096499369267947,0.10025148503233479,0.06856016687229816,0.07081087832131132,-0.006309733684022462
2004-10,0.055309993965586994,0.030047567538455895,0.0006683678619959965,0.05489195827883293,0.029290860678806232,0.010405615929270879,0.0254317620135789
2004-11,0.12105017980688772,0.07462887776545475,0.060902886223545394,0.124413644573071,0.14598866943246558,0.1303604499407816,0.012423138591019206
2004-12,0.07778340758111019,0.03471910351883191,0.09530213859146182,0.12734724121705168,0.13981106133060187,0.0959983664293632,0.01530024197436404
2005-01,-0.003150304151284256,0.009739483283904008,-0.041729725088591844,-0.004596480487952845,-0.019137988518719104,-0.008758500323159363,0.0008258602977889978
2005-02,0.024113296150353267,0.016494111897995302,0.03330280898409331,0.056379085338971166,0.04972026731992184,0.061101104029189876,0.007139001135703642
2005-03,-0.051735306537398294,-0.022859868502958985,-0.041760926420409045,-0.002439288970362612,-0.00898611885049153,-0.007409281224554402,-0.011164304077155199
2005-04,-0.0574148855116569,-0.03514138351242643,-0.036323936865030645,0.01951798499410309,0.03684315464360805,0.01869544768145912,-0.019799335824367718
2005-05,0.10836945362099015,0.09681299781382806,0.06519935633354794,0.09142430332836611,0.10181152048801491,0.10583535201211657,0.000584619323756641
2005-06,0.040834239839022686,0.10695642415976774,0.029620571665783964,0.0007489354680430383,0.01213040255445318,0.002693906713792789,-0.03875182570357759
2005-07,0.06479981944023773,0.014045021109036517,0.0567857562429941,0.11308626328092773,0.11220011001918569,0.10001099577070917,0.025820475796471634
2005-08,0.05730583353910222,0.04330275357839655,0.05166252452140734,0.14124005129410597,0.15816762593635544,0.13214220566120077,-0.0014622473407719105
2005-09,0.09027101935053983,0.07293796208297944,0.08474131614935024,0.00624924199817472,-0.01605625065163737,0.02342472756561571,0.019819274958686243
2005-10,-0.07986215586322534,-0.12540502390492872,-0.07312259716690049,-0.1291435868057123,-0.12812243326717798,-0.09274978145330046,0.022260857251584512
2005-11,0.11193511363375133,0.1311675822905878,0.12830552469340734,0.12166351466307623,0.11820671912755523,0.11451397849810417,-0.007887836560657738
2005-12,0.09491901669150415,0.05746194014227602,0.05800646280797001,0.05740233112055265,0.0628256103391022,0.06065149410017844,0.0160168986653393
2006-01,0.06371458280179239,0.05034234473853664,0.09426891911957057,0.05468843950690501,0.04459801496795495,0.04595708148744546,0.011731331301102904
2006-02,0.003588010555228974,0.07376451856120707,0.059936457079905796,-0.012296304452601615,0.011221611644423844,0.002015205792241565,-0.046847212051501774
2006-03,0.12518590439647417,0.10009531514124698,0.10975611134076033,0.0929945889827949,0.06905322684359516,0.06373325043260791,0.024515975697213477
2006-04,0.04876164419647067,0.06869597636343754,0.10209387681196874,0.08543260934497914,0.08725954204944228,0.0890574748711836,-0.010880632435714993
2006-05,-0.11580656821004358,-0.1623361449089204,-0.15842698579717335,-0.12670442586585035,-0.1312045485019444,-0.14226009416372415,0.025514849667485434
2006-06,0.004685306086678264,-0.058808066784513315,-0.005362281903894054,-0.15018685496684103,-0.15487027161463773,-0.14622495650598316,0.03408839475949414
2006-07,0.018711498392071684,-0.008509002605172018,-0.026847659822820225,-0.05349317063913206,-0.03237752170937394,-0.022351545386878887,0.0030524260337427937
2006-08,0.050093134118154956,0.09106822894736534,0.11156720674760309,0.12158890262367414,0.12576202632837574,0.12089926006764382,-0.022574109266955994
2006-09,0.04171301614390715,0.08479840125754813,0.058380456975617064,0.0581014627056606,0.041791783834149984,0.07414580917218741,-0.013387853121065184
2006-10,0.10168072244738925,0.05566922397718338,0.013780126314771098,0.061254620104274855,0.027365126874017404,0.03083208019946402,0.039950495850231665
2006-11,0.0963736099809804,0.04678106743875071,0.01673504184720309,0.07902741859279504,-0.0012032424190610764,0.010544400880007862,0.0649116017770429
2006-12,0.0026957393492416408,0.015566554012743926,0.013624404907541654,0.044940277466374606,0.03934308061522682,0.01549999267475787,-0.003636808906177253
2007-01,0.02324952381160779,0.06497269984273064,0.034543201936863055,0.06497565551079906,0.05624619370354284,0.049745956285831006,-0.01649685711193332
2007-02,-0.07900093800977755,-0.11220148981959166,-0.05844642952456293,-0.09693666040419803,-0.12242118699542026,-0.08087499965613887,0.029342539200518172
2007-03,0.005420001589598814,0.07443273171624394,0.017415607903978815,-0.013021179747858765,-0.06785450126045771,-0.03896115985371267,-0.0070897043070230915
2007-04,0.06442022731196553,0.07403756085506115,0.07753531746923317,0.07649682546195932,0.07001226752639829,0.050212194453091226,-0.0015663878037672913
2007-05,0.036056948858022964,0.03938250117087394,0.05307710296619531,0.07411234024073335,0.0309083032781417,0.056586247816001065,0.019939242324870335
2007-06,0.011558100704100877,0.00742082006345403,-0.009223719570675366,0.0384338811878799,0.03335819326172573,0.03447225838830072,0.004606484283400509
2007-07,0.03475083698459378,0.07834921050618425,0.05568225085296778,0.02711409657511214,0.024603256086440692,0.016916408508560368,-0.020543766516459512
2007-08,-0.028443905507044048,-0.021906808805597,0.008803701482894551,-0.029754806336696627,0.0035938490275000683,-0.012651213026426238,-0.019942876032821872
2007-09,0.08414080906905563,0.20823113540490007,0.12824665350085887,0.07580244938225666,0.11285257860653297,0.0999583400186678,-0.08057022778006037
2007-10,0.16009724897225075,0.14080847326323903,0.20821105006051538,0.09985100526444333,0.019573824109845303,0.04321497735256707,0.049782978431804875
2007-11,-0.04859413657418938,0.1127704641173866,-0.02673235964495801,0.0748002785171004,0.07878700121105627,0.041082080386912107,-0.08267566169276593
2007-12,0.09796792599895557,0.1908387781633976,0.09767324126585082,0.1884164768241706,0.21332443227286285,0.1845404343841852,-0.05888940380656715
2008-01,-0.20633022517399124,-0.2212404711837808,-0.19187680911952867,-0.2294595071587362,-0.25124798299286627,-0.23764028078086893,0.018349360921959823
2008-02,-0.017128233996443528,-0.005463142805948655,0.0343639063329723,-0.020065042104893273,-0.0207604741217482,-0.03250888124027963,-0.005484829586819971
2008-03,-0.11023908353917149,-0.11142275883882002,-0.09101718000364105,-0.1831946058583774,-0.09168358258586264,-0.15700187956803408,-0.04516367398643312
2008-04,0.14060189395411415,0.1629692244559806,0.09426199342017606,0.09743085168089088,0.1376630112397333,0.10009810586061099,-0.03129974503035443
2008-05,-0.05018497170845036,-0.05637194127932706,-0.057621138869484924,-0.0791086982798765,-0.05123390282783479,-0.04832939710307504,-0.010843912940582505
2008-06,-0.2038410202799849,-0.19445105219112094,-0.16882229625703674,-0.2147412801957286,-0.14927820320760804,-0.18336134470883592,-0.03742652253849227
2008-07,0.06724595401700394,0.0815324947624151,0.08891127863981582,0.015322063557634439,0.04470668528801358,0.024701493395377003,-0.021835581237895148
2008-08,0.025515149244311634,0.010457608498671785,0.002160755189943556,0.013988431543434076,0.019535060999270885,0.010599462180515674,0.0047554556449015215
2008-09,-0.16725121011859395,-0.1333319506761927,-0.1086683774462553,-0.202543075581084,-0.17612590099977968,-0.17550447065311742,-0.030168217011852794
2008-10,-0.28893872497058265,-0.3322063169392797,-0.24408726926711471,-0.40917954836602644,-0.3437774030906395,-0.33097398934198646,-0.011067276653344948
2008-11,-0.042956294464445766,-0.014485129847320916,-0.07086445771940023,-0.1777378241462577,-0.11283100006747984,-0.12590404962981247,-0.046688994347951346
2008-12,0.14261098316262547,0.054596234465881806,0.1000175027965589,0.09463876856066014,0.12597600171972909,0.10775662688815932,0.02833875776883736
2009-01,-0.09990295276347705,-0.02875478365351489,-0.00338127291507742,-0.13243137288208298,-0.08225220016574962,-0.0980151362575572,-0.06066367091314776
2009-02,-0.05054138378827471,-0.0027740757952656224,-0.02321516173426235,-0.0998818792168601,-0.06627959292549553,-0.061943067171061406,-0.04068479714218683
2009-03,0.05235056457956434,0.12420434549253911,0.08273767726142527,0.054772558462751454,0.05261403119765306,0.05460276046168865,-0.03484762682393819
2009-04,0.20934186138102812,0.12474897854235394,0.13614784946407535,0.22866976548639176,0.18673942944532687,0.17250899235436312,0.06326160943986955
2009-05,0.475012228771597,0.36827149636514933,0.2701522423151452,0.4761738379685034,0.359352360843883,0.44906216041555375,0.11178110476553405
2009-06,-0.05768869434672806,-0.0557642458776697,0.00022233698126887267,-0.038127559371028144,-0.02427973622239708,-0.028275381670008568,-0.007886135808844716
2009-07,0.07603818762868693,0.10912231153092031,0.09415564999950643,0.08518866237948942,0.07653746968360027,0.09863513761701215,-0.01221646560317212
2009-08,0.04473995372291399,0.030465114405649456,0.01557559446222127,0.1032463153714463,0.11175264793872572,0.11092492661592666,0.002884253374992568
2009-09,0.04453888695862355,0.058297721310892794,0.08529561815955454,0.05987285344113697,0.0820863538994574,0.09257192813298654,-0.01798616740529483
2009-10,-0.08796258708709419,-0.10076672833702664,-0.047849364584474766,-0.05810520729020751,-0.08986845969301933,-0.05816721658533567,0.022283696826372143
2009-11,0.09362657878090738,0.08912263000108622,0.06448936175209342,0.0609341630094944,0.06327573525954959,0.06705733071717625,0.0010811882648829735
2009-12,0.0393263168761971,0.05182252543095801,0.05023934789383063,0.07912539179755108,0.08581627967866585,0.09873778889136041,-0.009593548217937842
2010-01,-0.026037128295316285,-0.013293505478099663,-0.04152763445070976,0.013035990291992327,-0.018483333103039203,-0.02898019742090178,0.009387850288907455
2010-02,-0.010045372061870086,-0.008835933162843338,-0.0069728048450336385,-0.027647155308221597,-0.03687710258982899,-0.014053150641734596,0.004010254191290325
2010-03,0.00733901081222921,0.04770632676632162,0.05458260197215485,0.05718421627782795,0.046876736959224466,0.06280106846836325,-0.015029918317744466
2010-04,0.01726062130137401,0.029852547729349532,-0.017568071450841882,0.06102761735946705,0.06707107483333477,0.05324338134673869,-0.009317691950921622
2010-05,-0.05669264418613429,-0.08564403562317684,-0.004584670932946168,-0.08812694609756504,-0.07331238498377225,-0.0641705246385195,0.007068415161624875
2010-06,0.04097221188486146,0.05100679961764442,0.05436987657681722,0.060179700209447476,0.06334776059705359,0.06990008514465564,-0.0066013240601945355
2010-07,0.0324402377850908,0.03266987739861862,-0.0015477901667120485,0.012003271066148926,0.04398072030733306,0.03220965916516394,-0.016103544427355974
2010-08,-0.017768752390455868,-0.006821298055699892,0.004192912266918937,-0.0036308555762111015,0.012604128360086257,0.018423945679336605,-0.013591219135526668
2010-09,0.080834864037609,0.09465090852459038,0.08677627281029335,0.06103254978229009,0.06729701337343666,0.0669852838250372,-0.010040254039063973
2010-10,0.03309203244804201,-0.02533560012079051,-0.008178760865589718,0.027021300092987834,0.02865980743789091,0.007203060387561376,0.02839456261196472
2010-11,-0.07215079979713653,-0.07770632783619422,-0.01853052587735641,-0.08260361646106047,-0.08980634324970309,-0.08697981217947272,0.006379127413850147
2010-12,0.03532360614859698,0.04897049965112862,0.045733528650745175,-0.009294056802599078,0.03156639705083022,0.01750633395975845,-0.027253673677980466
2011-01,-0.11291053173607017,-0.09004438651888887,-0.08533998837859659,-0.12798772888089927,-0.12172302224141378,-0.12413763592328171,-0.014565425928333403
2011-02,-0.04222252559652203,-0.04277135281060131,-0.04023795236143582,-0.0853050391578787,-0.08740018476837645,-0.07563483559013195,0.00132198641228852
2011-03,0.07082061387383934,0.08538827479389972,0.08234037103948899,0.04149964757592013,0.04904457405306681,0.07300861753492979,-0.011056293698603538
2011-04,0.0031589019569178067,0.00737942276985901,0.001286050286233011,0.046141009873406816,0.06374854758150426,0.047850598939389095,-0.010914029260519324
2011-05,-0.030514256854971184,-0.028457971214256465,-0.008265461198834588,-0.052463646521369985,-0.039339550178827544,-0.05206209555330998,-0.0075901909916285815
2011-06,-0.01683970330678319,-0.0030315755217789077,0.024389349244990272,-0.01803627677239573,-0.015776382063233937,-0.017639337594495173,-0.008034011247083039
2011-07,-0.030010006576911587,-0.01960571451730201,-0.02149362478212892,0.025163622926514747,0.018627409467873262,0.021910316769405063,-0.0019340393004840459
2011-08,-0.06659520641106187,-0.07056313937703165,-0.07475662119574555,-0.1312767855843444,-0.12650945255547646,-0.1044611650148125,-0.0003997000314490823
2011-09,-0.011313961294599537,0.006290200262676457,-0.018357740748567924,-0.007861172451263465,-0.005180707373011905,-0.015012330485790098,-0.010142313317763777
2011-10,0.05480866915770306,0.04874067122393913,0.05463962366376674,0.028024057100397865,0.005616923816713337,0.013015735747201055,0.014237565608724228
2011-11,-0.12143594312056366,-0.07548842957265971,-0.07442243990856698,-0.1421739369264341,-0.1514477404775407,-0.12101752913270906,-0.018336854998398683
2011-12,-0.06273253346377092,-0.04765216198467917,-0.043026461280868795,-0.10149969748481633,-0.09893125641699418,-0.11739035144981304,-0.008824406273456945
2012-01,0.2206629794255993,0.1378040273476774,0.09024340433398392,0.14322496322892808,0.17824493823146526,0.1299411334901083,0.02391948853769238
2012-02,0.061311235340419275,0.02759025676066358,0.04969369627520556,0.05156385909600909,0.07655316904267899,0.058607798901897004,0.004365834316542902
2012-03,-0.030112371308008687,-0.014471264917427794,-0.02107144733998181,-0.039196351112723994,-0.04664351223869487,-0.01113525729650889,-0.004096972632305011
2012-04,0.013035451362336317,-0.009743610583708463,-0.014793834222781462,0.006226049107132728,-0.015770911824863926,0.006401895679987831,0.022388011439020715
2012-05,-0.09110278084998111,-0.06480384918381359,-0.04433138381648532,-0.08728801437008107,-0.09268432782283476,-0.06609993471938622,-0.010451309106706913
2012-06,0.06198110320095236,0.04705196846100707,0.062033638457137344,0.03309006471341425,0.05787129882610982,0.028148215693390585,-0.004926049686375146
2012-07,-0.012820927098603694,0.019272422055666545,-0.012080883126849632,-0.028410389984126833,-0.023522617659153526,-0.009874921068072447,-0.018490560739621773
2012-08,-0.0001140138953959972,-0.014693087737565842,0.014961508914551062,-0.027226768583761655,-0.01785566940827242,-0.005676870629592054,0.0026039873333403053
2012-09,0.10922780102949452,0.06960360727208043,0.05642278849533481,0.09499597604314006,0.10396237623071944,0.07454100545281069,0.015328896784917348
2012-10,0.0040516999188074995,-0.03182409912221193,-0.012956169254070903,-0.01866005805282258,-0.019361118207765805,-0.009598331534957854,0.018288429597981326
2012-11,0.02412910770807586,0.0357566020556738,0.03670692866903261,0.03268424511242258,0.02785688172456698,0.020959751817332516,-0.003400065479871168
2012-12,0.020176205052975443,0.0017443336931141184,0.007087797392402841,0.010762791987898326,0.013495442436087902,0.017171711540130453,0.007849610455835874
2013-01,0.014483603212603176,0.00475942430292738,0.03274993077536853,-0.02103208864779123,-0.03312590211800968,-0.03838263608423109,0.010908996189947121
2013-02,-0.04015010750277018,-0.12226538639880731,-0.05007723989185105,-0.1082214351808445,-0.13070209433040414,-0.10287150891866435,0.052297969022798374
2013-03,0.010100915187385713,-0.043828192313469475,-0.01676804951831019,-0.050447191324338746,-0.10318474730437655,-0.04916968888585018,0.05333333174044649
2013-04,-0.007846062206820494,0.07477980737200428,0.04056226749792501,0.04500349169368127,0.04606479069679407,0.01782331091341601,-0.04184358429096879
2013-05,0.022359468309935012,-0.00862742263959518,0.008066321321633948,-0.012922367946208565,-0.031788329152364646,-0.014166899958716785,0.024926426077843136
2013-06,-0.0181564345033717,-0.08329586254902137,-0.02741966694707039,-0.09410286643781737,-0.07447437898402451,-0.05532430674110286,0.022755470295928393
2013-07,0.023666219354499887,-0.07757873782646761,0.0026985355759169983,-0.08316346128174827,-0.07196998295737293,-0.07200776780117522,0.04502573942829608
2013-08,-0.0036861102037291497,-0.03125598619758294,-0.03705057914725553,-0.03880103374617442,-0.04048256117346209,-0.036487404369091404,0.014625701710570736
2013-09,0.022927577854098366,0.08325128986092609,0.06637270177909155,0.05405285766921901,0.031693301995756186,0.04227863148604085,-0.018982078166682445
2013-10,0.058149576108454615,0.08230557550891557,0.07190981707534135,0.08213812261767874,0.0795302896682525,0.06805798947678222,-0.010774083225517372
2013-11,-0.00447910896734371,-0.012259811763222555,-0.01580606562266858,0.028515280258475394,0.03217357960694125,0.05795437820861886,0.002061201723706496
2013-12,0.05559379319506184,0.02488645027492395,0.02726018956583367,0.05049840072931194,0.05514043617567932,0.08442195910371238,0.013032653736885252
2014-01,0.008180843559079906,-0.05036747474378829,-0.03652762548526782,-0.041008098608462225,-0.06841561408695668,-0.05094912358158785,0.042977916890681325
2014-02,0.04603981248421728,0.03349504898077326,0.003845508791619004,0.030871334577962435,0.009340848306502402,0.04943734685458121,0.01703762488745203
2014-03,0.01956170391118381,0.08506573949251928,0.07200403577783922,0.06288389109591351,0.13558341840060656,0.10220553912057927,-0.06910178144301427
2014-04,0.01720843804082623,0.01677436933752136,-0.012532433975288975,0.03637012260795108,0.06736445778377369,0.03561592456687942,-0.015280133236258864
2014-05,0.05017104754827051,0.1467742975608205,0.10696270155265226,0.15211382365319384,0.25300137483694374,0.16555789122237305,-0.09874540059814994
2014-06,0.06779399604263672,0.07840129559124663,0.05963257276660277,0.12643549681482122,0.1296770706506789,0.1277022023334502,-0.006924436692233804
2014-07,0.050075170565592825,0.0023012230104953453,-0.009315334045444544,0.005404477001488918,-0.04786356106261148,-0.0033735318629590882,0.05052099280959894
2014-08,0.027919637889936386,0.014448389296593665,0.03612176219675853,0.019287391082898616,-0.004348144985153041,0.032690538829159864,0.01855339233069719
2014-09,0.05796251608519691,-0.026351714412775177,0.012045730066254735,0.02497128100812835,0.039825454975682684,0.0451505156409372,0.03473002826520888
2014-10,0.006332689208300564,0.07412725005906014,0.021371332446576005,0.013662918287979045,0.024418221655173437,0.03226494011715637,-0.03927493210897698
2014-11,0.027682563623571244,0.010676844925840824,0.0031763551233026446,0.025823743148873743,0.02946524731932996,0.028854434539664867,0.006682107263637101
2014-12,-0.02758167078015658,0.006857325121876975,-0.0274998603404051,-0.001770245639881976,-0.010517157008003843,-0.0046578880568113505,-0.012846042266955845
2015-01,0.0446714310905969,0.057041334846003475,0.06666483722292946,0.03699233593908611,0.049748888998884584,0.0266297379889281,-0.01256322840760253
2015-02,0.04444126531232518,0.040563482817206245,-0.002835331438173236,0.012043335646193754,0.016357956572924555,-0.012414056264357884,-0.0002184192158059331
2015-03,-0.0032930793767767083,-0.03175898391211405,-0.023047046034020583,-0.009192331516639063,-0.04692954751938672,-0.01702720266284618,0.0331015602690425
2015-04,-0.05353928975568568,-0.03493570781121975,-0.020465529227277814,-0.007545554706213099,-0.012277548711689677,-0.018011679617202986,-0.006935793969494675
2015-05,0.03814468488643406,0.024960411340101723,0.04436362154617608,0.04687238595367794,0.0022959982995167717,0.007959644874053642,0.028880330600246758
2015-06,-0.020056979073157455,0.0011715130877595712,0.004362687658421243,-0.02823652122234674,-0.016429821585251178,-0.02634846935574376,-0.016517595899006293
2015-07,0.010701671786995355,0.03758127493359888,0.02632577722436355,0.08657402743486381,0.07586262741164687,0.085918882382582,-0.008084101561693292
2015-08,0.0004537914200934638,-0.10293780671350097,-0.07666064392875442,-0.08946123415562153,-0.10513969843692775,-0.07635236493173528,0.05953503120745033
2015-09,0.0046608530868517874,-0.027901518880041176,-0.012131559591207427,0.015659309166185933,-0.002872889411260851,0.006917924489133058,0.025547285272169873
2015-10,-0.007710399760453689,0.03410274447921394,0.021597572082766435,0.023748582685992996,0.049344112777167846,0.03831902774246136,-0.03370433716542124
2015-11,-0.027692190065783443,-0.008563705032079564,-0.017505954903540146,0.036573790632760964,0.04635111016140728,0.03217813276966098,-0.014452902281175095
2015-12,0.00901645232908662,0.026685618501796588,0.013790890327406399,0.011357425510200771,0.036384643388909774,0.029154298256415825,-0.021348192025709485
2016-01,-0.02891863846245928,-0.05451596543110324,-0.05157113102357359,-0.0999521796971096,-0.11795254836236972,-0.08749588116548099,0.021798847816952044
2016-02,-0.037270216636237016,-0.09826236354259822,-0.06867020409120599,-0.15521343971052476,-0.15321641939334135,-0.12971688456579056,0.029497563294588885
2016-03,0.06061574321985806,0.10131828870820288,0.11389530557880904,0.12443362536770305,0.12415002431037847,0.11836951009109668,-0.020209472215510116
2016-04,0.0038581288898350873,0.007135523250125505,0.024027976467639194,0.05406031053809116,0.06588125933911924,0.049225192374404404,-0.00754917158065925
2016-05,-0.0007709589237241039,-0.0029170735021671586,0.037110717848305746,-0.007525044180024448,-0.031624204684281815,0.011649920077465464,0.01312263754135021
2016-06,0.021268420662146358,0.05075428255254487,0.03445463090004475,0.06056040336588698,0.08474034362096974,0.054309731842340996,-0.026832901072740632
2016-07,0.045764048516574354,0.0859326723357461,0.04365393178599775,0.04045845626778266,0.043745132587879085,0.03605979711665592,-0.021727650069634084
2016-08,0.014807337192770005,0.044075479482711476,0.006284130402270169,-0.013394113830366235,0.0260310369894906,0.03421346232448442,-0.034346646554899156
2016-09,-0.013220615895831017,0.014915999839366851,-0.013297376149114531,-0.01565621549573455,-0.0016658817672580589,0.011279960250438825,-0.02106347473183718
2016-10,0.00829826912278465,0.04909231226954835,0.008516770754991198,0.06693327268644711,0.08425926924435713,0.07606236103991043,-0.029060019852336853
2016-11,-0.0695430679825015,-0.04074664341511163,-0.03219218005813272,-0.09703835779609614,-0.08318126202786603,-0.09242591461784753,-0.02132676016780999
2016-12,-0.004282233493938379,0.0008286899541041659,-0.020331778009956485,-0.01056941526264269,-0.0177037043112469,-0.01695190710704905,0.0010116828002808345
2017-01,0.03588994651854496,0.061536044125041746,0.05827435511329116,0.05102003983856738,0.09119788783861285,0.07348835364689799,-0.03291197280327113
2017-02,0.03488762694165186,0.06703397630979546,0.03505919130657047,0.0371727332332518,0.04465747281572898,0.044551097268099554,-0.019815544475310393
2017-03,0.02063407752820732,0.022268625199483853,0.04018433665375341,0.04836496759841363,0.04515276671412647,0.057953357378350896,0.0007888266065053107
2017-04,-0.009346001245086727,0.027847787487449652,0.02798062889873306,0.04233583094974782,0.0733661492289128,0.056987040606725194,-0.03411205350585068
2017-05,0.042386426144808136,-0.0434752315821533,0.021065627321020346,-0.0363392125910876,-0.05656479317801467,-0.028060760383180703,0.05304361915694425
2017-06,0.003771823670626658,-0.02133267856376698,0.004554312833666867,0.012627534076286326,0.02025187244787004,0.008180790246642741,0.00874008193140496
2017-07,0.052213990054788315,0.06589231162376605,0.038098752352306364,0.03484268402391616,0.07099827238891236,0.0374161295183781,-0.02491695496698696
2017-08,-0.012227949086547662,0.02544353400624383,0.014217198557405651,-0.018184726786633697,-0.014673731605506998,-0.005882126478147278,-0.020591239136959094
2017-09,-0.007439599110925369,-0.008330111890563614,-0.017880529349295286,0.011193834008500523,0.007052066232745445,0.001814654478852017,0.0025161402776966613
2017-10,0.04691652243770353,0.07034943971140517,0.09360302970277862,0.09268443736115652,0.09320765647694619,0.09473799030481428,-0.011978068194745645
2017-11,-0.007697337858095213,0.0018988090005520684,-0.007655271235605431,0.03749927429285999,0.030442485416700932,0.04154223387484417,-0.0012696789912441109
2017-12,0.04704775988517602,0.04839872702618298,0.041353165988143835,0.045008950020067474,0.06173300791824472,0.06476563406995138,-0.00903751251959211
2018-01,0.010410246221272547,0.0034202546051976643,0.016633557951387917,-0.030211544785784427,-0.04663032615876824,-0.031755075192056136,0.011704386494529347
2018-02,-0.028226186600608275,-0.027534484337453476,-0.030390825658670094,-0.036934104470225486,-0.04747254289071415,-0.02519145705385687,0.0049233680786669315
2018-03,-0.019856739479188385,-0.06428781356486041,-0.04290714017630962,-0.08058374338818351,-0.09577061558519807,-0.06293155498189125,0.029808973141343287
2018-04,0.04572893189738726,0.08503962511035963,0.08613991424722439,0.05584233186246177,0.07167516080738111,0.06250818073108921,-0.02757176107894585
2018-05,-0.032126357683527396,-0.008707274254917421,-0.01598313652442935,-0.09819853749945771,-0.09756213000644529,-0.06268877571772197,-0.012027745460811208
2018-06,-0.02987332382665905,-0.0049911331824808855,-0.0029168843581109283,-0.08933951424982658,-0.09880843498182491,-0.06580480506254346,-0.0077066349560899194
2018-07,0.0387949808968991,0.036081722784748416,0.06681748451937466,0.018101324494571844,0.027808997459395683,0.022558021695650687,-0.0034972074263365793
2018-08,0.032911492094905216,0.026608089309179333,0.05869381151746863,0.02365546568651261,0.04096632934806259,0.029840050289219412,-0.005503730437912049
2018-09,-0.09560120867536039,-0.08531886156908985,-0.050179127828177426,-0.17322810930232233,-0.17930256018521226,-0.14050320580468698,-0.0021039481116902903
2018-10,-0.022934940667825716,-0.03012024341287627,-0.0723228085282461,-0.019562999869683358,-0.007728474535954871,-0.02779711254991271,-0.002324611294338967
2018-11,0.03287985466973197,0.03628934966410057,0.03661605176004629,-0.001714481527290958,0.0010637263170290906,0.003961591587948641,-0.0030938514193443248
2018-12,0.016491941925117572,0.010982969294010434,-0.004557399283516553,0.01887592560593938,0.015523694155352145,0.01761116790852565,0.0044306020408471855
2019-01,-0.06061326069713925,-0.0030132732373862937,-0.0006724731191346103,-0.0769552854214019,-0.0828086910118757,-0.05455621206023943,-0.025873290934639574
2019-02,-0.004364243337381907,-0.005420485060920359,0.00887769106649108,-0.03620578490572924,-0.04017981785913454,-0.02315033860588346,0.002515137338471876
2019-03,0.07924325948434045,0.05391495722528862,0.053540120754276804,0.09813107813775306,0.08921494373958266,0.08139312680587554,0.01712221832861112
2019-04,0.0014577455451466907,0.008740609241521011,0.022468820405256506,-0.04106762232288562,-0.03646433044492367,-0.025401116176077813,-0.005943077787168136
2019-05,0.009519956009063114,-0.018508728870864175,0.0022144497157289447,-0.002566985342144007,-0.0060155728103978125,0.014344495191628049,0.015738636174090548
2019-06,0.005692352809334913,-0.020216340335307354,-0.014278972106888268,-0.07198634329497147,-0.0644203388446706,-0.05019019267036789,0.0091713443471707
2019-07,-0.0756307191095723,-0.02257306530969183,-0.05588605269256244,-0.13158784701758633,-0.11722978337450629,-0.12311475726631699,-0.033707858721480244
2019-08,-0.014049893280161816,-0.01684804965584788,0.021735947190992443,-0.04499405681371405,-0.028792304358307323,-0.013162107753037552,-0.006701798039860336
2019-09,0.04322967156557315,0.04189036928383181,0.04061941901621209,0.05648434880716897,0.04022582771456732,0.057918295352882496,0.008798911687171493
2019-10,0.06791382386055728,0.02742551859125627,0.04213191210870417,0.013353811021731627,0.00711760834034848,0.012177617186109478,0.023362253975342074
2019-11,-0.019774144142336605,0.027036571359796657,-0.008276196270577102,-0.009845758901851975,0.000363406571208143,-0.018255791974232993,-0.02850994048759669
2019-12,-0.0032531724897195023,0.016539789210191922,0.0058288346047445354,-0.003550753209955233,0.007531547609888191,-0.004738204873137385,-0.015437631259877425
2020-01,-0.019147346935865374,-0.012852904470569965,0.01912593025836147,0.0678662575620681,0.06998104778764719,0.05110621782506713,-0.0042046163454372495
2020-02,-0.04338660815640224,-0.053639276874304725,-0.06269887418304701,-0.10506694867735812,-0.09888791960758876,-0.07344889908871771,0.002036819824066574
2020-03,-0.17062649315662515,-0.17675865734050095,-0.17488668932320633,-0.3237628080153071,-0.32637888296438816,-0.32134103062485725,0.004374119566478429
2020-04,0.17816617035823124,0.15521977229393133,0.11584322867050684,0.16022282821648035,0.15563946771919762,0.1283692270025442,0.013764879280791342
2020-05,-0.0017711557518869702,0.03907756535101544,-0.0022885325002089713,-0.025255559732152287,-0.013819626765647052,-0.02977582040508772,-0.026142327034703823
2020-06,0.09199481963144929,0.07213580589711513,0.05291890793017024,0.14782779149149325,0.18729330212672538,0.15229026466828985,-0.009803248450448984
2020-07,0.10928597934212878,0.010150772834898951,0.07511304239090437,0.04630919672000985,0.025673536374439837,0.04886220720298939,0.05988543342639992
2020-08,0.02152056311054857,0.029736727996962992,0.020017501522119174,0.12291295954776355,0.09339071322747293,0.11021935143499113,0.010653040716938095
2020-09,0.04601183459609542,-0.018212326268314413,0.01594778030406889,0.01082614717836125,-0.017770710995572717,0.007001485876713579,0.0464105095191719
2020-10,0.04568771019240432,0.011152105425507021,0.0014019467158321519,-0.015270050638938468,-0.009414021869114388,-0.0020508942776692658,0.01433978799853661
2020-11,0.10448870943072158,0.18480718472867855,0.04498027848025006,0.10685619001413904,0.13077299244340318,0.11293980747256385,-0.052117638863610566
2020-12,0.08945934090576518,0.07982264836230632,0.07679283756689702,0.06281669378888977,0.11446144162220513,0.07921980246696818,-0.021004027644928258
2021-01,-0.03397461338321444,0.014493221008333952,-0.003592353766060362,-0.014137208217338366,0.00401531044868609,0.005020047019807708,-0.03331017652878643
2021-02,0.059159224068087435,0.15023690576758814,0.04691855705826124,0.07780636293836779,0.16734039806865306,0.09518923412024692,-0.09030585841489297
2021-03,0.02044708694354743,-0.004020087288858703,0.04727932369166779,0.015699927365372585,0.0042402891949068185,0.0017900592643950457,0.017963406201435952
2021-04,0.006643766357857058,0.06704185384001081,-0.0010514332306265166,0.03745226838898557,0.07292373944231693,0.035685902756591795,-0.04793477926774256
2021-05,0.055825171535005755,0.07291953264778096,0.07878358124891069,0.09489788552921473,0.10144476510205847,0.10216540929992472,-0.011820620342809465
2021-06,0.02631573349912562,0.0249215016600669,0.01466708086764479,0.0703676944395438,0.06607917669791392,0.0683802867244236,0.0028413747903442976
2021-07,0.02729080533011856,0.03205432268461544,-0.0040694677804455235,0.05475612357462835,0.08068253448534199,0.06308128828966085,-0.015344964132605263
2021-08,0.09779071109816731,0.032429992456252284,0.09025249657445845,-0.027363538417295028,-0.04407264511799871,-0.04008521264995759,0.041034912671309355
2021-09,0.03793822936306433,0.05274843869860537,0.040510857712646994,0.03538845528923569,0.06610730281857675,0.05958552006181808,-0.022764528432441047
2021-10,-0.01999518899198928,0.015053649776922333,-0.010807697848339615,-0.011053161045316917,0.005499732976058807,-0.001779303253120601,-0.025800866395143666
2021-11,-0.013423764976141088,-0.03575460442443492,0.00125996511890992,-0.028847327628190624,-0.01439755280130202,-0.016899605972292762,0.003940532310702613
2021-12,0.03821109320092339,0.004127247005512745,0.03409692567916429,0.057089031089797064,0.050779613331555305,0.04291208672353051,0.020196631976826206
2022-01,-0.03480553536378639,0.022215702070623615,-0.013827311956490675,-0.006568098382585736,0.03305735607070006,0.010913303760017822,-0.0483233459438479
2022-02,-0.0250093057197734,-0.026789150801507892,-0.03202637063018976,-0.09808098479905045,-0.07730871103447944,-0.09017004656642817,-0.009496214341418265
2022-03,0.04876702811340496,0.08784717010619442,0.030541678902642574,0.039062267522571824,0.07057482289519729,0.027986113987460072,-0.03529634868270746
2022-04,-0.005787822207229064,0.04330881297362586,0.007736291975180687,0.025650823615662576,0.053666601097204614,0.038373250295999944,-0.03855620633119848
2022-05,-0.07528456535933496,-0.044362940280160496,-0.04062426212550456,-0.09234857094722218,-0.09513891758671048,-0.08064034787168849,-0.014065639219843079
2022-06,-0.05349113312910887,-0.03893883799313425,-0.044766671324576165,-0.05955184449381916,-0.04691532536923424,-0.057502392790452855,-0.013594407130279769
2022-07,0.11308571068837761,0.04409780317484903,0.10445261827652817,0.0703292525275926,0.084380681602662,0.0813660258767577,0.027468239219229598
2022-08,0.03022511903943487,0.08226926015832138,0.059096820706756495,0.05388124070486492,0.06554898820258064,0.06485459936942381,-0.03185594430830111
2022-09,-0.018209073205092918,-0.05558578294896462,-0.03803305780627437,-0.021018211897195806,0.00014842922515008165,-0.007126295533517139,0.008105034310762909
2022-10,0.03368016450696646,0.024030679487762212,0.03365095412068778,0.023537085396967774,0.0174355331152434,0.005420584429440476,0.007875518650464309
2022-11,0.05413592823136705,0.02610227346614133,0.017449053615645704,0.010375886875990331,0.03689257627662768,0.02223681638556513,0.0007584826822941912
2022-12,-0.0348488460516254,-0.04663934326723652,-0.03351385678557175,-0.006867758141334266,-0.02687326629400816,-0.02050586142673551,0.015898002684142508
2023-01,-0.1018871700800522,-0.03887952568897103,-0.008289829577071308,-0.014421457139061287,-0.024022401043249843,-0.021458090790143387,-0.026703350243446305
2023-02,-0.11130481526844113,-0.04605582676343346,-0.007337544122121525,-0.060361183257600814,-0.05789964259871737,-0.037100261958127344,-0.03385526458194556
2023-03,0.030646971734391838,0.02280872090084121,-0.0030149069662363096,-0.017036552817523653,-0.010507051094495456,-0.019508012211808836,0.0006543745552612147
2023-04,0.057767138234716076,0.04147313012272041,0.035640563786917843,0.0906426141003952,0.0809779956932362,0.07723317385635771,0.012979313259577338
2023-05,0.03871743471023777,0.040545951989978006,0.047384460707477115,0.04389398225995245,0.06597818789756234,0.044362154095993284,-0.011956361458675055
2023-06,0.036376574555935404,0.05515661287714373,0.03725442793552277,0.07560675755781615,0.0688978454526474,0.07321489390565618,-0.006035563108019795
2023-07,0.07204001658996659,0.023617455200619204,0.03711993521689627,0.0524080187951952,0.09129844298994079,0.07242535547914235,0.0047660685973008945
2023-08,-0.01793296993970904,-0.011458745337779819,0.006330385417360737,0.08511380641128298,0.0645555757337382,0.05333856862574645,0.007042003037807779
2023-09,0.02642827727043909,0.03417291830191663,0.021973783037409874,-0.0006137222115670071,0.03603834140538353,0.013209643818406771,-0.02219835232421404
2023-10,-0.02153012608430989,-0.015079696621891348,-0.025450591108702503,0.0005739597687250159,-0.024225098270031373,-0.015935043510945098,0.009174314288168924
2023-11,0.09705840141031966,0.09214254172741591,0.06956515144468627,0.07467521857634134,0.08147946325342328,0.07808149313169452,-0.0009441924970891025
2023-12,0.07864627347473675,0.12226433044313108,0.08885599043919029,0.04023969818498494,0.06786816752509073,0.05657875524977443,-0.035623263154250046
2024-01,0.06415226941780779,0.040187016020513854,0.03252612496890025,0.09532553706384736,0.07912879174168795,0.05681401265992355,0.02008099935972668
2024-02,0.05027861765383784,0.019204362229329964,0.020885619879580247,-0.006699258106057269,-0.026148886713305716,-0.020486052620285956,0.025261942015878162
2024-03,0.02528294746021094,-0.0005629226270591787,0.0047539776100144465,-0.05229232987103813,-0.0774061340364803,-0.06070892161846221,0.025479837126356146
2024-04,0.04592468271942903,0.07392264178833405,0.022681374136991426,0.10322354708846175,0.0901671548037902,0.1033288944905216,-0.007470783392116737
2024-05,0.004007092429146235,0.02518025410330835,0.03230245877253356,-0.04032368213970802,-0.025932153232968637,-0.014101452144657727,-0.017782345290450752
2024-06,0.06734387459145616,0.050163989673852244,0.06718515912695718,0.10462098920964501,0.09650477027437057,0.10708375823653024,0.012648051926439169
2024-07,0.06996235215985586,0.05926068307428991,0.047294125912458705,0.06748275823487519,0.09681344160759262,0.06762915443204381,-0.009314507143575734
2024-08,0.004724750055898332,0.01375544434274023,0.0046282191714775755,0.007492172709701247,0.03231936721945632,0.007020253922479811,-0.016928944398298486
2024-09,0.02265292727335555,0.04447567260488643,0.015143162720202465,0.00695502655630891,0.02180689347579148,0.00580693355188766,-0.018337306125506724
2024-10,-0.09987021189359037,-0.0738037240029912,-0.07160132540341642,-0.016459547338569518,-0.061291017012986206,-0.04164589349580837,0.009382490891908762
2024-11,-0.011781668055725817,-0.022590673840220215,0.0022306206460816955,0.003013258932307349,0.004113263809671508,-0.0030189046375268783,0.004854500453565121
2024-12,-0.006933813221322587,-0.007909824607393826,-0.018945583629464642,-0.008033953437175088,-0.012079567038071795,-0.010153073243829348,0.0025108124934839736
2025-01,-0.051155178116585445,-0.04186985581650064,-0.02163501928807243,-0.11591701415500551,-0.09209317736262514,-0.09481852977959822,-0.016554579546232587
2025-02,-0.09872396394816092,-0.08067071634523364,-0.09453352751862175,-0.18480858335486458,-0.15854328917448937,-0.15078159261922724,-0.02215927089165126
2025-03,0.08463322044551347,0.0987932879374778,0.07381224511852058,0.06366960088658827,0.05528098179030863,0.060367633324821826,-0.002885724197842346
2025-04,0.017934263131885998,0.02477398997749798,0.0237731040664538,0.0075196586820128405,0.020602444671968367,0.011863860706681856,-0.009961256417783755
2025-05,0.05443725555886738,0.035694287789094184,0.03134607732687485,0.11349060889995845,0.12139478630690502,0.0908504755285081,0.0054193951814133084
2025-06,0.039156170675171464,0.034840971384945386,0.03598812329073653,0.024092347675275926,0.04281999278707736,0.03037889243685636,-0.00720622291078768
2025-07,-0.03775122049318141,-0.025818061941388172,-0.03356791931158464,-0.02260415690225313,-0.00871831431483152,-0.013704457846360544,-0.012909500569607421
2025-08,0.021913766010578185,-0.03861777448863766,-0.010331462621012266,-0.030336233582753377,-0.05184239900886733,-0.039299151385633266,0.0410188529626649
2025-09,0.020279981547641872,0.028456493559808442,0.00738739318637792,0.002493402482407914,0.004022725695390734,0.005811545057346058,-0.004852917612574696
2025-10,0.030885736982814112,0.03285709751415422,0.029315487305459794,0.023964110531274906,0.008106036205900526,0.02060888686538342,0.006943356897017132
2025-11,0.006630927362867977,-0.0068235557971894215,0.008290996006091338,-0.04724696604494457,-0.04751496834515107,-0.03881453053119772,0.006861242730131948
2025-12,0.014913209216426533,-0.00637603040777738,0.010192239923482733,-0.03669507324696575,-0.0031122634824976175,-0.0030576291492043933,-0.0061467850701321085
2026-01,-0.0306836587946499,0.011868861485578376,-0.04525042919273328,-0.06960989887114018,-0.08280520252736547,-0.07191082400985721,-0.014678608312001497
2026-02,0.039307060268837006,0.020217975258295752,0.03460050438334166,0.026497156728849156,-0.0010855386119487183,0.02142255827492078,0.02333589017566956
2026-03,-0.09924881546245716,-0.08407210923330866,-0.10329590525304548,-0.11810814106260611,-0.11839997703596282,-0.12167497074861158,-0.007442435127895886
