Month,mom_p30,mom_p70
2000-12,-0.5141795611441925,-0.2015996610497026
2001-01,-0.4924109590783382,-0.17369718812902746
2001-02,-0.530416263246109,-0.13026705638559027
2001-03,-0.46838718885596675,-0.06155015806272168
2001-04,-0.5259507026845468,-0.15795468998371603
2001-05,-0.5296172285889921,-0.15841979774585657
2001-06,-0.4774933552741425,-0.10627991822252024
2001-07,-0.49426187933555416,-0.11614709472262073
2001-08,-0.5822498938266746,-0.17198510594174896
2001-09,-0.5323844374829962,-0.09760901910976598
2001-10,-0.516065492866297,-0.07597375980417656
2001-11,-0.5325925210747839,-0.10444490932483654
2001-12,-0.4355551451337082,-0.07105205801246034
2002-01,-0.4536870174856248,-0.11649984398895995
2002-02,-0.42101759483795204,-0.06673082920495085
2002-03,-0.19605594343464855,0.23222308674638523
2002-04,-0.12387382899946027,0.3492342569604898
2002-05,-0.12583068789025784,0.33336995283795745
2002-06,-0.047955403015618,0.427421068113004
2002-07,0.13503356260129187,0.8631735635902557
2002-08,-0.0017284315378619784,0.5311492627242251
2002-09,0.17122606987685762,0.7695626794204774
2002-10,0.08007708403898606,0.6389962146743928
2002-11,-0.10638747368836494,0.3932006994160535
2002-12,-0.03373319121529648,0.513856447933807
2003-01,-0.02210103555020097,0.5053634469968133
2003-02,-0.08244211570079674,0.35744577309425574
2003-03,-0.14739719404919138,0.29379290724499657
2003-04,-0.3179953820412896,0.06338100072761398
2003-05,-0.24968193164909977,0.13451576125506434
2003-06,-0.24548183921304914,0.12965268042301
2003-07,-0.044798490819932764,0.40260466612792045
2003-08,-0.002449445127305124,0.5308966300528658
2003-09,0.09995933992720983,0.8113829105343461
2003-10,0.29668474383164156,1.0086591498211803
2003-11,0.2568435682484662,1.047683794949534
2003-12,0.4464696161073925,1.2786718247104796
2004-01,0.8707389729859495,1.9473148300896062
2004-02,0.5791119725554273,1.564638473895717
2004-03,0.668222808804786,1.7205781300187377
2004-04,0.5033422680632124,1.4314291575157478
2004-05,0.38830215731530854,1.2062713245375905
2004-06,0.09027713621411013,0.6528989736787177
2004-07,0.03370885789912754,0.5059564735909537
2004-08,0.020817771311030304,0.48664354994307435
2004-09,0.10420748235805366,0.7053166405370346
2004-10,0.29266508247155026,0.9462397947234216
2004-11,0.09606236096444432,0.6538121868867381
2004-12,0.014655992396991427,0.528938098740764
2005-01,0.33135828625001834,1.0313708498748224
2005-02,0.3831133904787925,1.1383727567869604
2005-03,0.4809182778139283,1.4343757846043799
2005-04,0.3286040351654789,1.11571761007283
2005-05,0.5476578428376982,1.5083362859571665
2005-06,0.7592521480034953,1.9885107410113974
2005-07,0.5959334767279216,1.7035636645393815
2005-08,0.5922954630562082,1.6118191927537926
2005-09,0.6459589907114933,1.7230361963502907
2005-10,0.6794490466951814,1.8736468016317442
2005-11,0.2125750231384928,0.9586257475099279
2005-12,0.18651213213698017,0.9309495007388545
2006-01,0.2500143578776388,1.0812529245380662
2006-02,0.20553188698963792,0.9881982234841299
2006-03,0.19825687439964904,0.9443069457505502
2006-04,0.169924509528451,0.9727351359485149
2006-05,0.05307863991461937,0.8683642770228848
2006-06,-0.07521645833182457,0.5401568450814724
2006-07,-0.28855364839048947,0.17713856743009365
2006-08,-0.44522991258590017,-0.03958216310285059
2006-09,-0.30324548047623573,0.10459468474167948
2006-10,-0.06338567993393754,0.4329676729029927
2006-11,-0.12087659054058249,0.3327607844853521
2006-12,-0.16334890316160672,0.3052847582096945
2007-01,-0.1840421619440297,0.26189861481346993
2007-02,-0.08218660571584979,0.40574017779254024
2007-03,-0.1903853550911457,0.19995899927453695
2007-04,-0.30950871396270957,0.015091578717786436
2007-05,-0.1758394238660458,0.23527991906007095
2007-06,-0.0018389826247875675,0.524467762163729
2007-07,0.07571118027246934,0.6533507267639318
2007-08,-0.03355915220755357,0.5130755855296778
2007-09,-0.07688495730458074,0.44299133134827906
2007-10,-0.02881075661502125,0.6109575002442142
2007-11,-0.06342907872230263,0.602746442213073
2007-12,-0.01884101441163898,0.6515375384957997
2008-01,0.185243864075485,0.9033195518653887
2008-02,-0.0161112150462945,0.6313840896788201
2008-03,-0.001169595820816596,0.6173514540308793
2008-04,-0.21042032919563364,0.22433428238427922
2008-05,-0.11696023677481912,0.31918280348692274
2008-06,-0.19937229852124977,0.1963041412041512
2008-07,-0.36187827591615956,-0.02410301476638027
2008-08,-0.33528717221620497,0.0048288171636217125
2008-09,-0.3832830665011483,-0.08102201086333445
2008-10,-0.5067455222328379,-0.214971132820196
2008-11,-0.702386699261857,-0.47975195461823095
2008-12,-0.8052420785585327,-0.6380054809974105
2009-01,-0.693029587725168,-0.4741558089160586
2009-02,-0.7083414453328103,-0.4893522217197772
2009-03,-0.6611349675098743,-0.4184712392698883
2009-04,-0.7047820010508741,-0.4936765521913803
2009-05,-0.604654183965077,-0.36903434396877277
2009-06,-0.27537400213616764,0.03588116200799387
2009-07,-0.3423375992558126,-0.035749286194642835
2009-08,-0.3206785637608871,0.018071935534181557
2009-09,-0.05032698092697563,0.35734259031984883
2009-10,0.5422260750221526,1.2362242878893368
2009-11,0.5807146417832846,1.405565463315478
2009-12,0.5265829930078184,1.2807931468440128
2010-01,0.8525302354287455,1.8033599435503278
2010-02,0.9470457327279824,1.9713662402918743
2010-03,0.8354100284162908,1.805131493830615
2010-04,0.5723290756020419,1.425101748891205
2010-05,0.21650616655640542,0.8468181829704151
2010-06,0.18570487494984134,0.8080226346447046
2010-07,0.1804889808359532,0.7435825542175547
2010-08,0.09121940064883682,0.6695894151866715
2010-09,-0.00036755434095330836,0.5578593166476996
2010-10,0.18236850427598328,0.8038061588971694
2010-11,0.12099771335958687,0.737006318125194
2010-12,-0.06611632339843683,0.46049117151294805
2011-01,-0.061312632555794014,0.4387503916728231
2011-02,-0.14578565201546806,0.29957899261310533
2011-03,-0.23994462019671337,0.16092456189093385
2011-04,-0.304425800729719,0.07311071727162397
2011-05,-0.17549608614250328,0.18992650999693572
2011-06,-0.2737995410937807,0.0845924897049104
2011-07,-0.31291285672277896,0.016349001449405733
2011-08,-0.31304543045740674,0.004232187374491381
2011-09,-0.4465463854575862,-0.16058587545589031
2011-10,-0.43621042023879986,-0.158631457601485
2011-11,-0.3750854708004159,-0.07954359290306767
2011-12,-0.4616845158123184,-0.16363001356731438
2012-01,-0.4408151235637661,-0.12618482030570438
2012-02,-0.2743878414600209,0.02402866009762596
2012-03,-0.265392019921288,0.02659402577790072
2012-04,-0.3577003490125522,-0.0571517297017827
2012-05,-0.31909187692741514,-0.0018532723525808525
2012-06,-0.3446873080689911,-0.0422856979647982
2012-07,-0.33590336509123414,-0.05332071900528323
2012-08,-0.25194400771564873,0.04843374733619287
2012-09,-0.2750670087458368,0.057488258750068286
2012-10,-0.18180569282452866,0.13891800623135583
2012-11,-0.07372875316883619,0.277444352214962
2012-12,0.019386949401452528,0.4481362840842994
2013-01,-0.11718402219302085,0.26333734962753924
2013-02,-0.1721967419583555,0.19612379722985746
2013-03,-0.23236308134326172,0.10343678368407465
2013-04,-0.31443663767520164,0.026380892252721194
2013-05,-0.2416110141311149,0.11281848209123164
2013-06,-0.2861817969366839,0.058212788592325836
2013-07,-0.31931797593930605,0.028660714865082294
2013-08,-0.3512355642897672,-0.01766993705762037
2013-09,-0.41842024679983775,-0.10202394075354747
2013-10,-0.365767209614708,-0.0437309977575495
2013-11,-0.342119341607604,-0.017610148634320134
2013-12,-0.33490801986981034,-0.006042984425987004
2014-01,-0.2774314155221051,0.05203308560188569
2014-02,-0.22714037226835995,0.11248353135377344
2014-03,-0.15638059666731363,0.20638462777177793
2014-04,-0.10819668587138695,0.2529903070354903
2014-05,-0.04396495341559548,0.35997755032142326
2014-06,0.1788292310706928,0.7221054667540908
2014-07,0.39363902137008994,1.1708052917345335
2014-08,0.4095179553689814,1.1738896174037015
2014-09,0.3280165716886387,1.1282150415587
2014-10,0.3561476434699939,1.2764174073923855
2014-11,0.35049552449022686,1.1506027084079355
2014-12,0.29128121404844926,1.1049270533002886
2015-01,0.31537763299680943,1.161248403865372
2015-02,0.3487273856004637,1.2582234572555302
2015-03,0.22386170144539966,1.055811764525397
2015-04,0.07738182815899483,0.8241051163224832
2015-05,-0.05946099290626219,0.6124422054179317
2015-06,-0.1582415335675947,0.41238564320522664
2015-07,-0.15293122995267205,0.37269250526497144
2015-08,-0.0692260381684101,0.48078174436662924
2015-09,-0.18312995859851763,0.2572005539386663
2015-10,-0.1652786853892664,0.2667734804677324
2015-11,-0.1364814988177028,0.2753727902107952
2015-12,-0.09538955547750905,0.35762907834225977
2016-01,-0.07120213584054023,0.3863457673620001
2016-02,-0.1341204155079383,0.2860068884096607
2016-03,-0.21751085349914015,0.13940071881006486
2016-04,-0.16806082691866783,0.20671090787581037
2016-05,-0.11483890008477644,0.2849768977613985
2016-06,-0.1138553097876155,0.29462526892155055
2016-07,-0.14474360379273324,0.20222775263384762
2016-08,-0.01875902255287786,0.37392582848532163
2016-09,-0.03429019321679303,0.40022660925788606
2016-10,-0.033396664619505814,0.3843902486855732
2016-11,-0.003231739147469622,0.4514472192886954
2016-12,-0.1510808720335806,0.2295782554975577
2017-01,-0.08304228644965675,0.32314710761145615
2017-02,0.16321432130393684,0.7016125038715367
2017-03,0.09037117823229292,0.5857844056826825
2017-04,0.04286780433022426,0.5390737134602934
2017-05,0.13114779800585247,0.6517710641284562
2017-06,0.009937780540952845,0.47830115555457464
2017-07,-0.027466807694268815,0.45520468285248067
2017-08,0.020666368854540575,0.4852225792199019
2017-09,-0.02678762751976314,0.4453298891734967
2017-10,-0.09741388600902728,0.32387664043839465
2017-11,0.07291939383214026,0.5948547963741104
2017-12,0.1223844800791456,0.6658908944915991
2018-01,0.11865133572554777,0.6651450193207029
2018-02,0.051159708820203265,0.5644983619844114
2018-03,-0.02815930036422626,0.4404935925377005
2018-04,-0.179474885589127,0.23997436281126028
2018-05,-0.08386379820647655,0.37669757826694705
2018-06,-0.1666407241193733,0.23970860246913386
2018-07,-0.2773692010114225,0.08240915244073
2018-08,-0.22579710672847164,0.12027211494998775
2018-09,-0.22344830198914722,0.1480576562224176
2018-10,-0.3905437442512711,-0.062803309380454
2018-11,-0.424399098124,-0.12047765375456648
2018-12,-0.4578578914529796,-0.18060035918049736
2019-01,-0.42927808728464767,-0.15304552582556571
2019-02,-0.4432158941207413,-0.17348267624058683
2019-03,-0.40316689454730176,-0.1293822857449331
2019-04,-0.41323923318737005,-0.14186583785370846
2019-05,-0.36588912780236904,-0.1045385095504386
2019-06,-0.3026855531414066,-0.01563366303606924
2019-07,-0.37784382631156405,-0.09012463865487452
2019-08,-0.491517567817383,-0.21987582843210943
2019-09,-0.42411342797913765,-0.12583577910009378
2019-10,-0.3466140036119885,-0.049706467127087595
2019-11,-0.34931631730493434,-0.051769622005173106
2019-12,-0.37907970584736506,-0.07253699888228815
2020-01,-0.33428855720126055,-0.023197092073859553
2020-02,-0.25962487806101703,0.05417556647747229
2020-03,-0.4019670330728042,-0.10178947996011849
2020-04,-0.5879216724800673,-0.3277643893201396
2020-05,-0.49843047322144196,-0.2404633334480865
2020-06,-0.4778005180635792,-0.20507537976524554
2020-07,-0.2518001855845462,0.066835901897498
2020-08,-0.2622702867822576,0.09994016586766115
2020-09,-0.1995520311801812,0.1525429768568832
2020-10,-0.19740018503835463,0.16867915077546317
2020-11,-0.17738801217199307,0.1747194233164988
2020-12,-0.0984896715641943,0.2855383301030413
2021-01,-0.03746070102835805,0.3735371845765235
2021-02,0.07091856582468437,0.5299008171887207
2021-03,0.588116132992907,1.3971354884993632
2021-04,0.3386243830417528,0.9989863874369882
2021-05,0.4098367209625311,1.2197565821128138
2021-06,0.3769385931619405,1.1319995212015197
2021-07,0.5085705969056488,1.3376565694470475
2021-08,0.4262836672239589,1.2773809590115675
2021-09,0.3934874060455514,1.1649380683190704
2021-10,0.49721187241500664,1.3014460863799715
2021-11,0.3581529598669645,1.0646037587774024
2021-12,0.19046557402000627,0.8052435860805034
2022-01,0.279564055416822,1.0106145123049786
2022-02,0.22878748404458746,0.9589221641955255
2022-03,0.13040757997922683,0.7875685087792824
2022-04,0.09390504802197318,0.7412927603743192
2022-05,0.037319037526053214,0.6207296048272186
2022-06,-0.11952934186614872,0.32086845862971203
2022-07,-0.24261869360479635,0.12183254915354944
2022-08,-0.11907611650394323,0.25995853107165046
2022-09,-0.10579541437908789,0.294251416545122
2022-10,-0.09752952237898782,0.35116910771168275
2022-11,-0.06831543669304434,0.36695447406264864
2022-12,-0.144787463807925,0.2637068023584063
2023-01,-0.18542412257413737,0.20024967014061715
2023-02,-0.09445849641019033,0.29568373081777627
2023-03,-0.1713507275467856,0.19147558667645836
2023-04,-0.27515713529127883,0.0825212384526654
2023-05,-0.10123163242378842,0.26969871460241795
2023-06,-0.0317700964106585,0.406969011566917
2023-07,-0.03938041633189154,0.39322590036400706
2023-08,-0.06162175060105475,0.36986409381467655
2023-09,-0.020118422213583998,0.4465272388133069
2023-10,0.017977950808461422,0.4822253884024649
2023-11,0.003311351980076359,0.44018574604613864
2023-12,0.06214907786810464,0.5744645676791255
2024-01,0.14872725911387863,0.6695040648788181
2024-02,0.314544318480906,0.990622586276629
2024-03,0.31841120322615696,1.0365242855240775
2024-04,0.09722761991675373,0.6981733937079564
2024-05,0.1964745663321804,0.8396042100571041
2024-06,0.08403916002037035,0.6246154921357695
2024-07,0.11672589263115674,0.6689991521587605
2024-08,0.12465548885708319,0.7035615045476658
2024-09,0.1250391007856823,0.719577885781178
2024-10,0.16368165917496214,0.7608721663823651
2024-11,0.035795275211813436,0.5720710372110216
2024-12,-0.023183681219253165,0.5030667443428459
2025-01,-0.0992124559906456,0.38025321333879814
2025-02,-0.1309776876139201,0.25280810096668416
2025-03,-0.19954488843575607,0.1759902181280473
2025-04,-0.29891330822554185,0.06768812579562522
2025-05,-0.22190540652088495,0.12601842739652147
2025-06,-0.22440359022423387,0.09433359892180185
2025-07,-0.2568705225912367,0.04535749405588427
2025-08,-0.278685900184026,-2.3422101326543446e-05
2025-09,-0.3061113219802468,-0.04607924333257236
2025-10,-0.26123891202600225,0.02810455257428089
2025-11,-0.2544584109628093,0.036363593452942405
2025-12,-0.3035703333755443,-0.011792323219679046
2026-01,-0.25176606064913903,0.04384439712520426
2026-02,-0.18638068371796176,0.14216021405531395
2026-03,-0.18766616220451363,0.12483575436570335
