Month,SV,SN,SG,BV,BN,BG
2003-10,0.037783000582687395,0.08943288206014299,0.058097811148742094,,0.06376825490014416,0.06753703730437007
2003-11,0.22208189968454498,0.13609163128914128,0.11021610590853946,,0.048592210921237645,0.033517178839229174
2003-12,0.258782580524314,0.23425467932658295,0.22486030159137219,,0.196908480144681,0.1804664027775739
2004-01,-0.14499226204782087,-0.09058417728852469,-0.08515755867717718,,-0.03533024934017117,-0.03289572797651315
2004-02,-0.07866763136581803,-0.04061648746703155,-0.011302104455434602,,-0.012696199554953162,-0.0033293448379533843
2004-03,0.017103276212601472,-0.010264243829737358,-0.038502617301700945,,0.04415455272420342,0.01172014151415017
2004-04,0.11085439527424033,0.08545810783699198,0.0680794856086958,,0.04029084413628901,0.016709753956446926
2004-05,-0.15280820985975593,-0.15575485621641622,-0.13064252931444384,,-0.2848284043931159,-0.157061365864634
2004-06,0.018082950290974144,0.011828019481597011,0.01691867017645494,,0.04708888483761433,0.013169705522853665
2004-07,0.1688100437895602,0.09434883399414962,0.04679960658229615,,0.079625234849968,0.07904575478842084
2004-08,0.12519529010763,0.07800767358310287,0.0845202520043754,,0.010253067702558195,0.007024144909764369
2004-09,0.09558130558889633,0.07406546401163024,0.09259716900009592,,0.07649779088518735,0.07548880690043763
2004-10,0.046282879232852764,0.02038446744273544,0.014048288144161987,,-0.008907211398542057,0.022809151446762207
2004-11,0.2186979413042504,0.17155652189489856,0.11618271837238991,,0.1735613606300898,0.08277449472430021
2004-12,0.13139187572774524,0.15861171376216399,0.11402762606814316,,0.12909525193722268,0.07106517359315584
2005-01,-0.014861611844720842,-0.015590130460133763,-0.0017935959334732473,,-0.04432418035214859,-0.017099658786509393
2005-02,0.07944073698537982,0.07707756195306746,0.03526393164928816,,0.05248862409957291,0.027075112902622264
2005-03,-0.006288812641227081,0.005837745539317808,-0.014811731120833468,,-0.06475240320059195,-0.03594876902072692
2005-04,0.06763780250308192,0.009101940639960629,0.003926515691397273,,-0.06148564324298579,-0.0495783035965304
2005-05,0.1612830045666923,0.10740265612817447,0.0693375327864006,,0.09963966945711282,0.08943614550668817
2005-06,0.032516362838709796,0.012337296985051104,0.0027955947932667333,,0.0073655543280638025,0.06469960851845635
2005-07,0.15140360327410313,0.10966472892785403,0.11070471519830138,,0.19538464075025463,0.04176059913669019
2005-08,0.18899463817652695,0.12019350397909039,0.10171639653125063,,-0.0054144666705218825,0.035768186782441154
2005-09,0.014472373761815841,0.011022937119429754,0.03791041273264371,,0.07436509680822098,0.09004737801789528
2005-10,-0.1373410174440239,-0.11909929045685994,-0.08357014678291978,,-0.09909008604095912,-0.0862361586965097
2005-11,0.11049348594728182,0.10427448823506635,0.11652090611303186,,0.1029838630000041,0.12702998789120915
2005-12,0.025238012902047895,0.04609081881633833,0.08723625281581644,,0.057187072958169986,0.0721635803292328
2006-01,0.05260808119188384,0.054529047722087325,0.0719735729869939,,0.06976304037504956,0.07490474482779823
2006-02,-0.0008085061780225865,0.005402265808727822,0.017167952779363466,,-0.0008034201878255774,0.032721339222952006
2006-03,0.060005124282229864,0.08279523810291334,0.1382141704509074,,0.06990534593308148,0.11249144057131363
2006-04,0.08522340402808631,0.10965941352205935,0.10388450938359765,,0.07515321764415687,0.030312176335175335
2006-05,-0.10357187687876641,-0.13039848125441683,-0.11409180220388475,,-0.1262149635073064,-0.1470016135416201
2006-06,-0.15150549698197996,-0.1575912665698737,-0.11546964161493799,,-0.036303199691047186,0.010886938481846827
2006-07,-0.027646310723696523,-0.02960239622478526,-0.023757055517811463,,-0.017622804323989848,0.012528530539452801
2006-08,0.1452685622172123,0.12694322791614232,0.09408013959100321,,0.14292950563329343,0.0755320192306529
2006-09,0.07171391619010076,0.06751184914110282,0.11967459078008123,,0.09052147793222416,0.04934044027697532
2006-10,0.037055788997734256,0.038038921383259254,0.0627516641076624,0.012157669321591218,0.028524609083541763,0.056706688923532825
2006-11,0.030532220574637805,0.015891379180410482,0.04756784503723892,-0.05529837373667025,0.03461208639693232,0.06874413175270287
2006-12,0.09157103706414435,0.017641994853326067,0.043449947019272045,0.009569880860460863,-0.0046452101037530455,0.010962350454430551
2007-01,0.10851146530173732,0.05732175164659219,0.05104273709062489,0.12632686486867614,0.048043750639990036,0.0244831225244722
2007-02,-0.09777859375127713,-0.08563496989939291,-0.09597324923578801,-0.13527237375539705,-0.06059951792080659,-0.08676163765017471
2007-03,-0.024602006829451465,-0.04497349355645821,-0.031423924170697025,-0.01355164530405806,0.02658116291863072,0.017504937479983267
2007-04,0.06817087199236838,0.0756117330617809,0.06433675787509034,0.10632228503502,0.09696377413799498,0.05470820592268565
2007-05,0.03979129320043726,0.05414841311043337,0.07779187445809622,0.09022947136681801,0.08727092482089388,0.03305169500240649
2007-06,0.06329715955523812,0.04134407076070077,0.04175115302612782,0.027401390332538078,0.00564679819932182,0.008908946452202771
2007-07,0.06872554369616099,0.045245355886091604,0.011109067180439136,0.011457923141525453,0.06384605754134538,0.03991540252042158
2007-08,0.08174387027277283,-0.021379676383416243,-0.03168767361721019,-0.029601794522136866,0.009996752490575697,-0.026250748032187708
2007-09,0.21932258810934582,0.12936521527300077,0.0799056531666427,0.17413324020157572,0.19316953602384765,0.09750583385365393
2007-10,0.07014438559646152,0.10581273572871741,0.06634725813312121,0.06585526180817344,0.15102359936481372,0.16868210089293723
2007-11,0.15280960744671446,0.077751326699841,0.038767563888515565,0.18655174298066132,0.07252035256879447,-0.012930167449567332
2007-12,0.2878264448777401,0.21238886571790935,0.18250155985789662,0.12947107859665122,0.15941760221811924,0.06844178561288422
2008-01,-0.23736603303977216,-0.2172281669254472,-0.21407291053705985,-0.2971668914292686,-0.20674684544900584,-0.16662314861368036
2008-02,-0.04072751137447112,-0.018424640659809664,-0.014730239320226112,0.030099582188057257,0.0320383479832934,-0.0024444956054577097
2008-03,-0.11313325156482819,-0.17371866412610257,-0.14749436147993933,-0.20738263131510168,-0.14488884526077825,-0.11342238457806
2008-04,0.15945052718508268,0.11322264768159336,0.1083694513507062,0.15395477465525617,0.09173781700058484,0.10218543563428836
2008-05,-0.06054211505297347,-0.05872970808737615,-0.05625964953426611,-0.08241002645315855,-0.06606476635019291,-0.05520198014100751
2008-06,-0.200104562299116,-0.17548801416624737,-0.16015348618738057,-0.22933614601372793,-0.2224474025003933,-0.1751362823563461
2008-07,0.07091769431322348,0.027583875275330783,0.03193801968996342,0.13814593396543076,0.13419012649424067,0.06735741376146348
2008-08,-0.014947505051644244,0.019559757085250137,0.02694411141075424,0.029339584007198577,0.0005439194741728253,0.014848781157776707
2008-09,-0.18787551627587443,-0.18544854336461744,-0.155148499708141,-0.1086360143125706,-0.07749772722105139,-0.12055997286387972
2008-10,-0.31310582757573674,-0.31786433847012074,-0.3390043668658797,-0.21436818151277465,-0.2611733998271908,-0.27406775631771946
2008-11,-0.09827869680000142,-0.12826652822453366,-0.12525718850472692,0.06546262903782606,-0.016668489821863287,-0.06436664511688404
2008-12,0.10205710369600432,0.12560825469325762,0.12066336913760976,0.11584456397718873,0.17358965191497924,0.09657633731138006
2009-01,-0.062031360598492416,-0.06995467318305709,-0.09033281122300361,-0.054350534522345215,-0.05959907106161843,-0.03205641386691132
2009-02,-0.04810797232549944,-0.07314524309293839,-0.06603736463761352,-0.11236219675917736,-0.0884531388707153,-0.028293386579910484
2009-03,0.02467836808454333,0.07531141025686035,0.07277227803187762,0.014420528504288748,0.06521221439859012,0.09035274021499203
2009-04,0.20204599259163264,0.2056661827317392,0.16978595303180397,0.1996173739955577,0.16447806332600004,0.15736243984044912
2009-05,0.43581330526285267,0.4626274201430052,0.4596146711747352,0.4092542710140839,0.404004849424847,0.3185654282532077
2009-06,-0.05703842565218763,-0.023105209797074176,-0.0013419623130581395,-0.01667695182731664,-0.024807592025368138,-0.018546911190644867
2009-07,0.06649209389885705,0.09677754359063238,0.08852980764602421,0.047377331411989125,0.06611123595553361,0.08053419464830891
2009-08,0.17283167426508278,0.12055817098256918,0.08948910650497484,0.01898609891675845,0.016477536924048488,0.021357271787795486
2009-09,0.0934231387999871,0.09072600440908501,0.07029882056318022,0.14550248478803898,0.1620128052479416,0.06771086278161782
2009-10,-0.07420737965337108,-0.06632844784932981,-0.0428788990392031,-0.10938673453220951,-0.110423748180927,-0.05999727735774324
2009-11,0.07210427698243167,0.06883051056476738,0.06608150463004588,0.11627620771076172,0.06456088422879021,0.076190880722175
2009-12,0.11329257376562071,0.09246016584235323,0.07589750347761341,0.05554138930713096,0.04744239937865552,0.03914851470093659
2010-01,-0.014331421088739265,-0.005765745597696925,0.004420505577980695,-0.03632854383924995,-0.046011449743624866,-0.04118056073399187
2010-02,-0.02380379433477075,-0.02886559007850192,-0.016709365144478083,0.02108016319860713,-0.0005190214082965706,-0.00845196118769028
2010-03,0.06483286779666031,0.059865083046392584,0.05860560382860329,0.07706505155731774,0.05689681234363448,0.038527262880345525
2010-04,0.10291206029555915,0.08646665155484975,0.046769665526613206,0.040851590626158056,0.03266146547395477,0.005409017854551008
2010-05,-0.07912964970920276,-0.06701524857728546,-0.043696224729048085,-0.10826443844639674,-0.054790869986555156,-0.03204136080424767
2010-06,0.052317566495774966,0.057873242922362234,0.07531262363630661,0.015710377071048352,0.06152114345577824,0.04583394484196307
2010-07,0.051251893255927446,0.036781758455497374,0.030988717434176652,0.09911332095638303,0.02423065645718368,0.018900828282099862
2010-08,0.0402832574913671,0.018380328626455996,0.02740855334220014,0.05873493383592752,0.05319147095426198,-0.00510079672157976
2010-09,0.08035013273319343,0.06439713124590232,0.08474927560475423,0.1430274857060335,0.10497247306068178,0.08733427121474127
2010-10,0.09812280606273394,0.033171220395051465,-0.0010464291896123525,0.06878864570529222,0.012675155054295034,-0.002820932074669858
2010-11,-0.10344373942220537,-0.09153867074480249,-0.06852498029973257,-0.15673276033993916,-0.057957747925173574,-0.04314142933134995
2010-12,0.008865001619861377,0.008404006748980416,0.019230045616243443,0.016154326195370442,-0.010469585121395838,0.0404474682448248
2011-01,-0.12097509746615201,-0.12420011682370925,-0.117673321812849,-0.12692605294040232,-0.07282237801472038,-0.09997082319817929
2011-02,-0.0826130832546596,-0.07716212137141833,-0.057546955659254655,-0.17400326336391012,-0.03824222010480791,-0.03622538705059891
2011-03,0.04604986499580234,0.06713126910127498,0.08177271687263135,0.1508634636474626,0.08131499647891643,0.08417945844731113
2011-04,0.09010215324206115,0.052347135203876786,0.03897596603528109,-0.013507150825643159,-0.004053266165167755,-0.003010072208641452
2011-05,-0.04639702435317237,-0.044417924591569354,-0.036448339830461036,-0.03236493180422229,-0.06808634105670545,-0.018198229525057546
2011-06,-0.0093809945717217,-0.01632210412620699,0.006850279367900816,0.04347104280760429,-0.00005542563535323382,0.006191190315579584
2011-07,0.01814558720316025,0.028043068403975784,0.027260079926000946,-0.006033409989281154,-0.025303351758803477,-0.026315204922472066
2011-08,-0.12636085814584128,-0.10041064064557761,-0.08199132495574751,-0.17761107572039173,-0.11921383143919302,-0.07561714724335108
2011-09,-0.0026871813972923365,-0.009275574571059299,-0.003397210692605741,-0.08848456713442047,-0.012135783662732274,-0.009139298181534713
2011-10,0.02887478485656623,0.020650417421673603,0.018246991942996223,0.04155851682592468,0.02849911138170531,0.05609968387295524
2011-11,-0.14243961424386248,-0.12676082408190445,-0.11563664316850047,-0.09619419360027164,-0.10674673365277113,-0.08829917327776006
2011-12,-0.09047844902151149,-0.09831001930444344,-0.08261433555128013,-0.05205888284427205,-0.09927725452118989,-0.04615099658390202
2012-01,0.20866986343062016,0.1767015881229356,0.13499656526724915,0.2856405319956133,0.21282803211577717,0.12363385431578607
2012-02,0.06542515122172418,0.08926895966062319,0.07352217972026655,0.040002442911552465,0.0749540497732192,0.04327129302391976
2012-03,-0.04561124267234065,-0.02339546201759237,-0.004830377009744758,-0.0733901838241188,-0.03978093430436861,-0.021991273304291233
2012-04,-0.006954857760607428,-0.005960674386270611,0.025927401071913558,-0.05254278905151914,-0.03702525045002789,-0.007450136755613708
2012-05,-0.09205446050340868,-0.06973757241640646,-0.06655215346437934,-0.08494047022339109,-0.07041624043025102,-0.057002708408671714
2012-06,0.04435744867427319,0.045677111220490174,0.03550049553465707,0.07234189736924704,0.06574361135853776,0.06351174288797849
2012-07,-0.02145939769873341,-0.016787059424814045,-0.01178181559788856,-0.04686738783449314,-0.027358556393629663,-0.009015145166844696
2012-08,-0.012428252474693336,-0.01743038268437755,0.015553374962582647,-0.08494061008714351,-0.06242853530606429,0.009675645247903337
2012-09,0.0915733707641513,0.09878774566188252,0.07767438269152803,0.14262719717728667,0.13758622496741024,0.07265566748582207
2012-10,0.023637392617519997,-0.012771177915357904,-0.007718956049644336,,-0.022591868422345257,-0.00953495388972908
2012-11,0.06160735927307815,0.03673065689021476,0.030456631452550696,,0.03464509667104006,0.03822932018687326
2012-12,0.01865872215936356,0.022814940103271463,0.02178702346999023,,0.06646033914962933,-0.0007492783636118787
2013-01,-0.0469462330787676,-0.018935092993945926,-0.024713310268531317,,0.03122637951516184,0.016210579227360362
2013-02,-0.14905000040505165,-0.12212006041151657,-0.08120373673054956,,-0.11898621832333983,-0.04605539549628196
2013-03,-0.06884247667202263,-0.07440080715221278,-0.047672470311897655,,-0.042156208599584084,-0.004805009497119092
2013-04,0.058089943659612585,0.046774239362338495,0.022574127144364867,,0.05653528215825952,0.03302918315920487
2013-05,-0.040994538968731474,-0.02816516425085461,0.009729276603920433,,-0.020266407318694567,0.012291975431216576
2013-06,-0.08218080752548812,-0.06766977122128812,-0.0276787732387538,,-0.026569680853323317,-0.03150009420924548
