Month,SMB,HML,WML,RMW,CMA,MKT,Rf
2003-10,-0.0270250530346186,0.0236158564102446,0.0231602285779514,-0.0704302729720432,0.0168258553148233,0.071,0.0038439
2003-11,0.1078383061567373,0.0574868906476094,-0.0476535369808216,-0.0188049420365689,0.0216225893510125,0.0556,0.0036393125
2003-12,0.0750421339301688,-0.0126134069905012,0.009760024834519,-0.0046091343226946,-0.0357681335535662,0.19219999999999998,0.0035031
2004-01,-0.1176641215921913,0.033161562606596,0.0354476548607432,-0.0320997272691925,0.0095203818634033,-0.0453,0.0035541874999999996
2004-02,-0.0546065036670628,-0.001753523982627,0.052078045702485,0.006798776019683,-0.0179508500044477,-0.009300000000000001,0.0036478125000000004
2004-03,-0.0325924844118533,0.0257550736899961,0.0557170159342022,-0.0203561332687885,-0.0641104241387462,0.0104,0.003557583333333333
2004-04,0.1073324683381226,-0.0415337445394266,-0.0011554246256085,-0.0042873581261103,0.0227786064196808,0.0347,0.003656333333333334
2004-05,0.0847093356151904,-0.0541019801352685,-0.1349586612181411,-0.0090663848024837,0.0088760807655104,-0.1837,0.0036648333333333333
2004-06,-0.0522919300134813,0.0613466292659215,0.0181564249332298,0.0162831527623234,0.0020623954530391,0.0208,0.003714233333333333
2004-07,-0.0459211960200481,0.1745403795488659,0.0572995143190307,-0.0102875131420731,0.0526404549598372,0.0872,0.0037329791666666666
2004-08,0.0777267991412684,0.039504459217581,0.0246227722648013,0.0143675411166365,-0.0111083621920115,0.0231,0.003971854166666667
2004-09,-0.0154450507502435,0.0302874594755794,-0.0303220076729681,-0.01056118647083,-0.0160287859633562,0.07769999999999999,0.003987183333333333
2004-10,0.0493981925473979,-0.0359777216143676,0.031826232636544,-0.001580775883686,-0.0190995049099363,0.016200000000000003,0.0043250625
2004-11,0.0609431929669407,0.0262783053178098,0.0169633877677798,-0.0139883385457884,-0.0091691026666657,0.1013,0.0045655625
2004-12,-0.0092748688573408,0.0749028587574666,0.0432781361147824,-0.0022453656645907,0.0192171372790682,0.09519999999999999,0.004436816666666667
2005-01,0.0063593201228486,0.0154164253726123,0.0469657074219306,-0.0193983733907641,0.0016036658947464,-0.0197,0.0044281875
2005-02,0.0836893934843743,-0.0656353771925532,0.0139361376868472,0.0113483448289744,0.0269910738357665,0.0345,0.0043767499999999996
2005-03,0.0268414593729246,0.0109395490462136,0.0591274094666875,0.0103603684481814,0.0016366253001682,-0.0296,0.004381866666666666
2005-04,0.115285047717896,-0.0103003446071233,0.0061345208575965,-0.0033842011526009,0.0150533997534827,-0.0472,0.004308145833333333
2005-05,0.0131936007299342,0.061866687439861,-0.0113022243349513,-0.0064057528539368,-0.0263955110334645,0.0882,0.004325270833333333
2005-06,-0.0357954031716352,0.0245949402281984,-0.0280287349803404,-0.0445230878066881,-0.0363245473145491,0.042699999999999995,0.004409316666666666
2005-07,0.0068968035123037,0.0567516883973008,0.1051619034276701,-0.04624739107056,0.0497411829284068,0.0658,0.0045511944444444445
2005-08,0.1365398565840999,0.0127441796678759,0.0659302252170655,-0.0207281531423844,0.0299770810682334,0.051100000000000007,0.004368145833333333
2005-09,-0.0798747229737248,0.0031683122068186,0.0066102201251143,0.0281447733917227,-0.0396228548920588,0.0736,0.0043681875000000005
2005-10,-0.0017405399439707,-0.0584986510395084,-0.0451294942239267,0.011898176141068,-0.0151067220805174,-0.0902,0.004582708333333334
2005-11,-0.0040017143853281,-0.0044460178340135,0.0478238172733735,-0.0101390854957098,0.00723469750766,0.11560000000000001,0.00480095
2005-12,-0.0091031422035634,-0.0351631278202264,0.0390140639821253,0.0215292346295078,-0.0235129256526329,0.0683,0.0049093750000000005
2006-01,0.0014497311448903,-0.0306559864798379,0.0781526828993822,-0.0177491224606555,-0.0047715831070236,0.0521,0.005210854166666667
2006-02,0.0081887596916922,-0.0454840921245322,0.0025184649815161,0.0184401547071712,0.0094948549956024,0.0297,0.005521291666666667
2006-03,-0.0335379891914118,0.0018915020723232,0.0885822032359113,0.0491488804706588,-0.0130680433459196,0.0951,0.0054281166666666665
2006-04,0.0230116838099186,0.0185657132301848,0.0480455147645762,-0.0125804351737803,0.065523677465309,0.053399999999999996,0.0045998958333333334
2006-05,0.0383114261648137,-0.012934772096344,-0.0313429183388866,-0.0328678867592637,-0.0558534269339533,-0.139,0.0047459500000000005
2006-06,-0.1225491054483601,-0.0202552953972829,0.0671659145799092,0.0298059006040085,-0.0188085594414637,-0.024399999999999998,0.005124666666666666
2006-07,0.0005991771218673,-0.0366724559871769,-0.0260316622700166,-0.0064529522622588,-0.0065701155942757,0.0021,0.0053486666666666665
2006-08,0.0223451272802894,0.0271852595563491,-0.0348426932949249,-0.0109729868376402,0.0163781863729524,0.09759999999999999,0.005338316666666666
2006-09,0.0242903026410397,-0.0349756505662281,0.0039988362079939,-0.0185973355914538,0.0232982875033865,0.0667,0.0054263125
2006-10,0.0134858023866633,-0.0351224473559348,0.0834611045609502,0.0065236612105197,-0.0710621732807414,0.0426,0.00552125
2006-11,0.0129031535327093,-0.068502073518157,0.05278072222624,-0.0263072377776,-0.0474562833541985,0.0536,0.005545416666666667
2006-12,0.0389524959167703,0.0271986527623212,0.0232706096125758,-0.0015994756147111,-0.0310898593158592,0.0064,0.005841125
2007-01,0.0059045767785016,0.0775225338573609,-0.025378828396681,-0.0248417670586429,-0.0022935748580807,0.0301,0.0060644666666666664
2007-02,0.0100006457033971,-0.0240517341769439,0.0048136281315633,-0.0093302846855642,-0.0007130580882572,-0.083,0.006430458333333333
2007-03,-0.0454183947561039,-0.0121731824919435,0.0005133610788236,-0.0187216371253342,0.0036469402372435,0.014499999999999999,0.006439125
2007-04,-0.0246195348275103,0.0314451222896441,0.0221068705032578,-0.0002514914672077,0.0065796031393931,0.0748,0.0062742499999999994
2007-05,-0.0063809462577314,0.0066552717888254,0.0426097501235412,0.0126058567865599,-0.0217283213464492,0.054900000000000004,0.006327933333333334
2007-06,0.036728483924616,0.0210891512159136,-0.0166878378507553,0.0066683103265231,0.0028256351153436,0.0196,0.006173125
2007-07,-0.0001619986663609,0.019829964000691,0.0209299060385969,0.0032924267262848,0.012233424551419,0.0449,0.0042234375
2007-08,-0.0023795152720102,0.0599922053381,0.0081424412760027,0.0103045291853611,0.0382272781239191,-0.0177,0.00561465
2007-09,-0.0564391470236726,0.1094460465053379,0.0435734968078656,-0.0331797788097495,0.0369498576606307,0.1304,0.005901625
2007-10,-0.0477521942025413,-0.0495148558107116,0.1694918247188966,-0.0126474633729416,-0.0266411228613584,0.14800000000000002,0.0059258666666666664
2007-11,0.0172371689419542,0.1555235194920317,0.0116470758549372,-0.0208120736256115,-0.0110963521456105,0.013300000000000001,0.006222145833333334
2007-12,0.106618942247152,0.0843468515725625,-0.0452518561181979,-0.0396442393020466,0.0333837143908793,0.1005,0.006178770833333334
2008-01,-0.0192202066833726,-0.0773839188392717,0.0017936844879184,-0.0054220100408857,-0.0491540773118854,-0.1877,0.005932766666666667
2008-02,-0.0417488812646459,-0.0022521877563747,-0.0272387656283661,0.0223102517916344,0.0006327502338585,0.0038,0.006118083333333334
2008-03,0.0226725599664565,-0.0265712231999828,-0.0594413326519467,0.0067952007017259,0.0301866394748668,-0.12240000000000001,0.006109437499999999
2008-04,0.0237672150682637,0.0474228699878764,0.0250816357424639,-0.0617800252204705,0.0229596852169759,0.10400000000000001,0.00606445
2008-05,0.0122330963079222,-0.0157403187117062,-0.0628214569513836,0.0158360091565267,-0.0130372478442199,-0.060700000000000004,0.00617875
2008-06,0.0313755586796684,-0.04396326853939,-0.03819790419939,-0.0043625740115163,0.0138611055623442,-0.19,0.006673958333333333
2008-07,-0.0677019130763234,0.0586557892317224,0.0171751159304459,-0.0480484674073275,0.0623371129811595,0.0823,0.007560900000000001
2008-08,-0.00111938365468,-0.0138949118723483,-0.0362522596336803,0.0054014623124609,0.0059003194565638,0.0111,0.007623770833333333
2008-09,-0.067210789019206,-0.0104221806707605,0.0197960316313852,0.0058325099747475,0.0374567429894938,-0.12179999999999999,0.007283229166666666
2008-10,-0.073455065084684,0.0427990570475439,0.0696005649390532,0.0121293544752751,0.0550917464396861,-0.2718,0.006773633333333334
2008-11,-0.1113949049818257,0.0772616514401779,0.0981540481732245,0.008873525111101,0.072605210444813,-0.059500000000000004,0.006083458333333334
2008-12,0.0006747020303582,-0.010149443167693,-0.2071652525192792,-0.1143412032498282,-0.0824334485041571,0.09849999999999999,0.0045749833333333335
2009-01,-0.0290581479084703,0.0062921933265064,0.092525456853539,0.0121007074580507,0.0676250466567215,-0.0362,0.003905708333333333
2009-02,0.0150663177524316,-0.0275539585520582,0.0544225926036913,0.006301383402213,0.0564805899274979,-0.0426,0.0039826875
2009-03,0.0003853444497418,-0.0614178461574891,-0.0531981991094018,0.0114362695043848,-0.0212433400588437,0.0866,0.003974145833333334
2009-04,0.0400397348952632,0.0160902388046614,-0.1965953231585485,0.0074852566062219,-0.0704043698365654,0.1607,0.0031789833333333334
2009-05,0.1023426275030885,0.0192319436765376,-0.3805080225890692,-0.0513710260635799,-0.0990001154383881,0.3448,0.0027125416666666665
2009-06,-0.008925398721439,-0.0260323840813249,0.04702484288269,0.0302462232525699,-0.0041739866344196,-0.0287,0.002789
2009-07,0.0260665562894553,-0.0299477680934181,-0.0151760991466993,0.0727253980552994,-0.0049335454139816,0.08779999999999999,0.0026887666666666667
2009-08,0.1133663964528715,0.0331615051459854,-0.0469373817816685,0.0095947338432622,-0.0162301833728034,0.0215,0.002789
2009-09,-0.0304907572137891,0.0491223650499606,0.0275549491769727,0.0036855511502557,-0.0063379878945917,0.0741,0.0027907333333333333
2009-10,0.0321310111763252,-0.0403589688943171,0.1082878514066971,0.0763482099231598,-0.0342029804165832,-0.064,0.0026955833333333333
2009-11,-0.0098839125965981,0.0211177399672465,0.058758152601837,-0.0075227923871713,-0.0052820169437795,0.076,0.0027294999999999997
2009-12,0.047016104908759,0.0239512929634869,-0.0155865332092896,0.0204153221349471,-0.0044924128355055,0.045,0.0029743666666666663
2010-01,0.0360188659330998,-0.0059955241739622,0.0230138589637299,0.0049340849267934,0.0232270970458479,-0.0398,0.0031518749999999997
2010-02,-0.0269344508189065,0.009723251066684,0.0220725892134024,0.0449788381081716,-0.0065803867282159,-0.0063,0.0034274166666666663
2010-03,0.0071407714104623,0.0215321719839919,-0.0085515416114721,0.019022545151505,-0.0100296625694334,0.045599999999999995,0.00362885
2010-04,0.0467096038041202,0.0455110642102595,0.0155791369676002,-0.000325590911859,0.0301165982191911,0.013000000000000001,0.0034530208333333335
2010-05,-0.0065424665801377,-0.0546157310425157,-0.0213036424379396,0.0304935081220133,-0.0048229168736655,-0.0317,0.0036581458333333336
2010-06,0.028959419589975,-0.0319656212102972,-0.017076230624882,0.0066863719728933,0.0049498188168448,0.0483,0.004409333333333334
2010-07,-0.0144507096493458,0.0564781286342615,0.0517439457981429,0.0074449765220907,-0.0036222691202826,0.0138,0.004633958333333333
2010-08,-0.0201192811426865,0.0432203225553771,0.0571266487090967,0.0389030668333423,0.0066210692532023,0.0146,0.0051245625
2010-09,-0.0407533405864835,0.0298277883783602,-0.0064485410302488,0.0082727433342548,-0.0074749762449962,0.0874,0.005117666666666666
2010-10,0.0172015761944185,0.0853894065161541,0.035058885197119,-0.0175009136283288,0.0210865951324684,0.0103,0.0055386041666666665
2010-11,-0.0102628593354569,-0.0655791258917327,0.0478792202996017,0.0442381621094905,-0.0175253992218437,-0.0383,0.005685395833333333
2010-12,0.0002505871913999,-0.0173230327337462,-0.0640179149130838,-0.0029642263349378,0.0127681465691768,0.0337,0.005953566666666667
2011-01,-0.022382775422661,-0.012780642977183,0.0236588180918055,0.0231372353523314,0.0090887956524181,-0.1043,0.005970875
2011-02,0.0098764733573749,-0.0715048845295462,0.0352351655267593,0.0154242741828982,0.0075747017751837,-0.0397,0.005962229166666667
2011-03,-0.032230931549167,0.00664630088589,0.0215112715914145,-0.0006523719369896,0.0079864002098965,0.0904,0.006022833333333333
2011-04,0.0632990744007489,0.025923970971433,0.0054814225842026,0.0370529383815761,0.0060142043388523,-0.0022,0.006100833333333333
2011-05,-0.0024378436119086,-0.0088530725258204,0.0358956232136364,0.0206279372757351,0.0058443732914874,-0.0255,0.006708354166666666
2011-06,-0.0246960739141716,0.0069411447864916,0.048142995932836,0.0230499429800296,-0.0116632797751307,0.0098,0.006842300000000001
2011-07,0.0379253655076243,0.006635314252299,0.0324417413664896,0.0266313714197073,0.0048477380290727,-0.020099999999999996,0.006838833333333333
2011-08,0.0081582539237796,-0.0580323509306226,0.0969237817082567,0.0422085654067246,0.0039473939810539,-0.086,0.006967633333333335
2011-09,0.0209709107562443,-0.0328071413331787,0.0059532851674567,0.0098140101650854,0.0080089568317531,-0.0139,0.007012916666666668
2011-10,-0.0194617059531163,-0.0019566870667302,-0.014797917882973,-0.0159729124678369,7.564481395430644e-05,0.0602,0.0071262083333333325
2011-11,-0.0098907880139042,-0.030998864214565,0.0795441536885249,0.025158346676846,0.0138114439604132,-0.09570000000000001,0.0073442666666666675
2011-12,-0.0372737813665156,0.0032770595312329,0.0718094188565088,0.0214556231283356,0.0134417701910602,-0.055999999999999994,0.007073916666666667
2012-01,-0.0067417239538407,0.1052980485223465,-0.2757753645813937,-0.0917327753089564,-0.0048359262157184,0.13570000000000002,0.007178520833333333
2012-02,0.0214946673872952,-0.0046137294565061,-0.0265076123372497,0.0006819740565766,0.0198417989159083,0.047599999999999996,0.0074560166666666665
2012-03,0.0201427937547402,-0.0459539512061711,0.0953691284200863,0.0371774698788417,-0.0068968695135622,-0.012,0.007510145833333334
2012-04,0.0434136437261838,-0.0411717071630906,0.0251624150742086,0.0337498674376701,0.0145372391432879,-0.0102,0.007143729166666667
2012-05,-0.0115209439180393,-0.0235390893340754,0.0673793307517259,0.0269600750013691,0.0213423840573397,-0.0616,0.007009433333333333
2012-06,-0.0083033204611222,-0.0017718940845922,-0.0469220502424374,-0.0063697511154934,-0.0110543434798146,0.069,0.0068823125
2012-07,0.0086842141160693,-0.023415906954095,0.037241266580809,-0.0081844349958894,0.0326343854628825,-0.0084,0.0068388125
2012-08,0.0329912311243673,-0.0582229494212139,0.0703196137092777,0.0419356830725742,0.02408257634999,0.0022,0.0068632
2012-09,0.000238982185018,0.0267109775407421,-0.0715787436904999,-0.0378591932911434,-0.0186207320831795,0.09140000000000001,0.006777895833333334
2012-10,0.0471431499400693,-0.0326320331493612,0.0415128668560277,0.0148735656119444,-0.000968603586647,-0.011899999999999999,0.006751816666666667
2012-11,-0.0722207087405558,0.1349895409187659,-0.0176748230501879,-0.0183383389450554,-0.0195372760085368,0.0516,0.006812708333333334
2012-12,-0.0041178522507326,0.0084021745263512,-0.0010682396616906,-0.0071416418037012,0.0120021186936396,0.0148,0.006812708333333334
2013-01,-0.0518616280369503,-0.0130403277382133,-0.0052802965731554,0.0113859544837873,-0.0144212795290085,0.0111,0.006675316666666668
2013-02,0.0018758585522302,-0.1078191134242618,0.031060270587847,0.0499370254586986,-0.0364415086297454,-0.0658,0.0066822708333333335
2013-03,-0.035931497961943,-0.029645568889266,0.0818043961086127,0.0259889546848326,-0.0434586617807315,-0.008100000000000001,0.006751833333333333
2013-04,-0.1601782281663573,0.2601412175775683,-0.0137034489472412,-0.0308264080158765,0.0434051310484521,0.046,0.0064321
2013-05,-0.0442501199688846,0.0068260754994515,0.047728101191625,0.0436302675680911,-0.0173138159382796,0.0111,0.006118083333333334
2013-06,-0.0542161982143286,0.0367916400010473,0.0998589388536058,0.0257564419323719,0.0181167142121679,-0.0346,0.006196083333333333
2013-07,-0.0631549668278071,0.04262983452229,0.0792027674993621,0.0805322579922603,0.0020799216881728,-0.026699999999999998,0.007761645833333333
2013-08,0.0295922550647021,-0.0414849397925063,-0.1234932239697892,0.0034141615628964,-0.0028801800417244,-0.045599999999999995,0.009461
2013-09,-0.0296255068131713,0.0412968472569824,-0.021337608660034,-0.0216481802464395,0.0054155164897735,0.0529,0.008764604166666665
2013-10,-0.0050590590265427,0.0316676204936399,-0.0617135527409253,0.0070848478707543,-0.0031470680137572,0.0947,0.00744925
2013-11,0.0349742999494589,0.0386553632082597,-0.040252726164732,0.0081310197407424,-0.0016805690414863,-0.006999999999999999,0.007379208333333334
2013-12,0.0416538307849359,0.0020114660438924,-0.0201588728848468,0.0209195600402188,-0.0189284973857184,0.030600000000000002,0.0072395624999999995
2014-01,0.0125793735169745,-0.0808737326176068,0.0976924713617345,0.0540551255198417,-0.0236187175216812,-0.0412,0.007295383333333333
2014-02,0.0294252407942279,-0.056385533508239,0.0503388102976631,0.0397853102336847,0.0197621084641105,0.0305,0.007571333333333333
2014-03,-0.0036349689929225,0.1042066113162224,-0.1514200700290067,-0.0326208973668398,0.0031358796479409,0.0782,0.007606333333333334
2014-04,0.0625859299130856,0.0280975106782469,-0.0227272422993784,-0.0096886305990084,0.0220070855714036,0.006,0.007400116666666667
2014-05,0.0509153042763199,0.1270491822678583,-0.1761026509918538,-0.1169374977739692,0.0285944934377268,0.1052,0.0072831875
2014-06,0.0624957970879018,0.0512789776439793,0.0476308645708002,0.0228675268832061,0.0140158677864793,0.0663,0.0071262083333333325
2014-07,-0.0181154226812051,-0.0547348834202251,-0.0190324908075861,0.0605445263223078,-0.0091417441457606,0.006,0.007155866666666665
2014-08,0.0346249589773621,-0.1022333676305133,-0.0041859635227543,0.0830735664053218,0.0174525207959209,0.027999999999999997,0.007195958333333333
2014-09,0.0788765902663106,-0.0770008224788013,0.0107584780654433,0.0829264093697235,-0.0359168596564553,0.009300000000000001,0.007152395833333333
2014-10,-0.0411732235481329,0.085956605237022,0.0203992434868008,-0.0342497967350309,0.0225756559616478,0.0426,0.007058216666666667
2014-11,0.0044906556067268,-0.0183089042610327,0.0556430872334849,0.0220252174262521,-0.0209638905982875,0.0349,0.006908416666666666
2014-12,-0.0001344996260642,0.0209779759060597,0.0211713798795669,0.0240012349231631,0.0093270858105131,-0.0207,0.006911933333333333
2015-01,0.0217119738436741,-0.0689829556737763,0.0481951877881088,0.0096267443699419,0.0170314828219142,0.0582,0.006917166666666666
2015-02,0.020718936454816,-0.0604127297200001,-0.0017961442782085,-0.0231005270296291,0.0134711855662733,0.0104,0.006934541666666667
2015-03,0.0111269240692341,-0.0732363513757116,0.0433858839409105,0.0301231835958171,0.0068946424417197,-0.0349,0.006899729166666666
2015-04,-0.00010718098012,0.032544237910167,-0.0152698531747422,0.0012338711301671,-0.0042344734037484,-0.0327,0.0065641
2015-05,0.0018060246566188,-0.0376189482292129,0.0226532224996508,0.0338740906715705,-0.0141817445461978,0.0318,0.0066040625
2015-06,0.0080191660451173,-0.0593023759833235,0.0167046947245544,0.023280955401653,0.0082144933352191,-0.0067,0.00640425
2015-07,0.0624548794138331,0.0286567696618924,0.0878032950353291,0.0406053126261556,0.0054882821524919,0.0325,0.006258533333333333
2015-08,0.0095115922555015,-0.0572554054959567,0.0538619904926979,0.0460292232814157,-0.0476962504351745,-0.0608,0.006161416666666667
2015-09,-0.0132275415564635,0.0509725741229738,0.0107748154695402,-0.0035392573111241,-0.0200463544866487,-0.0026,0.006133733333333333
2015-10,0.0087646938300542,0.0447298463764511,-0.0718964100544617,-0.0416074173153538,0.0219424836215058,0.0165,0.005901625
2015-11,0.0439263214099858,0.0208686918703596,-9.35476917788558e-05,0.0189833144688294,0.0231055455001456,-0.009300000000000001,0.005944916666666667
2015-12,0.0160319454781516,-0.0110495926434806,0.0384114080372331,-0.0155960883622089,0.0044384646218492,0.0059,0.00600205
2016-01,-0.0084670472003945,-0.0695337615086621,0.0304552854402991,0.0115934133230195,-0.0022059134687469,-0.0571,0.0060459166666666665
2016-02,-0.0532410928130253,-0.0364475453444128,-0.0237472161437272,0.0280287349075666,-0.0160637338334639,-0.0797,0.00612675
2016-03,-0.0212457087762281,0.0585706391734422,-0.0264965021400325,0.0011265034841474,0.0067707736709995,0.10890000000000001,0.006050500000000001
2016-04,0.0375271464320222,0.0141706893105812,-0.0110701962721623,0.0021009849535695,0.014018610892175,0.0212,0.005685395833333333
2016-05,-0.0180860225926484,-0.0482047770718657,-0.0006989817250656,0.0057147283480032,-0.01064696902893,0.0341,0.005711333333333333
2016-06,0.0435805356916631,0.0671653733534421,-0.0155864221111215,-0.0102355459821668,0.0335763067457255,0.028900000000000002,0.005656016666666666
2016-07,-0.0147712375295716,0.0195493322494482,-0.0168002018646579,-0.0172839073428183,0.0327606724875953,0.0521,0.0054781249999999995
2016-08,-0.0111377864945925,0.0184916299411125,0.0174704372673069,-0.0001716166336321,-0.0021003023468464,0.0232,0.0054694999999999995
2016-09,0.0147120533685828,-0.0035447572997742,-0.0025208715449357,0.0247830274588267,0.0030637284756097,-0.012,0.0054435625
2016-10,0.0436266790642448,0.0523870926536014,0.0352580534232142,-0.0079150668574759,0.0146967855330017,0.0151,0.005305541666666667
2016-11,-0.0655100627746646,0.0364577594366483,-0.0205229206834903,-0.0073803189767912,0.0075872273113219,-0.0557,0.0050764
2016-12,0.0086680550462784,-0.030687565019719,-0.0135730232297098,0.0088341019640588,-0.0184879175162492,-0.013600000000000001,0.0051331875
2017-01,-0.0008468339716704,0.0669619126996339,0.0288097661206501,-0.0127294192341731,0.0088855629453848,0.057,0.005202083333333333
2017-02,0.0139905955772645,0.0173562622594673,-0.0224486392798017,-0.0040961511720741,-0.0030619154344537,0.0462,0.005133166666666667
2017-03,0.0184690819927159,0.0031196585496969,0.0069828667057748,0.0130128284580503,-0.015869493171787,0.039,0.004938583333333333
2017-04,0.05078199696367,0.0433732943994855,0.0505976834757682,-0.0067766717013424,-0.0007399183541449,0.0279,0.005029833333333333
2017-05,-0.0240364795860845,-0.0793194760837606,0.0156108770756721,0.0643176918303359,-0.0437217794464679,0.0171,0.005227933333333333
2017-06,0.0290211033820806,-0.014658230194622,0.0003585738906884,-0.020250107127083,0.005460660028962,0.0005,0.005227916666666667
2017-07,-0.0133249120943231,0.0428155878111492,0.0186151633608486,-0.0332365866248497,-0.0077697848335266,0.0581,0.005167645833333333
2017-08,-0.0177057967451374,-0.001300839324105,0.0738746977081405,0.0264943652305708,-0.0120206906776336,-0.0101,0.005110783333333333
2017-09,0.0241102643461401,-0.0141568279795055,0.0087635409242952,-0.0172631619379307,0.0312768167283163,-0.0102,0.005081479166666667
2017-10,0.0132773699567022,0.0913813761911205,0.040366730909548,-0.0171969334042979,0.0357855099613574,0.0649,0.005072875
2017-11,0.0613938093145274,-0.0481511800762256,0.0003208808014354,0.0212408819508005,-0.0140233615467587,0.0007000000000000001,0.005096983333333333
2017-12,0.0257667103995923,0.0140696234222857,-0.0033302992859232,-0.0124348590905014,0.0169597265064171,0.036699999999999997,0.005141791666666666
2018-01,-0.0403786886881413,-0.020200096811173,-0.0328989659200434,0.0029210698491778,0.0053576496385475,0.022099999999999998,0.005290016666666667
2018-02,0.0072699939452847,-0.0487324610162977,0.0166329623426946,0.0279547165708293,-2.5591911881249485e-05,-0.0435,0.005305541666666667
2018-03,-0.0234819728004015,-0.0718380115897235,0.0294671990225657,0.0342867221858617,-0.0337001381541974,-0.0364,0.005167645833333333
2018-04,0.0262235509077197,-0.0093758429659071,0.0589428619039234,0.0077944313477368,-0.0045456122514911,0.06570000000000001,0.0051073125
2018-05,-0.0472685327181918,-0.0315553291439743,0.0496276160824214,0.0243427874067109,-0.0235204696131701,-0.0175,0.005269333333333333
2018-06,-0.0517940434876334,-0.0565066668017022,0.0260548220348475,0.0089902068400938,-0.0225659386887989,-0.0148,0.005426291666666666
2018-07,-0.0245064773742456,0.0092387186533348,0.0125100252757303,0.0291455800976538,-0.0041747462294789,0.0558,0.005460833333333333
2018-08,-0.0024813849247923,0.0054742052437213,0.0209373151385533,0.0077347255282005,0.0342987988586181,0.0369,0.005635283333333334
2018-09,-0.0602672206566053,-0.0607626126609285,0.0499648210311517,0.0215045984605747,0.0114769251663068,-0.087,0.005849729166666667
2018-10,0.0471457699933091,0.0747908987488271,-0.0355472722904096,-0.0164076951478019,0.0104055482497219,-0.039,0.0058151166666666676
2018-11,-0.0090147997248051,-0.045964853627004,0.0547550996247691,0.0150918054904399,-0.0456535965682481,0.041100000000000005,0.005711333333333333
2018-12,0.0101535206929021,0.0318193074436198,-0.0611354179133394,-0.009254455264992,-0.0156640829158198,0.0070999999999999995,0.0055558125
2019-01,-0.0499153578296714,-0.0319846798694806,0.0516640230639369,0.0398984929765536,0.0375010294565003,-0.0177,0.0055178
2019-02,-0.0351790368749187,-0.041621094575786,-0.0171831351214765,0.0211909697588625,-0.016671396809669,-0.0040999999999999995,0.005365937500000001
2019-03,0.0046833050349313,0.048057565211623,-0.0263266130953984,-0.0129548460096145,-0.0432370429406995,0.07980000000000001,0.005288291666666667
2019-04,-0.0236290348657046,-0.0387207671371312,0.0748470721482985,0.0304898810109758,0.0237317418643811,0.0001,0.005276233333333333
2019-05,-0.0024427433642377,0.0093668815121908,0.1061970214721082,-0.0065112105062851,-0.0415952984905521,0.015600000000000001,0.0052969375
2019-06,-0.05575438085707,-0.006572742838052,0.1236399459449319,0.0299819038737655,0.0042221486319794,-0.0132,0.005003979166666667
2019-07,-0.0370791647703587,-0.0466128254773542,0.0718306974662981,0.0185693637669307,0.0189800115649977,-0.060899999999999996,0.0048285
2019-08,0.0210259427089447,-0.0842332436272784,0.0847560955712164,0.0306404424296463,0.008650052426216,-0.0054,0.00453975
2019-09,0.016424449161501,-0.048126871579126,0.0735353761844117,0.0534582073784,-0.0345371454215345,0.0407,0.0044539375
2019-10,-0.0296594030643854,0.0063724660913733,-0.0298587027211834,0.0167173088938259,9.519408654039274e-05,0.0387,0.0042927166666666666
2019-11,-0.0256799140241941,0.0403897437431051,-0.078228198287501,-0.0759440970376319,0.0362095288332032,0.0131,0.0041861875
2019-12,-0.0143012471087565,-0.0184305420913177,0.0536642863478971,0.0061426599314832,-0.0283668102644908,0.0060999999999999995,0.004150291666666667
2020-01,0.0805919518224987,-0.0580015100828785,0.0432016905636786,0.0082313537279857,-0.012057267150346,-0.001,0.00422875
2020-02,-0.0077224321490175,-0.0986788853625004,0.0780227188800837,0.0387041845691854,-0.029689673430276,-0.06280000000000001,0.004240604166666667
2020-03,-0.069483501325472,-0.0370729369308739,0.055846654010386,0.0679434211325505,0.0102532692179168,-0.2403,0.0040492666666666665
2020-04,0.0341424914830832,0.038468188139223,-0.0645175551816746,-0.0502652082585667,-0.0150755650111943,0.14529999999999998,0.0032956041666666667
2020-05,-0.0078270611447904,-0.0220220904159944,0.0532441873893229,-0.0026067467430852,0.0345431634738984,-0.0231,0.0028068750000000003
2020-06,0.0675252975816055,0.1370519182227781,-0.1390082267792799,-0.0697985205901,0.0376783101920196,0.0839,0.0027591875
2020-07,-0.0127644116803265,-0.04965066932117,0.0902668264190224,0.0195592588661603,-0.0161727866276849,0.0682,0.0026811666666666668
2020-08,0.0649681150375436,0.0324078533245792,-0.0772815729278541,0.0127431236888853,-0.0135921451454743,0.0384,0.0026950416666666668
2020-09,0.0320190660739555,-0.0833327643548947,0.1086002849528608,0.0705105782114583,-0.0080542375659472,-0.0028000000000000004,0.0027292916666666668
2020-10,-0.0141203530139683,-0.0247525281156006,-0.0133446546505225,0.0030931633452342,-0.0084438987404717,0.027000000000000003,0.0026894375
2020-11,-0.044951100470792,0.1035997276715655,-0.1338421380908912,-0.0686481924282593,0.0098570357001087,0.11939999999999999,0.0025470416666666666
2020-12,-0.0058709167436751,0.0828833196076045,-0.0188737799903164,-0.0151430077985449,0.0204188648808984,0.0748,0.0025787
2021-01,0.0111148745966159,-0.0117993919173248,-0.0147888040223574,0.0202521489301819,0.0326022433673495,-0.018500000000000003,0.0027059583333333332
2021-02,-0.0426349452794873,0.1632740159594004,-0.0645758467496818,-0.0797726468085144,0.0440926788039617,0.07919999999999999,0.0027205208333333335
2021-03,-0.012764744455839,-0.0501574758490552,0.0582958547150458,0.0689859316063749,0.0295597924877351,0.0115,0.0027335999999999997
2021-04,0.0095673010359099,0.0653381340518538,0.0821639048222277,0.0025321683797097,0.020243969771713,0.0045000000000000005,0.0027829583333333335
2021-05,0.0479183230259192,0.0401262977183002,0.0097067306145445,-0.0110401198062175,0.00602212316153,0.0711,0.002808791666666667
2021-06,0.0696535183315522,0.0321464275405173,-0.0143104972144218,0.0303729777526938,0.0182359261652553,0.0206,0.0028662333333333337
2021-07,0.0477455862662307,0.0482667321866685,0.0554506870069395,-0.0023300434035572,0.0134533326023714,0.0158,0.0028510416666666667
2021-08,-0.0724000781983681,-0.0814932980235843,0.0075135688095879,0.0433430377457665,-0.0381938982810083,0.066,0.0027905208333333337
2021-09,0.0284721561238295,0.0195811593773555,-0.0207747086249546,-0.0220830676954615,-0.0057930239035049,0.0348,0.0027785999999999996
2021-10,-0.0081685806795359,0.0157802945370614,0.0233252374376463,-0.0188520186680644,0.000107813859374,0.0031,0.0028920833333333333
2021-11,0.0255655472819966,-0.0393826662866063,0.029991487258392,0.0287496721621511,0.0149876193557773,-0.028300000000000002,0.0029666666666666665
2021-12,0.0310330097999908,-0.0203167643519706,0.0527392493747748,0.0317894199348477,-0.0106155176003012,0.0242,0.002984616666666666
2022-01,-0.0259154699569479,0.100135723023292,0.006260118200496,-0.0657159553277694,0.0189142205971697,-0.0048,0.003025020833333333
2022-02,-0.0500336036607251,-0.030194871474517,0.0174969326934655,-0.0003046791912766,0.0115188912336117,-0.0395,0.0031551875
2022-03,0.0149636671957931,-0.000580861244504,0.0961191563121394,0.0003165941558106,0.0399233276934613,0.0414,0.003159833333333333
2022-04,0.0323088112871927,0.0360221736696495,-0.0095757496119287,-0.0281559154854018,0.0140694072199663,-0.0070999999999999995,0.0032890625
2022-05,-0.0225093848461361,-0.0210601167291232,-0.072495439139101,-0.0106952524829172,-0.0130033117915063,-0.042300000000000004,0.003913
2022-06,0.0004982433211664,-0.014166546556742,0.0078212916842905,0.0027013419780496,0.0075426062190578,-0.050499999999999996,0.004209416666666667
2022-07,0.0009593672185256,-0.0177330742251583,0.010915429164215,-0.0088102640848514,-0.0316696389517272,0.0973,0.0044584583333333325
2022-08,0.0120200752725878,0.0339740040856723,0.0335548611564363,-0.0167526415787099,0.0301727644176638,0.046799999999999994,0.004657866666666667
2022-09,0.0275511760664501,-0.0048736017568617,0.0100516141346829,-0.0043468022733917,-0.0067737831670457,-0.0321,0.004875333333333334
2022-10,-0.0329909875675093,0.0577288043474683,0.0030826900830143,-0.0099721259683075,0.0300429840050315,0.0409,0.005239270833333333
2022-11,-0.0202754680106726,0.0801529902191681,-0.0342379472153516,0.010959773668423,0.0284874650707967,0.0342,0.00537165
2022-12,-0.0046986566538912,0.0530338942921781,0.0015280504798629,0.0270067724466072,-0.0050032310152671,-0.031200000000000002,0.005322708333333333
2023-01,0.0095512221307087,0.0100278853982692,-0.0366439338535823,0.0111300812433121,0.0612338553559106,-0.033,0.005342291666666667
2023-02,-0.0048264162423136,-0.0142054556761178,-0.0508203595703141,0.0061637134787037,0.0394119384980536,-0.0271,0.005577770833333333
2023-03,-0.0184713529910059,0.0078511857517526,0.0525221720544534,-0.0030222426505218,-0.0033026748456556,0.0028000000000000004,0.0057293125
2023-04,0.0326903478233806,0.0489269308558352,0.0067284450034185,-0.039320730931821,-0.0095377459406653,0.0458,0.0056766875
2023-05,0.0304160044631962,-0.0243292398163505,0.0360448709692898,-0.0131882935139616,-0.0009192594894216,0.0378,0.005706216666666666
2023-06,0.0297547876602394,0.024228354511466,0.019933701467982,-0.0054453701055494,0.0067860496217102,0.0435,0.005633125
2023-07,0.0206712733032222,0.0754657062190798,0.0260713266153498,-0.021227858849756,0.0231076602899437,0.0393,0.005602854166666667
2023-08,0.0803673219828928,0.0422542692034077,0.0192873595577994,-0.0109542293621915,-0.0031284558359521,-0.006,0.005670833333333333
2023-09,-0.0327670086970392,0.0857571962534398,0.0241541165054674,-0.0352423737871919,0.0297087668356981,0.0219,0.005701479166666667
2023-10,0.0303946273042422,-0.0063799892962484,0.0184036438803782,-0.0029641901800401,0.0055585950879243,-0.0277,0.005745125
2023-11,0.0022114130065615,0.0398400072390174,0.0399473822481704,-0.0279845163128959,0.0120190871924849,0.07150000000000001,0.005783216666666667
2023-12,-0.0456110289345686,0.0363808125284609,-0.0021606794819013,-0.0293046619491443,0.0237359569323912,0.0801,0.005793145833333333
2024-01,0.0181017777386944,0.1185164378895045,0.0940510462155488,-0.0688793281784038,0.0459059865751833,0.0195,0.005808270833333334
2024-02,-0.0392770650701459,-0.0093935676893651,0.0270898214467086,0.0022958058169818,0.0125121014026335,0.015700000000000002,0.005842354166666667
2024-03,-0.0704757298873841,-0.0045023969482221,0.0036795626285115,0.0078371105971764,-0.0302648792589086,0.0084,0.005763645833333333
2024-04,0.0650450227287774,0.0525957005389726,0.0387283002441052,-0.0372174364128231,-0.000790224301072,0.036699999999999997,0.005737958333333334
2024-05,-0.0352594542521446,-0.0292180704592209,-0.001944731337002,0.0121370976632074,-0.0033999648318692,0.0073,0.005781133333333333
2024-06,0.0583775252039752,-0.0248171893752027,-0.0110314506833492,0.0138664889553725,0.0009926259299437,0.0705,0.005691104166666666
2024-07,0.0241875111134418,0.0238569732923596,0.0217346174494027,-0.0084635761854514,0.0557704019151386,0.043899999999999995,0.005610883333333334
2024-08,0.0314482392530662,-0.0177576529257378,-0.004948029948938,0.0124691550198353,-0.0017027830527417,0.0104,0.0055256875
2024-09,0.0128339158554735,-0.026878713691518,-0.031629228406593,-0.0049724085068215,-0.017965855531483,0.0217,0.005531791666666667
2024-10,0.0327880551022924,-0.0221610251298689,0.0071026428981584,0.0014801206377082,-0.0006594032131617,-0.0635,0.005391116666666667
2024-11,0.0144178156929041,0.0031195561167173,0.0241556216465701,0.0125845601700751,0.0106743738372749,0.0005,0.005382125
2024-12,0.0203376334142797,-0.015355346559489,0.0127660741626758,0.0152563811777731,-0.018846589425255,-0.0137,0.005395416666666666
2025-01,-0.0554435278943368,0.0139353767292099,-0.0811024946649228,0.0097877263233376,2.3738560887484605e-06,-0.0347,0.005494183333333334
2025-02,-0.0628019435308114,0.0005846320403608,-0.0122666614238686,-0.0150916801285121,-0.0347509940772406,-0.0779,0.005378222222222222
2025-03,-0.0258549685112715,0.0205200398320281,0.056622630776275,-0.0114575296674421,-0.0070710336716572,0.0735,0.005417604166666667
2025-04,0.0032011361352696,0.0172503713953652,-0.0217645658510173,-0.017442981403848,0.0002311313317453,0.0325,0.005012583333333333
2025-05,0.0720079282488037,-0.0011284352225156,-0.0378301744119805,-0.0175610194794155,0.0184378655009233,0.0365,0.00480225
2025-06,0.0042815043302945,0.0223449711664602,0.0108488702721919,-0.0214362712418052,-0.0029733466431385,0.0377,0.004524145833333333
2025-07,0.0189465378135963,0.0025433312371012,0.0221478287976799,-0.0098859968618538,-0.0006899145896752,-0.028300000000000002,0.004487733333333333
2025-08,-0.0142107408655506,-0.0181643528496097,0.0127430859821254,0.0190632496846606,-0.0063121527924755,-0.0182,0.0045715416666666665
2025-09,-0.027038096282764,0.0438189801199087,0.0128472228191788,-0.0228364965408005,-0.0083327019238879,0.0123,0.0045806250000000005
2025-10,-0.0230990599418764,0.0255138417323733,0.0086147606453624,0.0033203879519226,-0.016851041525649,0.0437,0.00454425
2025-11,-0.0468167457673248,0.001934454378563,0.0413139348308468,0.0001043820208322,0.0003806867130483,0.01,0.004505333333333333
2025-12,-0.0212903336641705,0.0072301180347029,0.0083546566082246,-0.0026579863679684,0.0159537650698215,-0.0026,0.004407104166666667
2026-01,-0.0552355566470741,0.0522234352449561,0.0327986786924818,0.0042602991960517,0.0176595557680513,-0.0327,0.004509229166666667
2026-02,-0.0206379108128329,0.0292538966595031,0.0082371890364733,0.0159297732905223,-0.0051706109522988,0.0045000000000000005,0.004433770833333333
2026-03,-0.001494202842018,-0.0317223157681738,0.0409050855381859,0.0048508587892492,-0.0005730286579737,-0.11359999999999999,0.0044326
2026-04,0.1204394935849763,-0.0010524845796862,-0.0138286799510421,-0.0188075632195626,-0.0427574649950814,0.1052,0.004373125
2026-05,0.0270553560122276,-0.0207142185394629,0.0109486947503709,-0.0250540112162378,-0.0055048182316003,-0.0001,0.0045238541666666665
2026-06,0.015079939521456675,0.0008597914089774079,-0.001957575716379693,-0.013353867805655277,-0.0231101587876846,0.0171,0.0044513
2026-07,0.003663721156518661,-0.012784624946556265,-0.01364435295127876,0.037342743527169354,0.0017277634997038167,0.022000000000000002,0.004429317
2026-08,0.02335113748079915,-0.011140570024069811,0.0184867213828139,0.007112188859108321,-0.015939801939349477,0.0005,0.004388479
