Month,SC,SN,SA,BC,BN,BA
2003-10,0.03311522793282444,0.055608781906634694,0.036032044694279966,0.1168376818781858,0.07547532798450463,0.05964560214729068
2003-11,0.17522660252295633,0.10802417239756562,0.09359897745928075,0.012785060852395959,0.031511883188854055,0.0479646773807624
2003-12,0.21037319256425094,0.21118647257268022,0.2411882906927529,0.18006403543993638,0.18156674382970178,0.19804183601226058
2004-01,-0.13506207563094982,-0.11042048825471339,-0.09126889213171745,0.00977727225820228,-0.023290670882593654,-0.0517876781854439
2004-02,-0.05397709949693777,-0.046923371731049345,-0.028892773007407214,-0.004670211223313306,-0.000628779413334267,-0.00897145024578669
2004-03,-0.05287624856912703,-0.03285015969534595,-0.020809390325075443,-0.033654408696843684,0.00872649515594006,0.043531547877517465
2004-04,0.09569767610329964,0.08855637412511091,0.06877255371970054,0.04770340561119254,0.02104579350947973,0.026299854357171283
2004-05,-0.12535786092261195,-0.13923619040587018,-0.17427241560761966,-0.1797069324631042,-0.21792398268291524,-0.15362433596825417
2004-06,0.008786926660254168,0.01947908283253449,0.004474681595946677,0.025629333225313727,0.018423704973069072,0.025426759438638986
2004-07,0.11815958705592165,0.08069927120956553,0.07788651354760104,0.15281653945555082,0.0714795995617216,0.07950282838125115
2004-08,0.10038593598057416,0.08686496017245113,0.0797267168633365,-0.02421100876195064,0.009210056096132704,0.01830954662578426
2004-09,0.0531310701309307,0.07892894771563853,0.09854956410541585,0.09075448173378481,0.08312509941474618,0.07470562371047812
2004-10,0.02915645114179901,0.014686782959458411,0.02707846179901308,-0.006646022628406412,0.01654971248401434,0.028956800560770313
2004-11,0.13252824013603623,0.13076647468306563,0.13920575943683536,0.10587865600397212,0.07922057131308068,0.12195051621737327
2004-12,0.14571792041882695,0.12136192879780057,0.13578010349392225,0.10443164831702263,0.09422823786140161,0.0671845384684246
2005-01,-0.024259013920464822,-0.006616608269361616,-0.013007007882636916,-0.01400047836411784,-0.015727975482693845,-0.023380363429918158
2005-02,0.08447751159379771,0.04413634569615719,0.04423072491738011,0.04106300553340662,0.034182135005100915,0.033370461565467656
2005-03,-0.01393813525808516,0.002507360461683224,-0.017598937017610485,-0.04128701415794397,-0.03633570440291728,-0.0335579708049949
2005-04,0.040551325531115116,0.026305563666280077,-0.0025118682226452213,-0.06096776124235284,-0.0521402858860166,-0.04147519733454439
2005-05,0.09222779929920792,0.11026754899281323,0.08540132195271709,0.05337106271488921,0.08236483732330231,0.10774687721159742
2005-06,0.0006479612132979552,0.00409979084724827,0.011734797901365949,-0.005239630669069758,0.06544714358461026,0.04960913193477467
2005-07,0.11495070473121614,0.08854962431351816,0.13099030810279452,0.16186924969819005,0.06546447962648956,0.04465984796236741
2005-08,0.14016231124201467,0.1354465161027582,0.1370377511768687,0.09561402017927124,0.031230820695804216,0.03177991762056847
2005-09,-0.023044266236115017,0.01683289737291914,0.02237255919357335,0.05281952497555662,0.09493548201081493,0.0825280703623163
2005-10,-0.130006286803591,-0.10896534362672568,-0.12026832961108756,-0.10163202182772264,-0.09356112873967216,-0.0818855588938875
2005-11,0.11393701529030509,0.11040729105497504,0.124521071918092,0.1403701404675978,0.11348727599993115,0.11925071444058385
2005-12,0.03848527427402811,0.058734059374677176,0.06974442412961228,0.05947905343653792,0.0689548720657942,0.07243239496024814
2006-01,0.05793742198878496,0.0414467169174582,0.04499391892852695,0.050562890022497094,0.0780995570840232,0.0660926197729607
2006-02,-0.013594511775618446,-0.003092722468382772,0.0019621111144733664,0.06867119016780235,0.02874464212149277,0.03090077399257375
2006-03,0.053567853036545786,0.061386807947943385,0.08241102885702305,0.12086941143493858,0.10214904938808034,0.10860705632168387
2006-04,0.13675921225560603,0.0751422019584948,0.06497020728464631,0.1398135171086446,0.059075440123940885,0.07295703330657981
2006-05,-0.1490080064975344,-0.13204136200202743,-0.12644575256526414,-0.1895866845997024,-0.14558761107960408,-0.11912916222429103
2006-06,-0.1525401219335641,-0.15405901441268438,-0.15488860029457796,-0.05572767515858988,-0.008510893314699326,-0.021676078503672425
2006-07,-0.046229606074966456,-0.016592580582203795,-0.04786422693992248,0.0013211250513591216,-0.003516184452142932,0.009591580727277844
2006-08,0.1286959901706603,0.12757107464956483,0.11390122519886592,0.09709394322992122,0.09852138324253419,0.07551272100472228
2006-09,0.07884920325135052,0.062213273420249425,0.058110203071463765,0.10253064851423989,0.049663745264488524,0.07392183623402496
2006-10,0.03500015690645462,0.03511738461020774,0.050375678956882886,0.007705857124174437,0.022690220519262238,0.11299682448494752
2006-11,0.007204955249036972,0.004683304858037315,0.0701042328023629,0.08192137405549998,0.013455045843274758,0.10778471271769369
2006-12,0.028109181677158968,0.01861684137418351,0.040980317652009844,-0.03237113838403558,0.019094882292073803,0.008265840300915196
2007-01,0.07638779847367527,0.045873662791775474,0.05544174654160166,0.02653793254163445,0.03378137143986533,0.041466499228367676
2007-02,-0.09803918210295573,-0.09165325875319494,-0.09674748693806619,-0.07350610457168633,-0.08156861637108487,-0.07810581681792457
2007-03,-0.046310578178476086,-0.04728399361469082,-0.02147688359833221,0.04388743343041649,0.021742615712878464,0.009037596528584844
2007-04,0.06602393451034377,0.0658102051982854,0.06519238213571575,0.07572516673318694,0.07988615605584784,0.06280961687968459
2007-05,0.0404339162750301,0.06714607190518228,0.05556952018231089,0.044736640718685196,0.059815952693914175,0.052127483069368714
2007-06,0.04543318979353873,0.04443180872300168,0.03306773023179836,0.010633269220451902,0.013324813745764637,0.010874295110994553
2007-07,0.0308143695804287,0.013222840176672945,0.039706339107688365,0.07157858938503331,0.05394025583315982,0.02778732508595652
2007-08,0.005522781632203161,-0.019706987420333378,-0.02085885281463621,0.02771047922677066,-0.010627061950410162,-0.03151632485138212
2007-09,0.11406936630961818,0.09687767386026806,0.09591260265836923,0.17066598002197952,0.1467525250872373,0.11055584856912962
2007-10,0.04488067885763773,0.049299655196984656,0.08036271146667857,0.10701386190227927,0.2118573868002939,0.1323454130535508
2007-11,0.06761055086889141,0.07427414242103277,0.05757365218739112,-0.062163652453730976,-0.007010926801919893,-0.012574571964895942
2007-12,0.24569621848373305,0.17578521713850126,0.19329421824996743,0.12242642799010732,0.0926559667788042,0.10445682391566477
2008-01,-0.2617162951748671,-0.2255717765728176,-0.22695918725327172,-0.24757742620787804,-0.17494745124149066,-0.19105912044101891
2008-02,-0.04664306744555127,-0.02014308021592788,-0.02662254104688714,0.008548606853529945,0.014763164228407493,-0.01492144920372716
2008-03,-0.16724097186268652,-0.13479293337669868,-0.19072392302146066,-0.08181847984952235,-0.11978404099870067,-0.12383876595331636
2008-04,0.12342192101158736,0.09920987901132253,0.10646409302578161,0.1924166545538478,0.09989620919787505,0.14724345763959026
2008-05,-0.04757020977215054,-0.05684180342409026,-0.07800983633363946,-0.07952620771553871,-0.08289713671449218,-0.026366883021032468
2008-06,-0.16148882992185146,-0.18689806737890044,-0.22296948397305735,-0.20597623391973316,-0.18645995627541861,-0.1888912603622713
2008-07,0.0328626628531152,0.030262170034695175,0.017725825888168293,0.1420256809470676,0.10880382106068517,0.031444167976334814
2008-08,0.01888432423068435,0.01467459099124594,0.006027423621893083,0.007884182859461469,0.010148434959675507,0.004657507154347878
2008-09,-0.17996518848642928,-0.16140108864549746,-0.21066943701678809,-0.12952978443550722,-0.09394004244831865,-0.17104524355924233
2008-10,-0.3150538035800385,-0.31105249691269465,-0.42631268636378655,-0.31111323348454345,-0.23452026835553508,-0.30642889423160924
2008-11,-0.12272590519900382,-0.13170047053384396,-0.16583557447244582,0.025270244034133044,-0.04640720597137584,-0.08792132171647489
2008-12,0.12370938802782867,0.10534970678056897,0.10476108289916615,0.03271502031863779,0.09770503615738324,0.17680720143378778
2009-01,-0.07132130418732598,-0.09258914744385105,-0.12931085135826587,-0.009486142582507974,-0.007206901518328233,-0.1006920589272792
2009-02,-0.05230073630379512,-0.07488037459844271,-0.10254193623223982,0.024649393120573945,-0.04001857015381855,-0.0534477812773899
2009-03,0.046118201035299,0.0478197799401643,0.052077982671974034,0.07421396822671351,0.081461541628325,0.08894690014119946
2009-04,0.19543120250923832,0.18247787066667148,0.2142756365313049,0.10273140808925359,0.1394797977506538,0.2120181343922995
2009-05,0.4372848596813395,0.4404074225075031,0.4681456789086024,0.3282976249518296,0.2778778807135774,0.46129527270620874
2009-06,-0.010600200857083865,-0.03420732647259376,-0.040690415090672255,-0.051398447032245026,-0.015980649695274886,-0.02357481575461954
2009-07,0.06706108005893867,0.0867989948837695,0.08453769922937003,0.0879659418208283,0.08217855735660202,0.07552603449639739
2009-08,0.11387393684653156,0.09969059534494357,0.109452296488314,0.010742005474869979,0.018917436473345522,0.027321328726845385
2009-09,0.10051134722541573,0.08695716352037446,0.06489726027347255,0.02849038052357748,0.09717592426841157,0.07027748678108443
2009-10,-0.10255149956883786,-0.04726588330673621,-0.06732443018682069,-0.12001017697415214,-0.042651524236150096,-0.07963463133221618
2009-11,0.0803368145674146,0.05597899322217477,0.06582538502879326,0.06242022134341025,0.06988242173852072,0.08346604455569202
2009-12,0.07927958434442407,0.09958416317766612,0.07013222293858201,0.03057439815943485,0.0338442304770315,0.047213173401253146
2010-01,-0.043931934611618366,-0.016351506625529328,-0.0004216531341489648,0.047140051998169924,-0.04982617771026786,-0.03337884629405893
2010-02,-0.025830132106629263,-0.02265543956980392,-0.026366638767065118,-0.02535536363457736,0.008529511846000246,-0.017602086842120997
2010-03,0.03360889789804194,0.06571426712261326,0.05238692709438094,0.05055585442849987,0.03460189849582051,0.046536782378354645
2010-04,0.06984141524824211,0.0616258343427082,0.0538522994697526,0.04197261213613719,0.011296734656482475,0.002954507385366372
2010-05,-0.06718508298172443,-0.06081307183161488,-0.07956089131650493,-0.060919480677442024,-0.009565470528801481,-0.048793443115363704
2010-06,0.06854891319048816,0.06420311928366634,0.06289308548685381,0.03959718308970484,0.06393927872429159,0.03387677862627911
2010-07,0.03255147302809565,0.03624962284874717,0.015138381123774046,0.010875621542297393,0.014095049871912799,0.029757551913812418
2010-08,0.013781016427272341,0.025926951335642382,-0.0005152048193610837,0.0045655544339875875,0.003160423633023305,0.004629963361836712
2010-09,0.07748537332112992,0.0660680362539746,0.06780851234499534,0.08625190758192043,0.08099692083473903,0.10461407355347202
2010-10,0.02949521474408592,0.015101441041480347,0.0196955164370804,0.044915529529563195,-0.01428532874238736,0.013839238407449255
2010-11,-0.08914129846221194,-0.08475317023081537,-0.0920548750694143,-0.07840437794791971,-0.04446863082261923,-0.038660949603219606
2010-12,0.027583720414618536,0.010586439475989667,-0.003023756771870448,0.02761215221409926,0.028317375009139847,0.03589461291983906
2011-01,-0.12719272352845426,-0.11997194797259926,-0.13061083302594817,-0.09916509943319986,-0.08680849621106472,-0.11222566259552555
2011-02,-0.07904836826170795,-0.08385232160514113,-0.0743015803904807,-0.025108760377524637,-0.04012678158221087,-0.04210789381208189
2011-03,0.04688697051794661,0.059734281086773484,0.05697524765822757,0.10318901525950566,0.07985939691876948,0.0804224890548965
2011-04,0.0679381637154983,0.05621635831117174,0.04164506165276251,-0.0222243314891502,0.009809295020812632,-0.015122509590454294
2011-05,-0.04864560663667294,-0.0469689106137893,-0.06123819317946239,-0.024887411410797932,-0.030874216068284256,-0.015929299130423544
2011-06,-0.011151932129557876,-0.007617007766834002,-0.03401604532457081,-0.02415386430379962,0.012104096604860845,0.011999207287428792
2011-07,0.024635928556074917,0.022459000363062552,0.013438635667680438,-0.03370333548652013,-0.014094905761119192,-0.03840938835069034
2011-08,-0.1356769354655871,-0.10204013590764374,-0.12745723742950094,-0.08965180685348273,-0.07483724680818193,-0.09007093077463747
2011-09,-0.01651221154299675,-0.01684257869700041,-0.012319870129079327,0.00230513284905515,-0.00931959142452607,-0.01615350497472306
2011-10,0.03776161456062158,0.013274115802632784,0.012991588590413619,0.020938570701130015,0.058201601010420045,0.04446405537683309
2011-11,-0.13958364518279878,-0.1295832687284487,-0.14615127274673184,-0.06797909779554769,-0.08039170214466555,-0.11129519629033062
2011-12,-0.10362638102913613,-0.10220611262126673,-0.11413491782867538,-0.047248258246117725,-0.046226788817752835,-0.08106881185661582
2012-01,0.17152542688602052,0.1571879843263579,0.13369820472016988,0.1463353451561422,0.11968387365013823,0.18695606769484874
2012-02,0.07487320819080191,0.07030216286777384,0.04893669051570984,0.0634327447343915,0.048565538688598746,0.04431353783360366
2012-03,-0.05383473233956888,-0.019183963423964594,-0.03066265281138684,-0.016203207330987127,-0.019741361538460168,-0.023507780161061
2012-04,-0.0037410628101984915,-0.000002158340006779669,-0.0017738283831981653,0.018522100015528918,-0.008480904036950525,-0.01962513334494814
2012-05,-0.07573327780772364,-0.08068355118398932,-0.07882440416808564,-0.022632200317369438,-0.06115998851498158,-0.06436207200156087
2012-06,0.03935625399604624,0.044416304739188686,0.03690750900936484,0.03073651878987386,0.07134186435138089,0.05380356536834982
2012-07,-0.006024699827921379,-0.02967153819605458,-0.016059979300520943,0.02827651319654372,-0.006414270239711345,-0.026816531873775872
2012-08,-0.014178960570014705,-0.01637685348339297,-0.017439903251608796,0.01566207772659356,0.007019843449608716,-0.029836583176600658
2012-09,0.0831800513074137,0.09196654731273288,0.09484968767776032,0.08361199132272827,0.07066641090044791,0.10829969701750752
2012-10,-0.005413798388512527,-0.00845437426546206,-0.02325075188171678,-0.026384309352899867,-0.0076031971315259515,-0.012405981481660784
2012-11,0.020911747696245066,0.039431764757687615,0.03338354425593561,0.011351656376861958,0.0483106194336747,0.04017806873691077
2012-12,0.015904392258408014,0.017751721712582786,0.02107357938507289,0.04841118975934148,0.007748546307670797,0.01532444324358859
2013-01,-0.04676898821675092,-0.031278824812367774,-0.013502264206312486,0.010315326138914156,0.032725376780452294,0.007716127535145072
2013-02,-0.11697326363357935,-0.11306443772807798,-0.11635451659998494,-0.08793977317959185,-0.07994884591312051,-0.02262094258426851
2013-03,-0.08229767431146578,-0.05488562776151426,-0.06800066419104817,-0.07523470860863267,-0.0013675919190499469,-0.0044338218174807585
2013-04,0.05175227655347319,0.03403767585556959,0.023317745587453184,0.05643943761042481,0.060680055974949056,-0.004066323699291665
2013-05,-0.014455296453256177,-0.018993983441312794,-0.013179936531577036,-0.0005836645314714969,-0.006007958346149899,0.028201138944339572
2013-06,-0.040847247211595834,-0.06385777506431428,-0.06910824787120737,0.017878008666252148,-0.030841612148212082,-0.04394095598194939
