,index,Month,BL,BN,BW,SL,SN,SW,WML
0,0,2001-07,-10.722740911702127,-6.78515215154185,-4.394782604469274,-5.5516686974683545,-3.7070756021472393,-0.06956678515624984,5.905030109772479
1,1,2001-08,5.41367454,3.0954921928571424,-1.6848264454545445,6.213055717307693,7.055448622946176,3.4340897081272086,-4.938733497317514
2,2,2001-09,-18.522837826881723,-6.161222515207374,-8.60110229778761,6.177496423321555,-2.7862799644021736,-0.5303022003717471,1.606968452700405
3,3,2001-10,15.026870316666669,8.833815971657755,4.704993538750001,17.12955018741007,10.612931323966944,5.796919432916666,-10.827253766205036
4,4,2001-11,43.728839012380945,15.44903094047619,8.150107343317973,33.67323041512027,13.422861560949867,6.933967136296296,-31.158997473943476
5,5,2001-12,2.9242688266055055,-6.157498928444444,-2.712507867788461,-4.63109676,-1.699525213350785,-1.5285225891696748,-1.2671012617818205
6,6,2002-01,4.230985763106797,1.0176212540669856,1.7825460337719297,-0.5461057447019869,3.5529251423469383,2.3154538669064744,0.2065599411367971
7,7,2002-02,4.441569783185841,7.282038296380091,6.668097598543688,5.545844435395189,7.092734830649351,4.181141849454546,0.430912614708602
8,8,2002-03,9.064455780412372,4.8714393863207555,3.6077687575221247,1.6455761153846153,3.2089210719251335,1.7351944359259261,-2.683534351174468
9,9,2002-04,13.40541658888889,13.657796237727274,11.178667360454545,19.62463525409836,16.354133571273714,11.646658608988764,-5.102362936771971
10,10,2002-05,-5.9300204,2.9599341155462184,2.5362264387755107,14.379829804081634,9.920373102179836,6.597297824080267,0.3418574293870722
11,11,2002-06,14.37451064351852,22.582500657081543,13.856747905970149,41.21218961758621,40.661012662239585,25.06553559727891,-8.332208378927836
12,12,2002-07,-14.090464046666666,-11.142751076623377,-7.678868871153846,-7.805996346598639,-10.475085345378153,-4.782779055263157,4.717406233424151
13,13,2002-08,1.2324212920454556,0.6816045197674422,1.814630083333333,-1.3200001647058826,-1.9534785437994724,-0.38159037499999976,0.7603092904968801
14,14,2002-09,-7.188734679787234,-5.489977990438247,-4.038321432019704,-7.935591665495209,-3.0045562821705425,-2.602498904095563,4.241753004583588
15,15,2002-10,-6.7185571347222215,-3.5758671661971833,-2.204761788888889,-2.4464995225609756,1.6857867743589743,-2.4129899059479554,2.273652481223176
16,16,2002-11,12.639466244444444,8.034053349302326,8.882428286619717,10.985835065281899,8.558923208641975,9.028628152941176,-2.857122435082725
17,17,2002-12,-1.0065715682539689,2.1469327924050634,4.578864436226415,3.8101820511173186,-0.06483140878859907,0.5792442151079137,1.1772490842354895
18,18,2003-01,-10.032443835,-3.5253636976095613,-4.139263375471698,-4.602431308310992,-0.6344787032036613,-1.3451291642611685,4.575241301789063
19,19,2003-02,0.5110440640350875,0.06486565536480654,0.4770935360730589,2.460910576300578,-0.4030443175355452,-1.9965491277591974,-2.2457051160109023
20,20,2003-03,-12.99276192635659,-9.34499901059322,-12.659860084102563,-6.748981417682926,-8.394356772506082,-9.752039805263157,-1.3350782726631025
21,21,2003-04,5.563588771578946,8.26075005,9.410639265966386,10.919953944785275,9.245897955288461,10.590080997472924,1.7585887735375447
22,22,2003-05,19.124211166666665,18.676004553974895,22.181529006726457,20.46115583123123,21.078101010386472,28.20484775141844,5.400504880123501
23,23,2003-06,17.120624917171718,14.00907704468085,16.26176926177778,25.706318236555894,25.315505930394433,26.1662292993007,-0.19947229632456676
24,24,2003-07,5.394868621348315,9.167607532156865,9.46800862036199,19.693192153602304,13.929624687529412,17.77730051214286,1.078624178777115
25,25,2003-08,9.8763784875,11.836082704081631,13.661947958571428,16.309720026934986,16.778192157040575,15.5038373770318,1.489843410584121
26,26,2003-09,0.49957447999999993,2.0757320027237354,4.5001954,-10.739504730538922,-10.180852684375,-8.198311450175439,3.270907100181742
27,27,2003-10,1.697988935483871,6.461025408130082,5.863358714525139,-2.6538865068749997,0.49861108287153605,2.620279013732394,4.71976764982433
28,28,2003-11,21.651936913084114,19.09826058555133,20.735151988829788,26.085338265875375,25.482336116040102,24.856333887625418,-1.0728946512521418
29,29,2003-12,28.05435288041237,23.813332923741008,23.29822540625,56.59959829014084,42.765413449033815,42.173029619281046,-9.591348072511082
30,30,2004-01,-18.125362634545457,-14.172590094252874,-12.104298867181468,-16.698390881530344,-13.793473402877698,-13.47121097316294,4.6241218378656965
31,31,2004-02,-5.8074951684210525,-6.231049357786885,-4.04535273024911,-9.695310155784062,-7.1960883083900224,-7.487754517301038,1.984849038327483
32,32,2004-03,-7.098978502409639,-4.050496195669292,-2.390278365991903,-2.593982596596858,-4.970007315044247,-3.332123166889632,1.985279783062481
33,33,2004-04,7.868989756603774,10.179770032780082,10.377892378508772,8.90624597223796,14.778834467792793,17.070319799669967,5.336488224668503
34,34,2004-05,-7.206477829545457,-11.18454575744681,-14.622315327364866,2.071556260104987,-3.627164254421769,-7.467786212937062,-8.477589985430729
35,35,2004-06,-0.09612422708333268,2.2265909897777783,0.637950265506329,3.301675214030612,-0.11014400518358575,-0.20221055574324298,-1.3849056385920966
36,36,2004-07,8.907277123529411,10.301454261417323,13.932894397222222,9.007192586683418,12.92919036902655,15.20837624901316,5.613400468011276
37,37,2004-08,8.98940821098901,14.64164420750988,13.564590828571427,17.962843172506737,19.931369703063456,25.435414752564103,6.0238770988198915
38,38,2004-09,7.417119603614458,9.447361376639344,11.941155638461538,25.29402498610354,28.283139894517547,28.381365593851136,3.8056883212973376
39,39,2004-10,-0.25151347464788754,1.9123628783673472,3.6589324735294118,9.824887395103094,7.101999731111111,9.500405925159235,1.7929822391167205
40,40,2004-11,18.308163270588235,16.37932382704918,14.29146750905797,35.20246720234987,36.19563644955947,30.06743087692308,-4.575866043478529
41,41,2004-12,17.719822254545456,10.62680318548387,14.106536269318182,25.886286515445025,17.187830761842104,20.431632330914827,-4.533970084878736
42,42,2005-01,-2.1501798873563223,-2.634661537301587,-0.074045852964427,-2.993074657880435,-2.5827973792207795,-1.6471163310240966,1.7110461806241168
43,43,2005-02,7.772654663157895,7.0184379907173,7.484483644932433,16.28867539023136,12.854778625106382,12.91475661142857,-1.8310448985141266
44,44,2005-03,-0.5605963307692292,-2.3873401415322584,0.8469619946127946,3.168694883209877,1.3448040615546217,2.6824946285714284,0.46067903537178756
45,45,2005-04,2.9836507865384614,3.0610090150684934,1.829122726020408,7.146671519098144,7.593146791484716,8.733920959248556,0.21636068981617929
46,46,2005-05,10.563830616748769,10.225915166666667,12.160640068644069,23.72355468487395,27.37872726673866,26.24479258108108,2.0590236740512147
47,47,2005-06,0.9380068978835979,2.7244977195205484,1.9997187350000003,4.515597458840579,5.2142883198312235,6.742706380901857,1.6444103795888398
48,48,2005-07,8.14842816517413,11.334665858098592,14.760271349122808,15.656543426149426,15.611116138924732,17.7797366873057,4.3675182225524765
49,49,2005-08,11.679449360305345,15.818280700438596,20.093857355454546,29.080712033731345,31.447038104713116,30.983234614473684,5.15846528794577
50,50,2005-09,-0.23994847126865693,0.3820731468750002,-2.5293285605504576,-11.905245347093024,-11.727080306198346,-13.269746678795812,-1.8269407104922946
51,51,2005-10,-9.27035659330986,-11.564468042600899,-13.822457726999998,-16.53170679375,-18.430949129399583,-20.114982217447917,-4.067688278694027
52,52,2005-11,10.780155295571955,12.094070395196507,14.336523904629631,9.249686819553073,12.551412601461378,10.99910167757732,2.6528917335409616
53,53,2005-12,5.062930078367346,6.052887921030043,8.399607328467154,-1.543021507774799,-1.1054957397148675,0.47459900940860217,2.677148883641604
54,54,2006-01,4.484012383934427,4.996828669587629,5.317643272321428,4.792372948441926,6.298411363564356,10.209065465284974,3.1251617026150242
55,55,2006-02,1.334690751420455,0.17494813062499986,-1.1357702970588242,-4.663449136555892,-6.399793796737044,-6.650583429620253,-2.2287976707718204
56,56,2006-03,6.937200040350877,9.52526511,11.975084333653847,-1.869075327462687,-0.9528744673745173,0.48371984696969705,3.6953397338676766
57,57,2006-04,9.33414436235294,9.104423892737431,13.764996250000001,13.895721554037268,14.341109446787149,22.038895169117648,6.28701275136372
58,58,2006-05,-11.581581465399239,-11.206682566812226,-13.404970059999998,-6.179500258739255,-5.556195180651732,-6.230047222278481,-0.9369677790699926
59,59,2006-06,-10.347625356603773,-11.089174774007219,-14.536924934117646,-13.86358079686684,-12.840435241295546,-13.902117867127071,-2.1139183238870523
60,60,2006-07,-3.108875869421487,-2.1672346066889627,-4.4183748561497325,-4.027726068486353,-3.8237062178644763,-2.6485908127777775,0.03481813449016502
61,61,2006-08,15.234013007079646,10.912108006622518,12.87525228298969,12.369581268137253,13.158773962729125,11.7740480002849,-1.4771469959711547
62,62,2006-09,6.302914552040817,5.823823432423208,6.282892025,2.731167877831325,3.1565809529175053,7.440795172594752,2.344802383861305
63,63,2006-10,2.3307915337499994,3.958140356690141,6.355164615234375,8.017110351288057,6.405490542465754,8.531963238053098,2.2696129841247084
64,64,2006-11,-0.5995005320754724,2.258589261475409,5.3223869715170276,7.400917216853933,3.801047722988506,5.324477477813504,1.9227238822760357
65,65,2006-12,3.1437266589743578,2.5429489145228215,3.0288972568914962,8.364458415044249,7.771374143106796,5.520948792903226,-1.479169512111942
66,66,2007-01,10.878795864102566,6.917413152800001,4.341546065671642,23.820209286666667,12.742599778752437,12.3301722815625,-9.013643401767546
67,67,2007-02,-7.951522996969697,-7.836385959313725,-9.106263378036177,-10.702955323464913,-8.615273471022729,-10.904496593729371,-0.6781408256654693
68,68,2007-03,-4.188701856521741,-4.374212614110429,-3.176170998181818,-11.041979840511726,-6.77938211205937,-5.483474410616438,3.285518144117605
69,69,2007-04,11.64693796875,8.021123948186528,6.7955877466666665,8.353742289438202,7.584595475334608,7.421429025503356,-2.89183174300909
70,70,2007-05,1.5458755361111094,4.501543595454546,5.057139965833334,1.0336307130630635,4.162965006420233,2.4926347097178683,2.4851342131885144
71,71,2007-06,4.2038420361702125,1.2144892359504131,3.884740513988096,4.42978608959276,4.565797597864077,7.805652338235295,1.5283823632302094
72,72,2007-07,5.307680620588235,1.699132984337349,4.126263406862745,2.8045419577011494,3.6371535621832365,4.723727473011364,0.3688841507923619
73,73,2007-08,-2.0293202149999994,-0.9713109820083683,-0.5800445771986973,5.758050057505773,5.224253813953489,4.62599408005618,0.15860983017585428
74,74,2007-09,9.427029398666665,8.978146625296443,13.449293504867256,10.387529429353235,11.24109967405303,13.943437593472582,3.7890861351599696
75,75,2007-10,1.8842805921212125,8.723977602068965,12.792864579005526,-2.888933272208437,1.775288778053435,3.2648406861650483,8.531178972628899
76,76,2007-11,11.245403877205883,7.785771602749141,3.0843410521126766,13.649196871980676,13.797885808571428,11.059090582281554,-5.375584557396164
77,77,2007-12,24.240422337383176,22.56988483548387,19.63221246484375,45.85027251069768,43.73875668416031,38.87107323457712,-5.793704574329993
78,78,2008-01,-24.44495541,-22.74029939858156,-19.448028146743294,-27.176904988636363,-25.64139074272212,-23.87141512956298,4.151208561165044
79,79,2008-02,-0.47755557933884285,-1.4848178863309356,-2.682891323360656,-4.960325001856149,-7.021512571214953,-6.766007113554988,-2.005508927860326
80,80,2008-03,-16.879583049090908,-10.595255812544803,-15.958395304330708,-15.950501728604651,-14.33893416317757,-16.691510720051415,0.09008937665671812
81,81,2008-04,11.84512139716312,10.444084560727273,12.347555276681614,14.125802000731708,14.295423957564575,16.7800796185,1.5783557486433928
82,82,2008-05,-5.86463131617647,-4.488704146441948,-5.7025584016597515,-4.1229278530120474,-3.5807479853260866,-2.272464133933162,1.006268316797802
83,83,2008-06,-16.01347131142857,-16.09192643866171,-19.221422331734317,-13.705612698831775,-13.159935904259259,-13.561740918041236,-1.5320396197576036
84,84,2008-07,4.412148027868851,3.708364931048387,5.321884332116789,7.213891702995391,5.5731621843243255,4.700634266408269,-0.8017605661695923
85,85,2008-08,3.254682963372092,1.1119327882096075,-0.23359804534412945,2.8809628573170727,1.7963459560420318,1.8354448060000002,-2.266899530016647
86,86,2008-09,-15.109751728467154,-14.862633013135593,-19.58739792357143,-15.236707979262672,-11.769935399116607,-13.621870751813471,-1.4314044838275377
87,87,2008-10,-28.884178647887325,-31.510294934567902,-34.41724977137547,-24.08533095990991,-23.69992094030612,-26.500539428426396,-3.974139796002314
88,88,2008-11,-12.798014645801526,-8.589178879352227,-13.463660499642858,-9.0425552155902,-7.943882840034071,-5.984796106982543,1.1960566273831628
89,89,2008-12,13.176661644516129,12.581087742857143,15.64843692519084,9.332189239373601,7.969568553885135,9.886340164179105,1.5129631027401071
90,90,2009-01,-10.508592799999999,-9.086075541698841,-9.479896924603175,-8.592074088392858,-4.920821295189003,-4.696555434939759,2.4621072644249615
91,91,2009-02,-5.095387981920904,-5.951593889338235,-7.207150448847926,-3.390732938515081,-3.5659902831081083,-4.411508220881671,-1.5662688746468059
92,92,2009-03,8.614589376829267,7.063020905384615,4.758790695061728,0.4247393795505618,-1.0398234984509467,-0.891836093911007,-2.586187077614554
93,93,2009-04,25.09860203352941,19.77274335,18.05586590617284,23.789304107159353,19.705808384083046,17.660386519036145,-6.585826857739889
94,94,2009-05,60.23122474109589,44.66836645509434,30.567514586931818,44.251300049394665,39.22145830052083,27.695885214988813,-23.109562494284965
95,95,2009-06,-3.4540508524999995,-1.1476967456066947,-1.0274179988950272,-4.259708390703517,-2.676785169949066,2.480194167405765,4.583267705857127
96,96,2009-07,9.271481545698924,10.817592270040485,9.353980565486726,4.306733395933015,5.514054578438031,5.449572515331807,0.6126690695932973
97,97,2009-08,13.824867383248732,11.32600213918919,7.3971628004065035,15.033033418867925,14.708023447738693,12.628788404597701,-4.415974798556226
98,98,2009-09,8.539918706074767,8.596434139393939,6.728394972398189,9.582103385885167,9.271969522259136,10.155650303378378,-0.6189884080916834
99,99,2009-10,-9.16034199626556,-5.610345365254238,-2.9724005517948724,-8.441417462676055,-4.886669056655844,-0.8152154475054231,6.907071729820659
100,100,2009-11,6.726613046118721,8.187300466517858,7.0827175504273505,8.284498980787037,8.36549187728,7.535179915367965,-0.19660728055522103
101,101,2009-12,11.096097940196078,8.386575316450218,8.55613345609756,17.20938567027027,14.627460761792452,9.412990143624162,-5.168180005372312
102,102,2010-01,-1.8360019825174818,-1.4232201721568625,-0.4846360468309861,2.845127872494669,1.9237988658692187,0.6117909567816092,-0.44098549001328213
103,103,2010-02,-3.45451386442953,-2.31809113,-0.37638864177215176,-2.163868193762994,-2.5823035648475123,-2.1485493545871557,1.5467220309166083
104,104,2010-03,6.343151236752137,6.550402573333333,7.000048847432025,4.073813597768762,4.553998983438486,4.695366779376498,0.6392253961438121
105,105,2010-04,14.848402640909091,16.8052042825,13.748448762048195,30.88094630123967,36.74268874742766,32.12284338325,0.07097160157471638
106,106,2010-05,-7.703351635897436,-9.36795114163424,-12.98666002132565,-3.5743355029296877,-9.567323606559999,-11.574121814705883,-6.641547348602204
107,107,2010-06,10.938030395402297,17.084527996825397,11.276317555813954,16.820128407185628,18.177365744783305,15.947360979069767,-0.267240133852102
108,108,2010-07,2.0384749415730345,6.926899478160919,8.380993886826348,17.76650789110672,19.30470182252836,13.830173523846154,1.2030922889963738
109,109,2010-08,10.10892994141414,4.927616689156626,4.045891033035714,8.844626901176472,10.621914625238096,10.307432983377309,-2.3001164130887943
110,110,2010-09,17.36087464537037,14.702397094936709,15.522579727218934,17.13364651656805,18.49943305984496,18.866992709651473,-0.052474362534005614
111,111,2010-10,6.05717512238806,5.321376789344263,5.457686848867313,8.122849817348929,9.87478054969512,9.785904022135417,0.5317829656328712
112,112,2010-11,-17.027609670833332,-12.952473525704224,-13.134940575570033,-7.84591987754717,-11.462788479588607,-8.601716116879794,1.5684364279653376
113,113,2010-12,6.069981171910111,4.1854913450847455,2.5888164663594475,0.6541551937373739,1.884772395673077,0.880699397511312,-1.6273102508883628
114,114,2011-01,-12.816455514285714,-11.422310396907216,-11.685213286995516,-9.66129005141129,-9.35882504249605,-8.551335527586208,1.1205983755576403
115,115,2011-02,-8.376723631937171,-6.323228753074434,-8.312727702631578,-7.084443042331289,-6.5988878717041795,-6.765788003303965,0.19132548416645845
116,116,2011-03,5.4334052173913046,6.406756878931751,7.574198815789473,-1.544676151859504,0.3070169285950411,-0.15780528333333343,1.7638322334621697
117,117,2011-04,4.21896367821229,4.523987163692309,6.757378246368716,6.968155140563991,8.20178446972789,8.888365140919037,2.2293122842557356
118,118,2011-05,-6.687467466081872,-3.561587176323987,-3.8087509692708337,-4.597876772354212,-3.138901164309764,-4.982288911910112,1.2471521786275688
119,119,2011-06,-2.7511390436170213,-0.5468268840390882,-0.6511410930851064,-0.07795240043859651,-0.4263627555,-0.8940468102908272,0.6419517703398422
120,120,2011-07,0.2481378586956525,2.908274640714285,3.4431251215596332,2.015095095671982,2.570424569642857,3.8799077802247193,2.5298999737083587
121,121,2011-08,-15.689420764516129,-9.321941258802816,-8.682750068032787,-10.785508905446624,-9.110911589070145,-10.349955785977011,3.7211119079764776
122,122,2011-09,-1.6939418963190183,-0.7675338914965985,-1.1234113694690269,1.37678067010989,-0.0894039146341463,2.2478132789237666,0.720781567831934
123,123,2011-10,3.1090422994475144,2.4479981562289566,1.7129040534313733,1.0871536303418803,1.3987196577419356,1.768921359120879,-0.3571852586185712
124,124,2011-11,-17.32192454090909,-11.840751086440678,-10.88260235271318,-11.530531748670757,-8.981627221044047,-8.383875407223476,4.792989264821596
125,125,2011-12,-11.372187373333334,-8.9458676170418,-8.3455107925,-8.226293013114754,-6.445158287175325,-6.398345830941705,2.4273118815031913
126,126,2012-01,30.25711331875,16.073432876237625,13.339185173333332,17.159536253752535,14.42202480602606,12.828677791498881,-10.62439330383516
127,127,2012-02,7.995275414414414,6.375354590410959,5.1730192576923075,2.8796453592519686,3.5190515816091956,2.224224762131519,-1.738838376921278
128,128,2012-03,-4.637273284375,-3.112401762411347,-0.36219724346289756,-7.32884546374502,-4.322474923481116,-3.8448443707317073,3.879538566962708
129,129,2012-04,-1.7883234469387757,1.3886294940677972,3.4159481586092713,4.379604187581699,3.3650127161858974,3.1737718013667426,1.999219609666545
130,130,2012-05,-11.456765779850745,-6.294562871848739,-3.4517123678343946,-5.217364629934925,-3.299997636624204,-1.806796645642202,5.707810698154536
131,131,2012-06,5.095064121848739,5.367135448305086,2.635957568181819,1.425618031556503,1.869703903338633,1.4773567388758782,-1.2036839231737724
132,132,2012-07,-2.7803051542483663,-1.5226707916666669,-0.4600296267605633,1.2986333812636168,1.028304815797788,-0.1061781401785715,0.45773200302280725
133,133,2012-08,-5.692843050632911,-0.271408311646586,0.48857732105263113,-3.5793100440604753,-0.856492374294671,-0.1670122436241607,4.796859086060929
134,134,2012-09,15.194667531496062,9.600842860240965,6.793140935015773,5.996414862447257,6.53590744876161,6.34906496883721,-4.024438245045168
135,135,2012-10,-0.02465473785714307,-2.1663122813868614,0.4885005542857144,0.060548612499999994,1.4686527007633587,1.6617851197727276,1.0571958997077924
136,136,2012-11,3.436014575925925,3.4947761581027668,3.0578556770392753,2.577651692534381,2.898399236517719,2.023511536450839,-0.46614952748509575
137,137,2012-12,0.80989412631579,2.130458120363637,1.9098134977124182,3.667928951167315,1.7107439520061731,0.6796404238770685,-0.9441845779468092
138,138,2013-01,-5.278743960305342,-1.9826230992700729,-2.4090410390410963,-1.233548780914513,-0.5228541928902624,-1.9378527840182647,1.082699459080247
139,139,2013-02,-14.814801946226416,-10.801133586805555,-8.02896359737705,-11.647391375,-9.93560233031746,-7.317810470709383,5.5577096265699915
140,140,2013-03,-9.8638170775,-5.6009516681978795,-4.8303985838383845,-10.320779126459145,-7.235554261128527,-7.939166594266054,3.7075155129273534
141,141,2013-04,7.16824327520661,3.829997329296875,4.173584744375001,3.409943047379032,3.4049666691588785,3.0401624693779907,-1.6822195544163252
142,142,2013-05,-3.8741002340206183,-2.545440701444043,0.1895610843260187,-0.021725411752987908,0.18734058710691823,0.36317328661800496,2.224280008358815
143,143,2013-06,-8.453964626262627,-6.820279407829181,-5.613436926984127,-4.365366533267327,-3.370604007949126,-2.9604454603365387,2.122724386104644
144,144,2013-07,-9.188902182716049,-6.35152659222973,-5.157141832500001,-2.0522132509765623,-2.9013397797788305,-2.03100245157385,2.0264855748093806
145,145,2013-08,-4.347576565853659,-0.3416038581818184,-2.7176965616519175,-0.8732363719844365,-1.0575311548895898,-1.6527054975490196,0.42520543931857924
146,146,2013-09,9.400062151546393,4.665926018771331,6.287547790879478,4.53409939007782,3.633436433652313,4.029260981113802,-1.8086763848154668
147,147,2013-10,9.872825920833332,7.647649055136987,7.336583028519855,5.066260524063116,5.228709414975844,4.169981179596412,-1.7162611183900904
148,148,2013-11,4.6149996511363645,6.399962593726936,3.1233664950155764,3.5301153822265623,4.122986423754153,3.2690608435897435,-0.8763438473788034
149,149,2013-12,7.563348502941176,7.561587359230769,5.886626503428571,7.169494987954111,5.147526371875,5.372019502985074,-1.7370987422408208
150,150,2014-01,-5.718378290666667,-5.631611298529412,-3.6421900890855463,0.8131842055028462,-0.6396149071082389,-1.9846427626535625,-0.36081938328764407
151,151,2014-02,-0.7631740653846146,3.7661479251851846,3.2271044933933934,-1.3684935503846154,1.0940595831423892,1.0500127528117362,3.2043924309871796
152,152,2014-03,10.651342336792451,11.710892949473683,6.0689261706484645,5.529128486247544,3.636464339802632,3.38566804965358,-3.3629383013689753
153,153,2014-04,10.723542686725663,4.919556089383561,4.970537765232975,13.403669397452228,8.70991790684039,7.724044102974828,-5.716315107985045
154,154,2014-05,29.410230839999997,21.577216958122744,12.92100367615894,20.46077859432773,17.11015493603306,11.200113814220183,-12.874945971974302
155,155,2014-06,16.599907164356438,15.27354550597015,12.469952755205046,21.40511788045738,19.51654404220779,14.85944209741784,-5.337815096095465
156,156,2014-07,-5.78312244117647,-1.318157876241135,2.7842537542207793,-2.63859627877551,1.3532349128980892,5.06376667887324,8.134869576523
157,157,2014-08,-2.9633943617021274,2.749478691821561,5.145001123692308,3.949511792985972,4.825218348330684,7.502867118932039,5.830875405670251
158,158,2014-09,-0.665941512149532,4.052868990657439,7.239492878405315,7.728272369556452,11.032321628346457,11.281001535046729,5.729081778022562
159,159,2014-10,2.0057934875000005,3.174930382352941,1.2413357882550338,-0.17845304735849057,1.322058413089802,2.9759248696172245,1.194960108865374
160,160,2014-11,-0.31568371382978666,3.2946940933098596,2.4771737177914113,1.619751342379182,4.635562599547511,4.230432547215496,2.7017693182287563
161,161,2014-12,-2.1333904592233006,-0.6387043415873014,-0.9806109655172416,-1.3704267188990824,-1.2954961495481925,-0.6162003810096154,0.953502915797763
162,162,2015-01,5.442009677083334,4.5686207357400725,4.424191024024024,3.352767048440367,6.17940765525926,6.364196488528678,0.9968053935145005
163,163,2015-02,-0.11148745673076779,0.2479513707224329,0.2328485251479291,0.25317559221014474,-1.3366771336309522,-2.294659581025641,-1.1017495956785446
164,164,2015-03,-4.151073102380953,-3.5745027350649354,-2.2458149191082803,-6.592077710233394,-7.107725410334346,-5.441563064108911,1.5278864146985773
165,165,2015-04,-1.3457824244444445,-0.2395210946488292,1.917736993464053,6.420143717165669,8.099488842677165,6.538218162659846,1.6907969317013376
166,166,2015-05,0.7491485905982914,1.4452431935691317,2.0370882003676467,0.4780180139344264,0.5754437970266043,1.492067133251834,1.1509943645433816
167,167,2015-06,-2.6994029259259262,-0.7327511969040241,-1.102270535205992,-2.353020750101833,-0.7049141666134185,-0.03178236072289176,1.9591853900494378
168,168,2015-07,4.3890532707964605,9.816763276899696,13.51122328880309,10.702685712525668,16.197581843627454,21.261402274588235,9.840443290034598
169,169,2015-08,-7.778154632999999,-7.881824331410256,-8.03861255951557,-3.120574230769231,-4.308950724960255,-7.759539587922705,-2.449711641834523
170,170,2015-09,-0.20702371165048505,0.7697507308641975,0.9523654014652012,0.4044726935950414,0.09045934460547483,1.0546558452606634,0.9047861323906541
171,171,2015-10,6.138838747540984,5.563126360828025,3.366435961660079,7.09024380887574,8.567042053571429,9.98346348317757,0.06040844421046265
172,172,2015-11,1.79654191,3.550225034982332,3.2280999853420203,6.926231491372549,8.99909231399371,9.561366814355232,2.0333466991623514
173,173,2015-12,3.4623845920289855,2.761703905821918,2.8828783496124033,11.747891681818182,13.733407115624999,10.168055591627907,-1.0796711663034286
174,174,2016-01,-11.707637203418804,-7.46290380515464,-9.607348631560285,-1.5463597957317072,-3.8604746151898732,-4.317497376749436,-0.33542450457960493
175,175,2016-02,-14.234753739090909,-11.185084718,-13.706688612411348,-12.745070828915663,-14.131765548417722,-16.161179651927437,-1.4440218481661065
176,176,2016-03,10.146042925619835,10.952341225993884,13.298911882499999,2.5433577395061726,5.816267071749598,7.949306429977629,4.27940882367581
177,177,2016-04,7.099395099107142,5.274837326384365,6.339553836466165,6.406225287794433,7.77574690765391,7.6889361908675795,0.2614348202160848
178,178,2016-05,-3.6552000330357144,1.2868865185810812,-0.8334083605072466,-1.2875247687499995,-0.37604253666121124,-1.5201724327058832,1.294572004286292
179,179,2016-06,9.021770321487603,6.445115782461539,5.214285322916667,6.028068108441558,9.238213734941764,8.417933097321429,-0.7088100048455326
180,180,2016-07,3.2818072748201432,4.487930283943662,4.441976261658032,4.763113341758242,5.5830749288814685,4.383376703547672,0.3902161743136592
181,181,2016-08,1.5607305647959187,2.8273072550724634,0.37808099374999976,1.4187656997695848,-0.4555075889455785,1.2828402953974896,-0.659287487709007
182,182,2016-09,-0.5123841415966389,0.6137552959119494,2.8215903175572516,1.6290779976133645,2.908200358484349,4.7834027860369615,3.2441496237887435
183,183,2016-10,7.379278862204725,7.387354337461301,10.420929263478262,12.203933311312218,16.15535733126023,18.017156400609757,4.427436745285538
184,184,2016-11,-9.767081283766233,-7.839732956423174,-9.15636069513889,-6.186248298136647,-7.079635076870748,-7.6721085458677685,-0.4375698295518893
185,185,2016-12,-1.5599199851851848,-1.2683883328651686,-3.3487450568627457,-0.9110609264462811,1.1182308813420623,1.5537891771488468,0.33801251595878345
186,186,2017-01,8.31251801027027,6.9266914336206895,8.841878836363636,6.806793094327731,9.128983368261563,9.33195132785863,1.5272595298121314
187,187,2017-02,5.015098664000001,4.87954991966759,4.35836296,1.2070344249496983,1.9195947932584274,2.252626468789809,0.19442816992005496
188,188,2017-03,4.267703189808917,5.448791173743016,3.802069028421053,-0.7473314574297187,2.281644269951535,2.3116863040254243,1.2966918000336396
189,189,2017-04,5.374578567105263,6.274636076744186,6.022254981151833,7.7138567573593075,10.20294783821549,9.855287852212388,1.3945537544498254
190,190,2017-05,-7.244019115441176,-2.1928890596541786,-1.6543026402912622,-3.443211280131004,-5.126120283361344,-3.8463892817371934,2.5932692367718624
191,191,2017-06,2.329568697452229,1.4005909773809522,1.533264236548223,-0.9806321593679457,1.9672435375816992,1.3582521141255608,0.7712899062947501
192,192,2017-07,6.100349594354839,4.29286583880597,6.031210015189873,5.892620129828326,5.646581698858075,4.736884376765376,-0.6124376661139577
193,193,2017-08,-4.938816626548672,-1.657133305373134,1.4005718267206482,-4.634608344537814,-3.374930276104746,-1.4488741888631094,4.762561304472013
194,194,2017-09,1.6809058305555555,1.0611665653495437,0.10372580580357148,1.0151453465367966,2.2823430321656053,2.2166924027397257,-0.18781648427452746
195,195,2017-10,8.989426205228758,8.930648997694524,11.862458028125,7.175718451004016,9.69182142306425,12.826192754112554,4.26175306300239
196,196,2017-11,4.51314081570248,3.5738929985875707,2.944799759728507,7.030813623031496,6.0564914163132135,4.884967512610619,-1.8570935831974247
197,197,2017-12,7.450016315384614,6.478346907894736,6.635514580927835,7.407287293699187,10.013456316965742,9.173739930066814,0.47597545095542415
198,198,2018-01,-3.9374979546874997,-1.9673483751366123,-2.640708246464647,0.8616512469184894,-0.22866829450000017,1.6438871198704104,1.0395127905873869
199,199,2018-02,-3.9065721330508474,-3.9041939163978494,-3.501569408457711,-5.8216943711729625,-4.484241463917526,-4.014260417965368,1.1062183389003653
200,200,2018-03,-8.249078215217391,-7.20827259197861,-8.612638387845303,-11.070794040241449,-10.18578365890411,-10.081059205555555,0.3130873310289912
201,201,2018-04,6.578776562015505,7.009450002623907,9.11162606981132,4.851104406512605,8.040259575300173,8.420483774549549,3.0511144379163797
202,202,2018-05,-10.538894384444445,-6.42524336980057,-6.657217952777778,-6.825134867479674,-6.697088448976109,-5.39194918939052,2.657431054877911
203,203,2018-06,-6.043585775581397,-6.3904931000000005,-8.814784470566037,-6.53662278496994,-8.579168847028862,-8.706544958392435,-2.4705604342035676
204,204,2018-07,2.0348597865853657,2.5973193869688376,4.245432002281369,0.41844260160965785,0.25348216445182736,1.7896794607888633,1.7909045374376045
205,205,2018-08,8.243152786956522,4.143755945317221,2.619314465693431,3.0885763661257606,2.999272849673203,4.841245709026128,-1.9355844891813612
206,206,2018-09,-14.011457885294117,-12.96313232275281,-16.072885999576272,-8.441748513087935,-8.696584040978077,-10.007080210550457,-1.8133799058723383
207,207,2018-10,-0.544472974358975,-2.6082898792899405,-0.6814842337552744,-2.837628802376238,-1.2300041896774192,-2.633984843429844,0.033316349775047216
208,208,2018-11,2.8744688752577323,1.7345639837500002,0.14189093454545484,2.0781903845401177,2.134908878330658,0.07248554829157156,-2.369141388480412
209,209,2018-12,1.2428513138888893,2.1761477042424238,1.5692933416342407,1.238777305335968,0.7242697734197727,1.4638173995495496,0.2757410609794665
210,210,2019-01,-7.816779295412844,-6.304265100928792,-7.321185714559387,-6.061925018972333,-5.57621885682183,-4.600621078222223,0.9784487608017836
211,211,2019-02,-5.073391713402062,-2.2582704912500002,-1.761806045390071,-5.601957178277887,-4.907553877742448,-4.828636857649667,2.0424529943201053
212,212,2019-03,9.611222539215687,9.378962120743033,7.878332148175181,4.111190868379447,4.553322007729469,2.9994431159737416,-1.4223190717231058
213,213,2019-04,-3.146258091489361,-3.1746422650165016,-1.6323305027303752,0.04038240082474243,-0.3111418149671055,-0.10949535420560788,0.6820249168643178
214,214,2019-05,0.6911922752212383,0.9082385613207548,0.9159395636015324,-1.5127280621848742,-0.050602391452991446,-0.8348702673202615,0.4513025416224534
215,215,2019-06,-11.905104464220186,-5.755694254746835,-3.849021105639098,-10.72552028526971,-6.8552338375,-4.802870186086956,6.989366728881921
216,216,2019-07,-18.84912682020202,-11.900239115210356,-10.249338490492958,-11.820720524740125,-10.59091320304054,-7.9552443312227075,6.23263226161324
217,217,2019-08,-4.364376740217392,-2.910417392041523,0.23408510256410225,-4.097220018237705,-1.368947311409396,-1.894445265548098,3.4006182977355506
218,218,2019-09,4.126053133027523,5.24417970340136,6.8228310949664435,4.3631016803347284,5.753288531136738,2.85297039978308,0.593323340693636
219,219,2019-10,0.08985544158415845,2.1319894355987055,1.1877176041522495,-2.9156031665338644,-2.5860359679338845,-0.45502584444444377,1.779219742328756
220,220,2019-11,1.2961171524390243,-0.5352559667796615,-1.3418274928792568,2.9377876125,-0.4107184274834439,-1.3100449190987122,-3.442888588458497
221,221,2019-12,-2.2337509833333327,0.886905870234113,0.36805881884984015,0.819715909356725,1.2325875461920532,2.1367850050328228,1.9594394489296352
222,222,2020-01,3.680773997468355,4.669018605844156,5.022825538730159,4.591153099431819,6.062292362029459,3.9809259254945055,0.36591218366224565
223,223,2020-02,-13.385395611392406,-10.006293492332269,-5.523619753896104,-9.24770957851711,-7.4860892159322034,-5.730400785010707,5.689542325501353
224,224,2020-03,-36.75424380617284,-33.51102247759741,-26.660491687459803,-21.656383925825242,-20.727713338071066,-15.870242904525863,7.939946570006207
225,225,2020-04,31.80309484189189,22.552403858571427,15.017696670893372,19.999047203162053,16.28275776438127,8.927766125404156,-13.928339624378207
226,226,2020-05,-1.7821563608108102,-2.815554416245487,-1.262599503693182,3.4088982881287726,-0.9209185375827815,1.479682251972158,-0.7048295895194933
227,227,2020-06,37.73300078545455,23.06641172934363,13.653141469487178,33.706306664077665,22.0226239061157,13.425080101699029,-22.180542939173
228,228,2020-07,-2.0794385380000007,3.04618949254902,5.972846426208652,-3.331216408949416,0.26868980357751293,3.0666410147619043,7.2250711939599865
229,229,2020-08,17.299474885714286,13.801900727309238,10.69087447562814,16.29634623262136,13.040968918739352,10.374150293045565,-6.26539817483097
230,230,2020-09,-4.943380631372548,0.4360836586466165,2.0506622224543083,-2.342495598811881,-0.6998527430252098,1.29369766076555,5.315118056702143
231,231,2020-10,1.7383248649999996,-0.6654065528089891,1.1303627420903952,-0.433272846904315,1.040248225774877,0.3007533889135255,0.06303205645411802
232,232,2020-11,17.007671619512195,13.08693451409396,9.59290015270758,10.496277393346773,9.901381641638224,5.7337288451097805,-6.0886600075208035
233,233,2020-12,14.90944909153846,10.280437324749164,7.536023511785715,22.54826479758551,16.710357039616614,12.014106635742971,-8.953791870797643
234,234,2021-01,1.2328522512820512,1.6144382726950357,-1.6043436443636365,4.129436770121951,1.8134581568111454,2.268885806090373,-2.348873429838633
235,235,2021-02,13.900350611864408,10.359927255234657,7.415264812692307,9.180781249591837,5.2920945593040845,5.646120043838383,-5.009873502462777
236,236,2021-03,-1.2587165943396228,1.3125911507575756,1.783171752233677,-1.607038033466934,-0.7286667967551624,0.5853688952586208,2.6171476376494276
237,237,2021-04,1.5746359397435894,4.76349800738255,9.558251307569723,4.829746454872882,8.874799663479623,9.877481243076923,6.515675078015088
238,238,2021-05,12.75548786153846,12.631744729965156,10.461088946586345,17.203163422961374,18.366337492615386,16.9627761049217,-1.267393116495894
239,239,2021-06,6.5307654109090905,6.7741276211920525,10.373935177142856,17.62502187962578,17.392831065479875,14.972075978279571,0.5951119324437784
240,240,2021-07,6.994412942068966,7.069247667100977,8.295916863218391,13.395653473814432,16.472516384792627,16.14965141652174,2.0277509319283658
241,241,2021-08,-4.577610366666667,-1.7674468565749237,-1.6333837982222228,-2.640330906553911,-4.495686556859756,-3.707095371336207,0.9387310518310741
242,242,2021-09,8.082906623489933,5.102612571038251,5.88344804009901,10.514747219262295,5.881340092834892,6.311672065327697,-3.201266868662761
243,243,2021-10,-0.2800590528846159,0.5401093957186545,0.35092898483754487,5.304134181095407,3.5702441152380953,4.249678082435597,-0.21173403046882422
244,244,2021-11,-3.14431692,-2.35034745968254,-1.3716028489726027,5.476446782640144,3.074696719908116,3.340571391647332,-0.18158065998270723
245,245,2021-12,1.840370408264463,4.888160278175896,7.530898726666666,19.709568044999997,20.732941208925872,24.326015115330186,5.153487694366196
246,246,2022-01,1.2738252388429752,0.47373767745098005,2.0265307795053005,8.899648483273381,8.763827349319213,9.14799437232558,0.5005257148572624
247,247,2022-02,-6.9760643207865165,-7.875008036677116,-9.458121687850467,-6.402339918679245,-9.393753127795032,-10.931474805531916,-3.5055961269583107
248,248,2022-03,2.8845772404761907,3.933245960472973,7.0313839448780495,3.3525306727272732,3.563809052833078,3.5122979081761008,2.153286969925343
249,249,2022-04,5.3966185883040945,4.647607170987655,4.065989024285714,16.234911579754602,10.405209490679304,10.22690913943355,-3.669316002169716
250,250,2022-05,-5.713418643786983,-6.6699786742690055,-10.676575343589745,-7.9656520878048775,-8.54247686211878,-10.886883494468085,-3.942194053232985
251,251,2022-06,-4.617218855072465,-4.751570871335505,-6.607106917948718,-2.03898723647541,-4.4649276831496065,-4.009169235244161,-1.980035030822502
252,252,2022-07,9.22778881236559,9.503028566666668,9.693344323979591,7.043634699591836,7.572575579523809,6.315918604651162,-0.13108029166333646
253,253,2022-08,5.675652295121951,7.707655046178345,4.795542388741723,9.251321545175438,10.413573438664596,10.45098593810484,0.1597772432745863
254,254,2022-09,-0.5993960375415283,-1.709501324749164,-1.8526775113043483,4.842705988382688,3.28906234648986,2.9147739345489443,-1.590606763798282
255,255,2022-10,2.02735680543131,1.3807389059649127,0.9925031129310347,1.3294550585526312,3.8300933581081087,2.034576724535316,-0.16486601325879513
256,256,2022-11,4.566786195104895,3.0674085716216215,0.6446518213740459,3.3559664002150535,2.2130011881913303,0.9321542252873561,-3.172973274329274
257,257,2022-12,-1.167198761980831,-2.31345183862069,-0.5045028745614036,2.797599748791208,2.136415688473054,0.9145309512059369,-0.6101864550829219
258,258,2023-01,-3.281088970916335,-1.9493553227692308,-1.7219199589928051,-0.768346197002141,1.3093901483532933,0.2844176730550283,1.3059664409903495
259,259,2023-02,-4.450915204977376,-3.8087971798761613,-4.7074835497142855,-7.041570570563675,-7.334454561309523,-7.986909879038461,-0.6009538266058483
260,260,2023-03,-1.9775538979166662,-1.1122448700315457,1.525963511728395,-6.565849800626304,-3.8894798668647845,-3.9216904960151804,3.0738383571280927
261,261,2023-04,8.056457205058365,7.781203784394904,9.312132659124087,13.55370512,13.681270362027231,12.46670065647969,0.08433549527270578
262,262,2023-05,5.729625285347986,4.912516308196722,4.717610563503649,2.919871911034483,3.4051170655120484,2.930656511259542,-0.5006150608096389
263,263,2023-06,7.0320068981884045,7.843979521262459,7.551030787323943,7.013257763982103,8.134839602420575,6.2746492979047614,-0.1097922884709015
264,264,2023-07,6.056767334463276,6.8734568994186045,8.48977820051282,3.546561173076923,6.447341450535988,5.636140948770492,2.261295320871556
265,265,2023-08,5.153581287142858,4.781921886206897,7.644412935148514,6.369567730078125,7.161949783891547,8.431998472891568,2.2766311954095495
266,266,2023-09,1.3644468905555558,2.2625637308539943,2.5778859804469274,5.558320004950494,5.1357058195892575,2.830817885119048,-0.7570315149700374
267,267,2023-10,-2.8003542683615823,-1.3361002182584272,-0.33210446965174106,0.7537993274401472,3.175374850735294,4.337751335416666,3.02610090334318
268,268,2023-11,8.166140808264464,8.08499743054054,8.6397174484,8.504568916637478,9.18102665619469,6.53382090425532,-0.7485856861233104
269,269,2023-12,6.814260432432432,6.899813280851063,5.2067245602739725,8.455069465499124,7.495500915249267,6.886997053281854,-1.5878041421878648
270,270,2024-01,4.91260291171875,5.496627724870467,9.139703599130437,13.659881099479167,13.284482812241887,10.360263021235522,0.46374130458402085
271,271,2024-02,-2.1066589272058818,-0.8034760625654453,1.8725397986607146,-1.2247903326460479,0.13329721597633137,1.7474900058365754,3.47573953217461
272,272,2024-03,-8.760926836885245,-3.9671474604838712,-3.1914568052000005,-11.902235493898305,-8.893634436574747,-6.458665739641434,5.506519892971058
273,273,2024-04,10.175346830172414,8.767779407417583,12.537430402371541,14.675450200938087,13.72175698108527,15.726515674034333,1.7065745226476867
274,274,2024-05,-3.7571074773913042,-0.09955440606060588,-0.14009028038461546,-3.041016755178908,-3.838672191324201,-1.8184563484782612,2.4197888018536675
275,275,2024-06,9.289033430872482,9.733186905074628,11.225943574131273,7.944332684108527,9.429200785905046,8.832748701943844,1.4126630805470537
276,276,2024-07,7.815425769565219,6.421813428857143,7.312582804316547,5.9832524178368125,9.432213585820895,9.681068619181035,1.5974866180477751
277,277,2024-08,-0.38594428440366985,1.1948276315789477,2.15651266462585,5.024364836812143,3.7634650770250366,4.887312826490066,1.2027024693537214
278,278,2024-09,2.5893508052631575,1.7215248666666672,1.06493364229249,3.3551275691848907,1.1910176737068963,2.7415717538461544,-1.0689864891547018
279,279,2024-10,-5.020412382211538,-3.8346160543973946,-4.5556815417021275,-2.2155030049180326,-2.4631650395061726,-1.9109391003883498,0.38464737251954684
280,280,2024-11,-1.3199904992753626,0.18745036890243902,1.0932366996503498,2.6428308934142115,1.5085939312412833,1.6079022564,0.6891492809557505
281,281,2024-12,-1.435154004301075,-1.3061592189830504,0.22468229742647056,3.6131504677477477,3.795855995522388,3.770313464822135,0.9084996494009664
282,282,2025-01,-7.2338812917721524,-6.568338550657895,-9.79823800927835,-6.834595294395797,-6.292764804951856,-8.850412009922179,-2.29008671651629
283,283,2025-02,-12.468829505882352,-12.463139611918606,-14.737730111272727,-14.164199274438689,-14.510049422689077,-15.246300365057916,-1.675500848004801
284,284,2025-03,2.2502882335766428,7.268699472727272,8.887678327941176,-4.675385758219178,-1.7928923998561155,1.0175001750000001,6.165138013791855
