,index,Month,BN,BR,BW,SN,SR,SW,RMW
0,0,2001-07,-5.1901148793427225,-7.358432167307692,-8.845378610126582,-4.085908184969325,-2.2432869101265824,-2.6499849945312497,0.9468222636117789
1,1,2001-08,1.2521570392694066,3.4407807435555555,1.0362147261904764,6.146275312983426,4.688160107364341,5.954051691304348,0.5693372167125363
2,2,2001-09,-8.950021813157894,-9.463477354545454,-10.088182866233765,-2.11837235148248,8.465508836259543,-2.9680069815331014,6.029110664740478
3,3,2001-10,6.908576657272728,8.415926114883721,9.807675429268293,8.718218046376812,10.975036211372549,14.944306856583632,-2.6805099797978276
4,4,2001-11,17.870514063111113,16.297208113063064,23.124141435294117,15.366278592493297,16.298709204814813,22.310007774074077,-6.419115945745158
5,5,2001-12,-4.288733418303571,-0.3349066068085103,-7.126677771084337,-1.9136182367875643,-0.8156483462121209,-4.884227401644737,5.430175109854222
6,6,2002-01,1.7672077456140345,3.1009180260869567,-0.7468248853658536,2.3300317213917525,3.0873830443636368,0.3832888375404527,3.275918559137997
7,7,2002-02,6.505430532300884,6.227267659649123,6.916414274418606,5.204001795263157,4.631354572592592,7.529472532558141,-1.7936322873675157
8,8,2002-03,3.7808269266968333,5.980629986521739,6.1457791916666675,3.5275001283464564,2.6571737314606745,0.36346881999999986,1.0642778531578732
9,9,2002-04,11.908523121559634,12.765346466233767,13.896992720987653,15.556032385937499,19.202778022519084,13.983737663728814,2.0436970520181923
10,10,2002-05,2.259243080434783,-1.6366164017699114,5.305999734146341,7.475644235128205,7.814269018819188,16.07983539966555,-7.604091258381308
11,11,2002-06,19.72734447027027,13.984509279831933,23.068200618292682,31.370951638035265,32.51077247781955,45.352452582295086,-10.962685721468143
12,12,2002-07,-11.504989755504587,-8.16390651772152,-13.464707793243242,-8.482380733695653,-7.186907748235294,-8.002074956122447,3.057984241704438
13,13,2002-08,-0.013522062100456051,2.918950795416667,-0.8211499177215196,-1.8731690244155843,-0.3136051878326999,-1.4521521318032786,2.439323828554383
14,14,2002-09,-5.487898994736842,-4.662139109876544,-6.355376775324675,-5.056996393564356,-6.130088629496403,-2.128438808360129,-1.1542060778440715
15,15,2002-10,-3.4267103370535716,-2.1007948544247785,-6.025790566666667,0.11244867569620248,-1.3045019634057966,-1.5141264908227852,2.067310119829439
16,16,2002-11,8.783099905603448,6.0542472242152465,15.76210175102041,8.240354237468354,10.365151761209965,10.290787933956386,-4.816745349775792
17,17,2002-12,2.573191944588744,4.509187907659574,0.04789536464646519,2.8475215814553994,1.7764704390410961,-0.6902434185840709,3.4640032003191377
18,18,2003-01,-4.096965738157894,-3.7865018377510045,-7.139096634343435,-0.7307876069977425,-1.7721323806557379,-4.309256011614731,2.944859213775712
19,19,2003-02,0.19528778777292563,-0.059988425925926174,1.5714094627659563,0.23946110769230755,-1.449185473469388,1.1853310529069772,-2.132957207534124
20,20,2003-03,-11.304211417391304,-9.814236802597403,-14.980822666666665,-9.041942403333334,-10.615808829209623,-5.24563391746988,-0.10179452383524046
21,21,2003-04,8.517739670852018,7.127147028205127,10.765169312222222,9.252234051428571,12.944596174204948,8.830354281012657,0.23810980458759845
22,22,2003-05,19.154669030454546,20.554912141322312,21.5878793,26.1361180855792,22.236913769473684,19.00488287071651,1.0995318700397423
23,23,2003-06,15.809993344888891,15.610343376150627,14.293184070526317,26.847862378850575,24.981359921034482,24.705577275541796,0.7964709755584982
24,24,2003-07,9.835050742424244,8.542838397107438,6.207059994565217,16.303016982876713,17.197880729411764,17.293425672615385,1.1201167296693004
25,25,2003-08,11.340986867826086,13.271836202183406,11.622871725,18.21644060665083,14.773967427272726,15.066704027044025,0.678113938706054
26,26,2003-09,4.006312486462882,4.52822479004329,-5.2446054956521735,-11.268525241706161,-7.157284926041665,-10.283484151692308,6.449514755673053
27,27,2003-10,8.132312934259259,4.858505059493671,-0.609804214583333,0.3819051512820514,2.5641405802816895,-2.3984549730886853,5.215452413723689
28,28,2003-11,21.865153762844038,16.519935492682926,25.609581979787233,22.872476390487805,28.914561521052633,25.799675249117648,-2.987380107584661
29,29,2003-12,24.22636894587156,22.455806684,29.48826221212121,46.45186811698113,37.76046118311258,56.17029875501433,-12.721146550011479
30,30,2004-01,-14.601623705116278,-12.650161231800766,-14.039527151515152,-13.700149920547945,-13.754133562459547,-16.702664783701657,2.168948570478248
31,31,2004-02,-3.853128455760369,-4.43825844423077,-9.505441092380952,-7.711234996396397,-7.842411138338659,-8.923891230386742,3.0743313700991326
32,32,2004-03,-3.417046235023041,-3.7353594524528306,-4.677163900980393,-3.953637952561247,-2.1572335523809527,-4.8209687682926825,1.802769832219646
33,33,2004-04,9.788036243255814,9.628848101162792,10.44045443137255,13.779721522172949,13.993981244481605,12.797598378857144,0.19238826770735162
34,34,2004-05,-13.175310771428572,-12.852585317529881,-10.963900869000001,-3.240147512751678,-5.233901543137255,0.2924407109859159,-3.707513351326525
35,35,2004-06,1.4400207220720724,0.662430200754717,1.9875753941176477,2.1299529555555554,1.7097764295597486,-0.9784142542465756,0.6815227452216968
36,36,2004-07,12.143131563876652,12.20802009264706,10.706827360638297,10.520807697228145,13.796718048734178,12.894800440650407,1.2015551700462668
37,37,2004-08,13.71956377544643,14.519342295940959,8.912476987234044,21.52455186839827,20.476208131290324,20.154164919021742,2.9644542604877486
38,38,2004-09,11.479822994298246,10.344111346007605,7.162256690625001,25.201829529759298,28.387170355987056,29.12838577923497,1.2203196160673442
39,39,2004-10,2.3187443575187965,2.7201213995884777,2.128171925316456,7.776194902428255,7.748030781114551,10.54748248856383,-1.1037511165886287
40,40,2004-11,14.73650832972973,15.099397025714286,19.87913357142857,32.32177121400437,31.853237484161493,38.563811906756754,-5.745155484154774
41,41,2004-12,11.435673816666666,13.603433658898306,16.792930871910112,20.295949762030904,16.877827223692307,25.26175234827586,-5.786711168797679
42,42,2005-01,-1.8771556837121217,-0.8878040038135591,-1.7895990543478257,-4.093547150323974,-2.9053148852307693,-0.005365820588235345,-0.9990770070541336
43,43,2005-02,6.717252025572519,6.868500415352698,10.42057066321839,14.653233573060346,12.390234044984803,14.621264132545932,-2.8915501677134103
44,44,2005-03,-1.4556394105660377,0.6000982394308946,-1.5295741279069777,1.6074886846638654,2.5481590477744804,2.9828646625641033,0.8474833762741247
45,45,2005-04,2.326464705,3.272010479051383,1.644593594936709,7.747972610234542,8.841999456441718,6.93679292253886,1.7663117090087659
46,46,2005-05,10.87738272696629,10.865009629019609,9.692361144,27.47327099341826,28.643973118597557,21.79309253503836,4.011764534289402
47,47,2005-06,3.0365033824218752,1.1856269911538462,1.4964117929411773,5.629718429484536,4.058224457012195,6.553376063446474,-1.402968204110805
48,48,2005-07,10.94557,10.057908428015564,13.460840151190476,15.786329594386693,16.259573159036144,17.04461568523316,-2.093987124685965
49,49,2005-08,15.033838628244276,12.391176434251967,21.317660789285714,29.473312994594597,29.199690230267066,33.3632808361039,-6.545037480435289
50,50,2005-09,-0.030700585658914786,1.2128885678431378,-6.315732411363637,-12.24263499586777,-8.479739269230768,-15.589606412113403,7.319244061044705
51,51,2005-10,-9.518314276226416,-10.651166400390625,-15.637808569767442,-17.724329896551726,-16.856972738580247,-20.511712900746268,4.320691165771419
52,52,2005-11,11.509398436531365,11.87990519015748,13.286336056626508,12.204983874745416,11.198862087116565,9.675710405637256,0.058360407505140266
53,53,2005-12,6.2592686653284675,6.774467178125,4.143338198823529,0.4213532983870967,2.40531604939394,-4.742780808292683,4.889612918494047
54,54,2006-01,4.602081011439115,4.604610163671875,6.031433684523811,6.631469583434344,7.954500828486647,6.917136980582524,-0.1947298364739063
55,55,2006-02,1.2490020285185184,0.7435434517509728,-1.68237861724138,-5.172587755040323,-4.9584133477876104,-7.90866270776699,2.688085714485866
56,56,2006-03,7.658119593357933,9.774172843678162,7.271627752380952,-0.7312675144578314,2.5398444059701495,-3.4010884692307695,4.221738983249065
57,57,2006-04,8.454902981679389,9.064086449806949,17.11559601,14.888027003265305,15.253078857703928,20.3053114014742,-6.551871051981662
58,58,2006-05,-11.866614005660377,-13.26191484,-6.834048098780487,-5.809527192479674,-10.664429749704142,-2.1796085004938277,-7.4563439952149135
59,59,2006-06,-12.601828761278195,-11.01026856,-12.168685085,-14.267747518218624,-14.053244644213649,-12.012947066666666,-0.4409405262734918
60,60,2006-07,-2.7281726529197083,-2.804622323228346,-4.943289224050633,-4.414517814723927,-3.2181287542274055,-2.8141001248803827,0.8673191357376322
61,61,2006-08,11.6116325,11.550399510358567,17.006742130588236,13.68634930489796,14.551191808620692,9.393961437864078,-0.14955612473652824
62,62,2006-09,5.2058756666666675,6.318180655776893,8.037180870114943,2.889542501419878,7.005024888603988,3.33610695377129,0.9749588602473243
63,63,2006-10,5.834325832986112,3.7827408720647777,3.7985234141176467,6.8177248790836655,7.502924161849711,8.322465444289044,-0.41766191224610116
64,64,2006-11,3.00212762543554,2.8118335224899593,8.055905569047619,3.4955662111553782,3.9564399542028985,8.848541870765661,-5.068086981560212
65,65,2006-12,2.3162570804123708,2.6430900309236955,5.384564995061729,8.76329128832998,4.192857828034683,8.498623120506913,-3.523620128305132
66,66,2007-01,5.667392261245674,4.630014108366534,9.619456597619049,15.50129423881188,9.941722548424067,23.085986563170163,-9.066853251999305
67,67,2007-02,-9.027613076896552,-8.302297339759036,-8.233730494117646,-9.472214575745527,-10.463391859544158,-9.92217093256351,-0.3048938863110191
68,68,2007-03,-2.7203099826388892,-3.9790280011673147,-4.948056379012346,-7.730516505273437,-6.708130749142858,-9.42483976849315,1.8428686985976621
69,69,2007-04,7.632498601754386,7.59027324534413,6.2770911457831335,8.036096047272727,7.807350613390314,7.565469031666666,0.7775318406423222
70,70,2007-05,4.836641195035462,5.770550662295081,1.0512702155555564,1.51038752166998,3.430512662359551,3.3800456724880386,2.384873718305519
71,71,2007-06,3.2162815298611114,2.7495766940000004,2.104327924137931,5.453457577603143,6.200551674166666,4.56837499953271,1.1387127222480127
72,72,2007-07,2.8699151914590746,3.549575325396825,3.8411538555555547,4.016577306262231,2.149849984615385,4.5025204743529414,-1.3221245099481431
73,73,2007-08,-1.8655635278169014,-0.4623552925196849,0.8488143079545446,4.511087919140625,3.076027776373626,7.94045083962704,-3.0877963318638217
74,74,2007-09,9.826419486062717,9.728607464173228,16.293376701136363,10.712109381853283,13.630876998901098,11.463833339675173,-2.198862788868605
75,75,2007-10,7.110991866551724,10.67100841375,5.029609721698113,-0.1427985377649322,2.5277661607999997,0.53331618988764,3.8179243314821236
76,76,2007-11,5.772579226206896,5.223641976954733,14.099122727102804,12.740887283809524,11.520665761111111,14.301842394419642,-5.828328691728301
77,77,2007-12,20.976293796874998,17.806078597991966,32.7779358647619,40.90759608584905,35.01559436096257,51.95583828738938,-15.956050596598375
78,78,2008-01,-21.957038613286713,-21.064709365338643,-22.32302097735849,-25.545169341477273,-24.34139830079576,-26.806970886534216,1.861942098879151
79,79,2008-02,-1.7077351421052636,-1.6227994748,-2.155413853703704,-5.385483364272212,-5.499888240740741,-8.026754729111111,1.5297404336370373
80,80,2008-03,-12.99483945229682,-13.4357523664,-16.634411434545456,-16.12369590226843,-14.631037627055703,-15.57523855580357,2.0714299984466624
81,81,2008-04,12.537537320422537,8.281609444672132,15.445197246846847,16.580708978517112,14.248460254731457,13.699148437701151,-3.307137992572205
82,82,2008-05,-3.9357472604982213,-6.435126161157025,-5.844172972727273,-2.399943901879699,-5.137744583037975,-2.9496438902097903,-1.389526940628968
83,83,2008-06,-15.94188664532374,-17.813388890725808,-19.912464027731094,-13.009906940373833,-15.550605513265305,-12.07036252983683,-0.6905839232115945
84,84,2008-07,4.953159814539007,3.3020326731707317,6.095360034482759,7.627808367095589,5.80757574467005,3.6652211812785396,-0.32548639896025855
85,85,2008-08,1.8807690430107527,1.9027821358870969,-1.982522080165289,1.7957124431693992,1.9915838967005075,2.672502393150685,1.6021928598011042
86,86,2008-09,-16.431991797833934,-17.39721599137255,-17.14162802231405,-14.453538752792793,-14.171195829846937,-11.288688009111617,-1.5690478948969115
87,87,2008-10,-32.698512112014136,-31.64773214105691,-31.8221935296,-24.70677418383659,-25.533177329899498,-23.65276247548387,-0.8529767329362699
88,88,2008-11,-12.362733797517729,-11.96592239638554,-8.677845937795276,-7.7448203105263165,-7.880883918090452,-7.616056250319829,-1.776452063180444
89,89,2008-12,15.22806301993127,11.756628962499999,15.265278087804878,9.15366854858156,8.834127900249376,8.736612543067226,-1.7055668840613647
90,90,2009-01,-10.097099031597223,-8.746490575294118,-10.0101173175,-6.089499013074205,-6.539763631909548,-5.43192375051975,0.07789343040804253
91,91,2009-02,-5.474666844256757,-6.328514100796812,-7.358911200840336,-3.751494306349206,-4.288492885037407,-3.3478380014403295,0.0448711082232236
92,92,2009-03,7.1559862023728815,6.746826278515624,4.891041164655172,1.5679550959435624,-0.5240881193467342,-3.0253809604508195,2.178538977482269
93,93,2009-04,18.602237494699644,22.249245350387596,21.328867473275864,19.495202363893807,23.03205640154242,19.16425223305085,2.3940910228016516
94,94,2009-05,47.17043372334495,44.70020615418326,46.311243220491804,36.522798355105635,39.22099073517588,35.94149747723404,0.8342280958166519
95,95,2009-06,-3.646649924825175,0.06738333293650775,-2.157976278688524,-2.0293374323992994,-2.3367336745591936,-0.1425274306382983,0.015576683852068118
96,96,2009-07,9.596446455400697,12.137135050194553,5.539275003478261,4.646087009233449,8.318983890379746,3.108638558736842,5.904102689179598
97,97,2009-08,11.358347749477351,11.219163107782101,7.557046904958678,16.157297646127365,13.537465914214465,12.304441687552744,2.447570214742572
98,98,2009-09,9.11588962568493,6.764336892941176,7.6768781495798315,8.919416022797927,10.319195749135803,9.901119680833334,-0.2472325941680933
99,99,2009-10,-6.027574423875432,-3.8112717347639493,-9.875378081333333,-4.66018903032368,-2.4873763265882354,-6.495683095112017,5.036206557546582
100,100,2009-11,7.508589650680272,7.681148610729613,6.448043231999999,7.13039621097973,8.67525594199536,8.726530717741936,0.5909153014915192
101,101,2009-12,10.104352792150172,9.993025156846475,6.372906647619048,12.993076947658862,13.562668230373832,15.12366638522954,1.0295601771858593
102,102,2010-01,-1.3240969003389829,-1.0330651394190868,-0.8460875376712331,1.7148606447587353,1.8575399058685444,1.953914047420635,-0.14167587164997208
103,103,2010-02,-2.1527880776666666,0.04820653941908712,-3.537658179861111,-0.9649492523178808,-2.5878442411214957,-3.7321585769685037,2.365089527563603
104,104,2010-03,6.607850732885906,7.934837193061225,4.952323104137932,4.52008008336079,6.761793299999999,2.3714668177514793,3.6864202855859065
105,105,2010-04,13.994756747000002,15.814799811522635,15.752769273381293,35.315177507512516,37.42773238429561,28.036852984388187,4.726454969024382
106,106,2010-05,-12.10238062026578,-8.732567355510204,-12.738973011764706,-8.262499399331103,-10.082369729330255,-5.8994122014583334,-0.08827593580870952
107,107,2010-06,13.15470829379085,13.805374007563024,13.129087676978417,15.350886186912751,17.47468257767654,19.12289510693277,-0.4859630993358115
108,108,2010-07,5.509626992,8.984534565306122,6.723006659712231,16.326411026079736,18.362307961609197,17.812013215756302,1.4059113257233928
109,109,2010-08,7.297804793046358,3.124303324691358,4.489476629496402,11.609312115920398,8.96705349155251,8.74706778033473,-0.5725937967936316
110,110,2010-09,16.044906667666666,16.071634096774194,13.383979738518518,17.067247249177633,19.935716889170507,17.861892196273292,2.3807395255764456
111,111,2010-10,8.601912520454546,0.2968528148471618,7.194228589333334,7.461327223089701,10.420189553452115,10.422870604780876,-3.4500284129074665
112,112,2010-11,-12.698506849514564,-11.427214942241378,-18.97689920068493,-10.159223702163061,-10.33204772393736,-8.003905105544554,2.6107708200253734
113,113,2010-12,4.661685370512821,3.5108620491452998,4.173348704861111,2.6113339956882253,2.0264468928571433,-1.1633503488235295,1.263655292982431
114,114,2011-01,-12.259222104234528,-10.865559928691983,-12.647280788965517,-9.684923748514851,-8.347727194854587,-9.462757777299412,1.44837572135918
115,115,2011-02,-8.081724827831716,-5.873768336440678,-8.619226639310344,-6.859791059472817,-7.4628204276785715,-6.14359202490196,0.7131149500465277
116,116,2011-03,5.86736619936508,7.23857105443038,6.358928092857142,0.3016074742096504,1.1305368357941836,-2.5695024807766993,2.28984113907206
117,117,2011-04,5.155393695081968,5.674274378969957,3.7280001751724137,8.270898868341709,8.788143238041002,7.023893939361702,1.8552617512384215
118,118,2011-05,-5.282752923202614,-3.7046974995652175,-3.7128634256756756,-4.5962907003367,-2.816714446258503,-4.792451940471092,0.9919517101615234
119,119,2011-06,-1.1774194644736844,-0.06327030854700857,-2.998370687586207,-0.6926042775167784,-0.8057191130733942,0.15516520297239925,0.9871080314967026
120,120,2011-07,1.6026183239999998,3.8478806054621852,1.4860726430555546,3.1539513918874174,3.060777237644342,2.0826437570194387,1.6699707215157669
121,121,2011-08,-10.906873792999999,-9.127059509322034,-12.053295037414966,-10.518434212417219,-9.62846854576659,-9.607281415879829,1.4525241991030846
122,122,2011-09,-1.1174520953642382,-0.4860853716101694,-2.092908842758621,1.5634477004958676,1.093636050340136,0.3102067293617021,1.1951263960634426
123,123,2011-10,2.434060195681063,1.522239168181819,3.5508062086956524,2.2208597410472968,2.0144028845474615,-0.09321318915662613,0.03952451659512701
124,124,2011-11,-11.907848654485049,-11.23702998482143,-15.536686595625,-9.17078389074074,-8.802998961111111,-10.877104098602794,3.1868808741476267
125,125,2011-12,-8.730244473,-9.151752041517856,-10.19300565,-6.219249243551089,-7.499869262168142,-7.456043974051896,0.49871416018294923
126,126,2012-01,17.01158632786885,14.08054925625,24.217044726751592,14.624152326878129,13.798768052863435,16.0173366007984,-6.177532009218279
127,127,2012-02,5.507219720900322,6.7812869068493145,6.482487127672955,3.051332595142379,3.2883473576086955,2.5001198243512976,0.5435136562168787
128,128,2012-03,-3.082902275483871,0.23631174598214297,-4.220152345911949,-4.612342930884808,-4.280248385838781,-6.583462376388888,3.3798390412221
129,129,2012-04,1.392697964820847,3.060986967555556,-0.12961428169934677,2.7715049983333335,3.4923741348785873,4.815231547334755,0.9338719183993673
130,130,2012-05,-5.107914142857143,-5.627894042173913,-8.442547809459459,-3.982004066444074,-3.4349290554565703,-2.804745002096436,1.0922348569627058
131,131,2012-06,3.610077569579289,4.1958429451327435,4.526987461333333,1.589651170686767,2.4421788867549665,0.8845497997894737,0.6132422853824515
132,132,2012-07,-1.5813739294498383,-0.7644561270742359,-1.8281002966887416,1.1827687813953487,-0.252727717724289,1.2534129401247402,-0.22124824411726185
133,133,2012-08,-1.8643546427652735,1.1761012781115878,-3.5271799932432435,-1.31960156192053,-0.15913175263157892,-2.886708474385246,3.715428996554249
134,134,2012-09,8.931040822929935,6.981304375324675,13.89682564864865,6.669296363621262,7.791150037690632,4.506217822290388,-1.8152945289618652
135,135,2012-10,-0.2991840629283488,-0.02674370043859647,-2.469692588275862,1.9134016374795422,1.6481452418655096,-0.4034885761252446,2.2472913529140097
136,136,2012-11,2.840797716037736,2.8710971486956525,4.886751065277778,3.071192388322368,1.4604656826754383,2.9425299477495104,-1.7488590908280988
137,137,2012-12,1.6240160798761607,2.0131803860869564,1.936747614084508,2.1389437200657895,0.02438519717391305,3.8098075214700193,-1.854494776146829
138,138,2013-01,-3.079037096319018,-2.519246417826087,-2.517740439007092,-1.5147179317880792,-0.2356731394396545,-1.506344714423077,0.6345827980822137
139,139,2013-02,-10.78615099537037,-8.207415424786326,-12.160859890780142,-10.100422432236842,-9.691509722993493,-9.486020887356322,1.8739778151783222
140,140,2013-03,-5.868816792923077,-4.377569003418804,-9.01871734964539,-8.151895216091955,-7.249712857826087,-9.794351875722544,3.5928936820615216
141,141,2013-04,3.8816297569659444,4.310314803862661,6.5625114184397155,2.74982538121911,4.16589079,3.195612465235174,-0.6409591449061145
142,142,2013-05,-1.4444600077399379,0.8179769519650651,-5.256460642553192,-0.021573275993377362,0.30243753644251653,0.27089510723140475,3.052990011864684
143,143,2013-06,-6.270797233333333,-5.654170167982457,-8.442658214285714,-4.827309304492513,-2.2898186136363634,-3.279376263449692,1.889022848058293
144,144,2013-07,-6.330872828096677,-4.078278707860262,-9.089004410948906,-2.127811721487603,-1.9347419526766598,-3.1589191238683125,3.1174514371401485
145,145,2013-08,-0.3657458489361707,-3.3490263506493507,-3.5131323713235294,-0.13682767003311264,-1.1393872150537638,-2.4253862889117044,0.7250525472660596
146,146,2013-09,5.58330302560241,5.807562612765958,7.621274657692307,3.4325565444444446,3.8358955336225593,4.968565465918367,-1.4731909886110786
147,147,2013-10,7.4442110375,7.804285701809953,8.991956087820512,5.1569223919275125,4.770776382832618,4.634731641117765,-0.5258128221478526
148,148,2013-11,4.64977086,6.335610709174311,2.1086735256578946,4.296984583952702,4.089784605021833,2.5861009774847874,2.8653104055267313
149,149,2013-12,7.142435854870129,7.390923090625,4.693168987671232,5.878487579081632,6.852855016964286,5.054857160764588,2.247875979576733
150,150,2014-01,-3.9094560941747574,-3.378640953478261,-8.233127434013607,0.5115773890183032,-1.1887574596881962,-1.0911114652087472,2.3784202430279486
151,151,2014-02,2.334925895176849,4.7648175248888895,1.6118087068965514,0.6793214177966101,1.0731182446902652,-1.0030925865461846,2.6146098246143943
152,152,2014-03,8.495272418709677,11.536343579475984,6.68610356413793,4.448191776884422,5.748454842035398,2.469898012375249,4.064398422499101
153,153,2014-04,6.304180205194806,4.756964183478261,6.844256663013699,9.811102784680134,9.473351351746725,10.361351448510637,-1.487646288149675
154,154,2014-05,18.348461970833334,16.42563717725322,24.56987660863309,16.671254353662693,15.154928369230769,17.458326856,-5.223818959074552
155,155,2014-06,13.260749598083066,16.249899820940172,12.732263743165468,16.658185485109982,20.825812105032824,19.549034548,2.397206817403763
156,156,2014-07,-0.7570993040247675,3.019979330125522,-4.471391065384615,1.748984719327731,2.835817033909287,-1.3159367094650203,5.821562069442222
157,157,2014-08,2.126082165838509,7.958731535,-3.6628409722222224,5.790194483079526,8.538915768777292,1.5564595054989816,9.302014385250267
158,158,2014-09,3.7362272241590215,9.481806900413222,-1.8533814007812492,11.388765255833334,10.960319259354838,7.565199144129555,7.365154208209876
159,159,2014-10,2.199006203636364,1.829900808713693,2.69877870234375,2.242572000803858,2.256011761147903,-0.7526495367924527,1.0698917021551493
160,160,2014-11,2.6384782490963863,2.2577388481171545,2.240624977443609,4.020061306089744,6.077761445434783,0.7314799015094339,2.6816977072994472
161,161,2014-12,-1.6742965340425529,1.6523458069105688,-4.217607321052632,-1.2574136503164557,-0.037797775271149345,-1.976167598120301,3.904161475406176
162,162,2015-01,3.3929150506369425,4.947924479230769,6.889096918939394,6.249472190521327,6.091333798913043,3.3948324933712124,0.3776644329166028
163,163,2015-02,-1.3486588460815045,-0.23933383522727292,5.128898531967212,-1.3469250474358974,-2.6462366789473686,0.7373666885767789,-4.375917867359316
164,164,2015-03,-2.2482268006250004,-1.5938182018587363,-8.603873462393162,-5.778236044728435,-4.875974741501104,-8.742721778888889,5.4384011489611055
165,165,2015-04,1.067130906349207,0.6320274396946561,-0.9122638152542366,7.048083831382114,7.743468809417041,6.712343505793991,1.287708279285971
166,166,2015-05,1.5501095936908518,2.251753241825095,0.06344304166666652,0.6799590996763756,1.7838669230088497,-0.03280201330472049,2.0024895682359993
167,167,2015-06,-1.024381761904761,-0.35546187159090925,-3.411749549579832,-2.487863090909091,2.517238379464285,-2.5747826202991453,4.074154338876177
168,168,2015-07,11.494515735126582,11.84984875735849,3.771733970833334,16.127311683279224,19.47530315011186,11.976875253796095,7.78827134142046
169,169,2015-08,-8.463831098148148,-6.17573026875,-10.22178065950413,-6.067668967098865,-3.9812359060133633,-4.131984554366813,2.09839951955379
170,170,2015-09,-0.1209976388198755,0.4256601604651161,3.4767705616666666,-0.5813132559157211,1.6423507171111114,0.6882983904347824,-1.0485290372626108
171,171,2015-10,5.330751003908794,3.019333685214008,7.4796719000000005,9.395535506414474,11.272233749206348,4.90325341752988,0.9543210584452377
172,172,2015-11,2.2860492467532465,3.8530311856031134,3.8484991096,9.997397010180624,8.763278013258427,6.356757530616302,1.2055262793226191
173,173,2015-12,2.704475696065574,2.9244349380769235,3.599927294308943,12.044504956486042,13.457125344646926,11.076763809486167,0.8524345894643697
174,174,2016-01,-9.01649145280528,-8.77055330300752,-9.800056077685952,-4.389521781391585,-3.6783864153846153,-1.5280257548323473,-0.5604289429369178
175,175,2016-02,-13.441149012377851,-12.183105405947956,-11.921951848275864,-15.043179398867315,-15.95721969047619,-11.858559714648438,-2.179906766749922
176,176,2016-03,11.45382135179153,12.365156177862595,10.460769353781513,5.725793222801303,8.267077610657596,2.4980597928143715,3.8367023209621527
177,177,2016-04,6.248084551623377,6.136677185931559,4.933969201754386,7.6328799111853085,7.9334921235159825,6.36614186695096,1.3850291203710978
178,178,2016-05,-0.8076038913333337,0.7251778693726937,-1.882537494690265,-2.0290588223509936,0.2893971233100233,-0.7962454040685226,1.8466789457207522
179,179,2016-06,5.96952580422078,6.214004843396227,8.428319331858408,7.975338874834437,8.148266313501145,7.937172104255319,-1.0016101396081778
180,180,2016-07,3.680742480392157,4.648064177099236,4.727629135294117,4.870155923178808,5.92432268146453,4.2195649931034485,0.8125963650831007
181,181,2016-08,2.6405663599999993,2.8638876819923373,-1.824198050420168,-0.08220314166666709,2.7342511386727684,-0.39836360691144723,3.91035023899836
182,182,2016-09,0.47230395598705477,1.9955646068441064,-1.9819158608695657,3.1302245990082644,5.208443508181818,1.2646953619658117,3.9606143069648394
183,183,2016-10,7.756163150621119,7.4493116846153855,9.117029485365853,15.056590981481481,18.143679048642536,14.079335205500982,1.1983130211955433
184,184,2016-11,-7.438724540432099,-8.940210189558234,-10.645584862295083,-7.929593866611018,-7.299147705855856,-5.612178870898438,0.00920291888971514
185,185,2016-12,-1.880444858024691,-2.119040348790323,-0.9836744198412699,0.31303322181818166,0.3568533112831857,1.228660624660194,-1.0035866211630307
186,186,2017-01,8.149464696855345,7.037526983003953,8.15110518503937,9.069961458670988,9.184405066666667,7.190414315758756,0.44020627443624694
187,187,2017-02,4.394919601880877,4.427322363424125,6.4165606608,1.67613201610306,2.325149495143488,1.4750870965183749,-0.569587949375381
188,188,2017-03,4.496751317445483,5.277827757142858,4.2614015552,1.6362203102728734,3.9928111275555556,-1.3272240075581394,3.1682306685282766
189,189,2017-04,4.894312718152866,5.432453855421687,9.96908266532258,9.492823986477461,9.799571755855855,8.691895740860215,-1.7144763974526263
190,190,2017-05,-2.8105675365079366,-1.3892005446215143,-6.9340433869918705,-3.7358862792580103,-3.992764162528217,-5.085592349356223,3.318835514599181
191,191,2017-06,1.289073718867924,1.9705004803212849,1.933445904878049,-0.09719591498316485,3.674663133483146,-0.43761315930735917,2.0746654341168704
192,192,2017-07,4.585919961875,4.433924302788846,8.348326332000001,6.028412355666667,5.036812482300886,5.1354531070815455,-2.0065213269959075
193,193,2017-08,-0.9206010937499999,-0.025665721912350187,-3.7600826508064515,-3.372772840166667,-2.1339857904231625,-4.074194929850746,2.837313034160842
194,194,2017-09,1.5864997467289719,1.1887311735999997,-1.5241300952380945,1.8620718962046205,2.302071825110132,1.4950078397435898,1.7599626271023183
195,195,2017-10,10.587217577575757,9.269998036324788,8.50740634296875,10.201566322388059,12.485523414254386,6.962994636811024,3.1425602353997
196,196,2017-11,2.5486298831831826,5.20744868870293,2.9739912854838715,6.014160097520661,6.151723981718062,5.954938380739299,1.2151215020989106
197,197,2017-12,5.855956311926605,5.939525426938775,10.791713106666666,8.990096712126245,9.181364420861678,8.690065301565557,-2.180444280215885
198,198,2018-01,-2.3034864762762766,-1.6547790410788383,-4.924124837288136,-1.1352651489966556,0.9405846188053099,2.5408404038759693,0.8345450055693189
199,199,2018-02,-3.893979767076923,-1.9011314105691055,-7.366077903333333,-4.816108735559266,-3.2398417707207203,-6.090059990079364,4.157582356061436
200,200,2018-03,-7.917826671471472,-6.0881544518367345,-10.999305817391305,-11.516781667632028,-9.105919736404495,-10.360024915667312,3.0826282724086935
201,201,2018-04,7.630084726934985,9.067399275806451,4.171113867256637,7.706132317487267,9.003503361047835,4.723877716421053,4.587955526588298
202,202,2018-05,-7.768163065243903,-5.675529299604744,-8.013512886607142,-6.698502365436242,-6.903578979683973,-5.436723607883818,0.43556410760112163
203,203,2018-06,-7.244594256666667,-6.697219540316206,-8.691838665454545,-8.236098374702886,-7.575278788636364,-7.912010639626557,1.1656754880642661
204,204,2018-07,2.3305325049079744,4.173716171755725,3.1544875372727277,0.9253889623333333,2.0590969297539155,-0.7116679532091098,1.8949967587230112
205,205,2018-08,4.266964300619195,4.047787212030075,3.63615342962963,4.004198685333333,4.646278192533937,1.942589677066116,1.557661148934133
206,206,2018-09,-13.438301512615384,-12.949112030827068,-19.663428303883496,-9.970224918487395,-8.905145734246576,-7.866883861649484,2.838027200229668
207,207,2018-10,-0.8749282627388539,-1.718021393181818,-3.320455774561403,-1.5550500264559066,-2.0814927095454543,-2.866458685553471,1.1937001786938009
208,208,2018-11,1.2138976175324676,0.5495012446969698,2.9496263991666676,0.7294101574257426,2.1139251459276016,1.9951375304761902,-1.140668769509143
209,209,2018-12,0.8555828498381881,2.2949572648148138,3.2038923362068963,1.045771129850746,1.534854219406392,0.7999326096958175,-0.08700673084075394
210,210,2019-01,-6.689606960450161,-6.07145186605166,-9.66941280990991,-5.7069749008223685,-5.387358205454545,-5.2190575188323916,1.7148301286180478
211,211,2019-02,-1.8090302720779219,-2.0093052014440436,-5.24417538245614,-5.551436074313409,-5.301536861764705,-4.429336805849057,1.181335062548224
212,212,2019-03,8.382312119032258,8.503693686956522,10.821913788495577,3.6498635388617884,5.883241458409091,2.7321904198487714,0.4164154685106325
213,213,2019-04,-2.361584135369775,-2.3301848208029194,-3.4572799733333324,0.3429802443521594,-1.0504819320366137,0.07496623755186703,0.0008234914709661645
214,214,2019-05,1.100500212903226,0.5303748616788319,1.106546644444444,-0.13898888416666702,-1.0532903198630137,-1.2201907026970953,-0.2046356999657653
215,215,2019-06,-5.746846650653595,-4.827894579347826,-9.626251433027523,-8.583765550249584,-7.323918106864989,-6.194840811065574,1.834639778940141
216,216,2019-07,-11.032711691909386,-12.600117843682309,-14.667066203773585,-11.428700557166392,-10.862727718409092,-8.021214169421489,-0.3872825944481635
217,217,2019-08,-2.8011294195512826,0.04384774999999983,-2.9886993203883487,-1.4748738562189052,-2.6722150022883295,-3.268933012016293,1.814632540058156
218,218,2019-09,5.901274464240506,6.901506071684588,2.2114091122641506,4.347492591503268,6.431463091422122,2.8171578012219958,4.152201124810282
219,219,2019-10,1.6275186697160882,1.906621299261993,-0.19375916756756761,-2.076585125123153,-1.0771478752783958,-2.845916617490494,1.9345746045208294
220,220,2019-11,-1.1282548898089173,-2.5963774527272725,5.254474333333333,-0.4539308463414636,-1.5295638511160714,3.0996333430740037,-6.24002449012534
221,221,2019-12,0.8008667067092646,0.992817097818182,-3.0642944277777784,1.1488269555189459,1.56069641723356,1.437077575475285,2.0903651836771178
222,222,2020-01,4.620538443081761,5.18093938509091,3.82513179174312,5.603954203565641,5.406744016592921,3.881948050857143,1.4403017795417838
223,223,2020-02,-9.147884563578275,-6.821706118115942,-10.311822014414416,-8.217396129335494,-7.542453845089286,-6.772263142664093,1.3599625969366405
224,224,2020-03,-30.385163486206896,-29.904263396350366,-34.609965079439256,-21.111333843256578,-21.20047507427293,-16.416710053203886,-0.03903166899007715
225,225,2020-04,19.54957997445483,19.235482360218978,22.01231608490566,15.589593184426228,15.804184541870823,14.888282548953976,-0.9304658658849174
226,226,2020-05,-0.8897833879256967,-2.253924336231884,-4.295577098076923,-0.3189032319604613,0.180155396651786,3.9593193861635223,-0.8687556138333485
227,227,2020-06,18.22003927220447,14.807354316376307,32.900556473076925,23.107098658373985,18.998994040271494,28.642415487157898,-13.868311801793512
228,228,2020-07,5.036944474358974,4.4235293205673765,1.9343566807692307,0.483410485808581,1.7797570031890662,-2.8167965800420167,3.5428631115146145
229,229,2020-08,11.979501512820512,12.69009344982079,12.011190926666666,13.440420963515756,14.273239102954546,12.58169893067227,1.1852213477182003
230,230,2020-09,1.6945849380191698,2.1095976750000003,-4.6625374087378635,-0.037033981031613976,0.14399672072892922,-2.300343462552301,4.608237633509547
231,231,2020-10,0.7021443240924091,0.4253632038327519,0.24073766306306266,0.241382136781609,0.4518428446153842,0.35607372945591004,0.1401973279645817
232,232,2020-11,12.258528223255814,10.39187574236111,18.04042410733945,10.545683519867548,8.675874344988864,6.822454629433962,-2.8975643247117193
233,233,2020-12,10.159643062,8.213345421305842,14.272790585593219,16.5509544170418,14.620005793722942,19.74126609255121,-5.5903527315578225
234,234,2021-01,-0.14853681848184805,0.6246663804713805,0.5830334769911502,1.9222227676703645,2.3189308314775157,3.7562412947176687,-0.6978387798799613
235,235,2021-02,9.826031879605262,8.7391242292517,14.669090900862068,6.294319276395534,7.790663154564756,5.7947923459854005,-1.967047931515506
236,236,2021-03,-0.34881646187290993,3.1732270016778523,-1.5045676854700856,-1.6664248865718798,1.1464817087982833,-0.9294288239852402,3.376852609965731
237,237,2021-04,6.38576485671141,5.569110783445946,4.620468214414414,7.23721456547812,9.393894387692308,7.497835992494929,1.4223504821144553
238,238,2021-05,12.088490417391306,10.435214624067797,15.251823287387387,17.392200960194174,19.34933459212254,16.283049881557375,-0.8751619763772132
239,239,2021-06,8.798296949668874,7.817440425337837,6.087095685087719,16.995362775949367,14.930559632334047,18.178050911967546,-0.75857326969169
240,240,2021-07,7.688511763513513,7.142128320265781,7.966406080172414,14.292300965880504,17.99653189079229,14.513298064097363,1.3294780333941474
241,241,2021-08,-3.8900931610169494,-0.2766826635761594,-3.8966128991452984,-5.361692422919938,-3.893526351827957,-1.409880499796334,0.5681421917687579
242,242,2021-09,6.132058913175675,5.607221915511551,6.324475536440679,6.9025333,6.311582373875802,9.136644781983806,-1.7711580145185661
243,243,2021-10,-0.5471304229965155,0.41183084966442896,2.268274779674797,3.4814972275590548,3.5047836419642855,6.08354160962963,-2.2176009488378563
244,244,2021-11,-2.0443800412587416,-1.706343326821192,-2.992035337096774,3.062942452106084,1.8853929966814156,6.728850280147059,-1.7788826365950303
245,245,2021-12,5.949524524054983,5.768918739,3.341548390983607,21.960276777258567,17.489019246799117,23.700071351636364,-1.8918408784104268
246,246,2022-01,2.2485581778571424,-0.5325363177419352,3.4007896874999997,9.830988193209876,8.602182979777778,8.075171811657558,-1.7031574185608576
247,247,2022-02,-7.671681968881119,-8.2652560124183,-8.862484631092437,-8.899971569937696,-9.149694457522125,-8.602121249272727,0.024827705212369544
248,248,2022-03,4.524584532982456,4.650057413442624,4.162492814049587,3.055788645525903,3.953759320620842,3.5934874330291966,0.423918243492341
249,249,2022-04,6.072735612367492,3.282772911881189,4.783527953781514,11.64699287468153,15.171242364365257,10.105796266269842,1.7823455280975455
250,250,2022-05,-7.1756252200704225,-7.841154087417218,-7.6893879375,-9.29369768095238,-9.022174440576496,-8.79735901388889,-0.18829078830241164
251,251,2022-06,-5.258398885416667,-4.852638020735785,-6.045284936885246,-3.5829726740506325,-2.636344419868996,-4.457716439880952,1.5070094680807085
252,252,2022-07,10.844963622145329,8.16294017885906,9.483638424590165,7.331505567405063,7.4817396270152505,6.258771136454183,-0.048864877585018895
253,253,2022-08,7.6569699630137,5.2011055533557045,6.2378212041322305,10.613269470347003,10.496572544978166,9.072202132142856,0.19382738102939223
254,254,2022-09,-1.3532982034013603,-1.614280866445183,-0.17374003833333304,3.137561590423862,5.346326990789474,2.59110683464567,0.657339664015977
255,255,2022-10,2.0683966926605506,0.9265330352059928,1.8287799208333326,3.250266217637795,2.645424427521008,1.6913203739526412,0.025928583970513563
256,256,2022-11,3.4984205021472397,2.8078309044943817,3.4027270200000004,2.560482144391785,1.8392432604210522,1.8853666614963502,-0.32050975829045836
257,257,2022-12,-2.3322552927051676,-0.5019332363295883,-1.5902430413223136,0.966878818799368,0.7037375778705635,4.079711193090909,-1.1438319051138102
258,258,2023-01,-2.115983584194529,-2.485358571590909,-2.82088052295082,1.005160660534591,0.34729573742203756,-0.2579603137614678,0.4703890012717081
259,259,2023-02,-3.545903197568389,-3.9464181833333334,-6.581323953968254,-6.610549907644306,-7.684260516770186,-8.237657376965265,1.5941513154149998
260,260,2023-03,0.1261928049382719,-1.3397389962825277,-2.0673424539682537,-4.114078536153846,-3.220331194190871,-6.586914464716636,2.0470933641057454
261,261,2023-04,9.527306780434783,6.230806877651515,8.826589059836065,13.029886845525903,13.801392916352201,13.028383435270541,-0.911386350551445
262,262,2023-05,5.401470422796352,4.804758932824427,5.42650979516129,3.886501013636364,1.2160743084886128,3.9837738784860557,-1.6947252161671529
263,263,2023-06,7.722759592215569,6.805859826615969,8.235862896721311,7.2797696137931025,7.164754541889117,7.229365361417323,-0.7473069448167742
264,264,2023-07,9.112690254819276,4.482121318217054,7.223994253968254,6.0118965974921625,5.298422215163934,4.501634380157171,-0.9725425503722183
265,265,2023-08,6.223262800895523,4.491756389655173,6.596064131707316,6.79635151745283,6.4970302118126275,8.70269614254902,-2.1549868363942677
266,266,2023-09,1.6318483005899707,0.7078504667953667,6.385667905645161,3.2279882600315957,4.2247244890688265,6.5131167654368936,-3.983104857608931
267,267,2023-10,-2.2432586238372094,-1.0884140080882359,0.2513745355932202,2.382980924316109,3.8470063880952377,2.2954294916808147,0.10589417636648346
268,268,2023-11,8.219766584927536,7.737566845519713,9.785306217948719,8.383894570331325,6.181481458730159,9.659628230602006,-2.7629430721504264
269,269,2023-12,6.366320582947978,5.851330010320284,7.725365187068966,6.493318821203007,7.466965834455445,9.015584026788686,-1.711326684540961
270,270,2024-01,6.7625695092753615,3.8419126800000005,12.13295185882353,11.897380678241431,10.59992280511811,14.964053768802698,-6.327585071254059
271,271,2024-02,0.23398719510086444,-1.0200244370909088,0.2110717366666669,-0.7704317014947685,1.185379455577299,0.31280525996621655,-0.17926098907324672
272,272,2024-03,-4.1430771386167144,-3.83987748442029,-6.983654362809918,-8.983377460119048,-8.355509841910331,-10.183015213758388,2.485641125118842
273,273,2024-04,10.633111373760933,9.39199341962963,11.339886699166668,15.080961263492062,13.956003880241935,14.629191106949808,-1.310540253122455
274,274,2024-05,-0.28138518304597687,-0.26621059475655434,-2.7286895097560975,-3.9557410423137878,-2.6093547372509955,-2.266618973203884,1.0598715754762158
275,275,2024-06,10.08533687948718,10.968758819402986,8.650180417741934,9.93310133081761,8.103410935188867,8.075197464785992,1.1733959360319632
276,276,2024-07,7.0022290806267815,6.823337235714286,7.194575961904762,8.76975330234375,8.299567563220675,8.06457213938224,-0.06812165117601987
277,277,2024-08,0.6174197536723163,1.9017118249056606,2.2068065079365087,3.471861562910798,5.622452067063492,4.583237182558139,0.36706010073725237
278,278,2024-09,1.5541494059154928,1.2310352642585556,3.18391863671875,1.6486464659937887,1.9014720373757459,3.425892865576923,-1.7386521003306858
279,279,2024-10,-4.22827722293578,-4.364066440614335,-4.85184575,-2.735057911697575,-1.3818708177999999,-2.344393741891892,0.7251511167387787
280,280,2024-11,0.09582157692307669,0.5510055865319867,-0.02153802692307666,1.7932512066666668,1.8192819800000002,2.0972049185185186,0.1473103374682725
281,281,2024-12,-1.0521215416413374,0.06838413310580196,-2.023134299999999,3.6379106017069702,4.082704211,3.5492768621848745,1.3124728909604633
282,282,2025-01,-7.778525787306503,-7.741184507744108,-8.867818015789474,-7.475912603932585,-7.217926304191617,-6.8238311302170285,0.36626916703538903
283,283,2025-02,-13.165235543692308,-13.264544192976588,-13.672949270992367,-15.242321550490884,-15.109500489880952,-13.427385091582492,-0.6368551601413408
284,284,2025-03,6.830099812538226,7.142874678451179,6.78426123649635,-2.128746730252101,-0.008143968190855097,-3.2461420794915252,1.7983057766277493
