Month,BH,BL,BN,SH,SL,SN,BAV,BAV_big,BAV_small
2000-11,,,0.07500658190662546,,,0.10050819806869325,,,
2000-12,,,-0.016976461808769883,,,-0.0018879543860215815,,,
2001-01,,,0.09763633408276289,,,0.022995980936519674,,,
2001-02,,,-0.032065214752924544,,,-0.019749607253384194,,,
2001-03,,,-0.19234818612295476,,,-0.252739633322455,,,
2001-04,,,-0.005212027079609097,,,-0.02860572831635361,,,
2001-05,,,0.05816604227697361,,,0.0988255132664537,,,
2001-06,,,-0.05775302259421727,,,-0.12506244634346403,,,
2001-07,,,-0.02627728728244999,,,-0.07994663506384904,,,
2001-08,,,-0.012462809118399119,,,0.001978416180621334,,,
2001-09,,,-0.14474780657479322,,,-0.11605115829479926,,,
2001-10,,,0.05606233244178915,,,0.07973682845648028,,,
2001-11,0.34642742864521964,0.03279582289186148,0.14233434580539037,0.28578603747734344,0.11081522252102864,0.11551485942411116,-0.24430121035483648,-0.31363160575335813,-0.17497081495631478
2001-12,0.088263065188061,0.004842833481976818,-0.05251709693571301,0.040038084458077314,-0.02049076436939535,-0.03932020149120465,-0.07197454026677842,-0.08342023170608417,-0.06052884882747266
2002-01,-0.0007270385072085618,0.028517921336269892,0.05373479998544932,0.060867946267458985,-0.003860676992982566,0.044920673992218364,-0.01774183170848155,0.029244959843478455,-0.06472862326044156
2002-02,-0.026588924684070033,0.15736776237499026,0.08750980427927438,0.05933176375971345,0.06689824463695307,0.11322541278668373,0.09576158396814996,0.1839566870590603,0.007566480877239622
2002-03,0.05958942626789645,0.020858431030242323,-0.034420510286275366,0.0720300162440513,0.02700187935568578,0.06089153778795609,-0.04187956606300982,-0.03873099523765412,-0.045028136888365516
2002-04,-0.04155894044436463,-0.044706215076736805,0.07992742417683572,0.11535149246657365,0.06164696112786961,0.0975599170783069,-0.02842590298553811,-0.003147274632372174,-0.053704531338704044
2002-05,-0.04816907343446721,-0.0556940827552161,-0.04892425373240579,-0.03897749999748001,0.008886284280531717,-0.035423412237832415,0.02016938747863142,-0.007525009320748885,0.047863784278011724
2002-06,0.00294821028775851,0.04722140735632077,0.00807332539436172,0.05024342533069736,0.09709614612609056,0.13844692778830578,0.045562958931977725,0.04427319706856226,0.0468527207953932
2002-07,-0.10302592407566166,-0.05953664302733274,-0.06336325216583466,-0.20222293265449143,-0.046344982947629586,-0.11259101834762925,0.0996836153775954,0.04348928104832892,0.15587794970686183
2002-08,0.016880097889081094,0.0702191858301371,0.06657285682666707,0.03015367084563102,0.002242109525469962,0.010337137774540617,0.012713763310447476,0.053339087941056004,-0.02791156132016106
2002-09,-0.09198088406221652,-0.04666537538551774,-0.06785655875968867,-0.06513652681180701,-0.034228793109923376,-0.05756855439778472,0.038111621189291206,0.045315508676698785,0.030907733701883634
2002-10,-0.058856974719046044,-0.02697057362263671,0.04429930700656701,-0.035702662352175125,-0.04009776345885898,-0.012487112764594329,0.01374564999486274,0.031886401096409334,-0.004395101106683855
2002-11,0.09761434707798308,0.059156508699834,-0.16612369786435704,0.09704967632267815,0.02401989748104144,0.0768900678502759,-0.055743808609892906,-0.03845783837814908,-0.07302977884163671
2002-12,0.2337284848894039,0.06109155391729072,0.02662357701813498,0.08970017688311854,0.023955822697159894,0.05529522535428947,-0.11919064257903592,-0.1726369309721132,-0.06574435418595864
2003-01,0.06509569808177909,-0.02217936481623025,-0.06209710115790771,-0.07143683880233906,0.012740494519108204,-0.022400552134867833,-0.001548864788281039,-0.08727506289800935,0.08417733332144726
2003-02,0.029272050986333332,0.03055802952255825,0.011570162724726276,-0.005522245582324008,0.010658395454163097,0.01883390948332171,0.00873330978635601,0.0012859785362249188,0.016180641036487104
2003-03,-0.06699150294661615,-0.06303319193136492,-0.09138938947700016,-0.1365931579025018,-0.07155563972102405,-0.09621677284347438,0.03449791459836449,0.003958311015251237,0.06503751818147774
2003-04,-0.030332493983026478,0.01708937526398122,-0.08593307506709696,0.10378006232567319,0.07081601743575296,0.07318658552453759,0.007228912178543732,0.0474218692470077,-0.03296404488992023
2003-05,0.1925010716689349,0.1301153191147828,0.12099097109188867,0.2788075432264175,0.1706080154437837,0.21283206378586242,-0.08529264016839294,-0.0623857525541521,-0.10819952778263378
2003-06,0.16396972358916703,0.09172894734626082,0.14819506834221832,0.16171720487659022,0.07592648358748698,0.11958426813636619,-0.07901574876600473,-0.07224077624290622,-0.08579072128910324
2003-07,0.07308765251535326,0.05563514786931446,0.050538316249019874,0.08705974175348595,0.11188363488899913,0.06620168024042646,0.003685694244737178,-0.017452504646038806,0.024823893135513184
2003-08,0.4313985424007514,0.12835296594497775,0.14381541886970647,0.15706192842436467,0.1262567799826662,0.13424645077151293,-0.16692536244873601,-0.3030455764557736,-0.03080514844169846
2003-09,-0.031199170955991343,0.04151228431034534,0.03644618583532234,0.013540537803812624,0.027189298121523698,0.06245043953731005,0.04318010779202388,0.07271145526633668,0.013648760317711074
2003-10,-0.0023091915290899155,0.08477163902527116,0.07682561718739889,0.03771314734161285,0.07783828293537468,0.0918657918422936,0.06360298307406145,0.08708083055436107,0.040125135593761824
2003-11,-0.0358418863188201,0.019878746659987317,0.05308828462088801,0.13478420709764222,0.08946577465636997,0.13482204966816613,0.005201100268767585,0.055720632978807416,-0.04531843244127225
2003-12,0.17087618453448242,0.16875430256610421,0.2072477234753747,0.21552347954596912,0.20834183113584012,0.2056486878771403,-0.004651765189253615,-0.002121881968378203,-0.007181648410128999
2004-01,-0.06548619740519737,-0.023074394625353375,-0.041517636687948146,-0.09401301920907376,-0.06001958288341324,-0.07199283630950554,0.03820261955275226,0.04241180277984399,0.03399343632566052
2004-02,-0.07714648757011032,0.00048081790563049125,-0.01338616097928464,-0.04818880025306018,-0.02132309901245554,-0.0020269871897435295,0.05224650335817272,0.07762730547574082,0.02686570124060464
2004-03,-0.14927340368051215,-0.012112119811062402,0.06518271827527077,-0.009824327491292903,-0.018016302844983262,-0.033171386890860244,0.06448465425787969,0.13716128386944976,-0.008191975353690359
2004-04,0.0568335326252751,0.018538569445208458,0.019911340019209644,0.07943097612306078,0.09343748802414759,0.07670635442756592,-0.012144225639489928,-0.03829496318006664,0.014006511901086802
2004-05,-0.15568799656668844,-0.1664573401998915,-0.21820435004201416,-0.19207256131357894,-0.13491541056209314,-0.1454662513707461,0.02319390355914136,-0.01076934363320306,0.05715715075148581
2004-06,-0.1604345640673267,0.006563450276229162,0.05009191465042381,0.030709658274271082,0.019216950375028505,0.012545299738188442,0.07775265322215665,0.16699801434355585,-0.011492707899242578
2004-07,0.28302166829734277,0.06418897118067822,0.09340900644094345,0.1610246089203143,0.049512577220752925,0.0835814810720069,-0.16517236440811298,-0.21883269711666453,-0.11151203169956139
2004-08,-0.07092839520834329,0.01189360438468278,-0.004630510647951476,0.05080878966484481,0.08753028513127448,0.07778960732956403,0.05977174752972787,0.08282199959302608,0.036721495466429666
2004-09,0.11243665202378032,0.07607570145585282,0.0729946867382529,0.11969681754663015,0.07611946992089243,0.07277076410255555,-0.03996914909683261,-0.0363609505679275,-0.04357734762573773
2004-10,0.03890976319983671,0.017972901178787394,0.025284712798599927,0.04865037871033918,-0.004184690122401977,-0.012106590285664262,-0.036885965426895234,-0.020936862021049316,-0.05283506883274115
2004-11,0.12251081917672746,0.10739831350144724,0.05049198317841458,0.14510388692078757,0.13369477694952192,0.12177771717484899,-0.013260807823272935,-0.015112505675280219,-0.011409109971265652
2004-12,0.13868220598449205,0.04870245971020648,0.105134425921346,0.14031276403533227,0.11463050594776754,0.150712022655712,-0.057831002180925156,-0.08997974627428557,-0.025682258087564733
2005-01,0.07086213237388432,-0.012831554891342203,-0.028955944424238482,-0.0038681667042524963,0.0023003135073054685,-0.031344941124248724,-0.03876260352683428,-0.08369368726522652,0.006168480211557964
2005-02,0.06403417231451966,0.022003031814093476,0.03796843657975862,0.055171293250877454,0.04431668773993425,0.04615370168478642,-0.026442873005684694,-0.04203114050042618,-0.0108546055109432
2005-03,-0.04886507448137817,-0.01732763116262284,-0.07897627135641022,-0.008397993115039882,-0.008242253966819145,-0.0185347259207567,0.01584659123348803,0.031537443318755326,0.00015573914822073626
2005-04,-0.1784445328538495,-0.05908426189483271,-0.032487020629355975,-0.027837111439570756,0.0016370319622898905,0.004947811579212839,0.07441720718043873,0.1193602709590168,0.029474143401860647
2005-05,0.08539036832342436,0.09963488552470813,0.07204907662915798,0.08157764961540724,0.08680401971212472,0.07678883547063163,0.009735443649000627,0.014244517201283766,0.005226370096717475
2005-06,-0.03340261089454184,0.09747510390534313,0.01903989463145205,-0.002069270886101898,0.039070341022126705,0.004924422594294663,0.0860086633540568,0.13087771479988497,0.0411396119082286
2005-07,0.1262475573944185,0.025652123426705257,0.10568590685438342,0.16074113659389172,0.09033745218562296,0.11593395755038384,-0.08549955918799101,-0.10059543396771325,-0.07040368440826876
2005-08,0.07475399946599713,0.021761589142876785,0.03950850117591776,0.0804002152725438,0.08576587773280483,0.10253974232052666,-0.023813373931429654,-0.05299241032312035,0.005365662460261031
2005-09,-0.016457131430509146,0.09728255216600376,0.09756949235182462,0.04607684371740866,0.03935255944486132,0.04753762678769593,0.05350769966198279,0.1137396835965129,-0.006724284272547343
2005-10,-0.1257852434419571,-0.07181252754187596,-0.13710339595275137,-0.12716546674232934,-0.0627389871039356,-0.09633357535333889,0.059199597769237444,0.05397271590008114,0.06442647963839374
2005-11,0.15959058897813072,0.11798953317577422,0.11563652326112553,0.11678387357829044,0.11235257821843393,0.11131714037173217,-0.02301617558110651,-0.0416010558023565,-0.0044312953598565075
2005-12,0.07391639643660054,0.08605032151278955,0.051881131263144274,0.05234445915160554,0.06662168402475138,0.05993347919414234,0.013205574974667428,0.012133925076189003,0.014277224873145845
2006-01,0.15842616687633024,0.10087708920528594,0.04125420314225245,0.04312172765518328,0.04881291313779836,0.07012808634320082,-0.025928946094214603,-0.057549077671044294,0.005691185482615081
2006-02,0.036063673503346834,0.0002611619998981781,0.08106535334183518,0.01347431358477637,0.017273188442750224,0.01861855898284618,-0.0160018183227374,-0.03580251150344865,0.003798874857973854
2006-03,0.1956059717097798,0.10493422470713822,0.09384895187766523,0.12971681118005168,0.061179912834478885,0.10523295063351905,-0.0796043226741072,-0.09067174700264159,-0.0685368983455728
2006-04,0.39662334723093,0.038632427405360825,0.03353835008449316,0.10120144393656441,0.052246097558141705,0.08838219266466212,-0.20347313310199597,-0.3579909198255692,-0.04895534637842271
2006-05,-0.12623249436383985,-0.12596440110648924,-0.16404691347486547,-0.11414032277194375,-0.11461633066460541,-0.1427316782076519,-0.00010395731765552862,0.00026809325735061007,-0.0004760078926616673
2006-06,-0.04972777301104702,0.01429897116989152,0.007280757046246078,-0.13622334067980918,-0.09172462402930004,-0.09539331887059285,0.054262730415723846,0.06402674418093854,0.04449871665050914
2006-07,-0.058139473412574784,-0.0020703250901463145,0.01819972474096594,-0.03166511567341358,-0.005521434129020099,-0.00504675921810243,0.04110641493341098,0.05606914832242847,0.026143681544393484
2006-08,0.07675483028190318,0.08950793962642078,0.06738125113031927,0.12586831692170058,0.11082826317283699,0.12038472637214533,-0.0011434722021729793,0.012753109344517607,-0.015040053748863594
2006-09,0.09958949825210917,0.041234928561023794,0.054161942923097686,0.08349784333356569,0.07816654574925926,0.08774299178534155,-0.0318429336376959,-0.05835456969108537,-0.005331297584306435
2006-10,0.1609873200868469,0.0627522778509205,0.016384085412584824,0.04705389806970971,0.03133382005915154,0.0522164103490662,-0.056977560123242295,-0.09823504223592641,-0.015720078010558164
2006-11,0.023546886000428632,0.08394538210054871,0.030711528567716573,0.08325454416039708,0.02451379039997126,0.03471950512184092,0.0008288711698471243,0.060398496100120075,-0.058740753760425826
2006-12,-0.04148415025402108,0.003488908820862048,0.013219089628893512,0.036152386381605534,0.015887948178753514,0.01997019916905028,0.012354310436015554,0.04497305907488313,-0.02026443820285202
2007-01,-0.021984199775729803,0.03745153020876958,0.02178206993328896,0.03817229703069073,0.041145286062058764,0.054623590723568864,0.03120435950793371,0.059435729984499384,0.0029729890313680354
2007-02,-0.11665805945289165,-0.07057370080239357,-0.08440937026740716,-0.10452439735563977,-0.0646840395588487,-0.08800475960847369,0.04296235822364458,0.04608435865049808,0.03984035779679107
2007-03,-0.0625079900144743,0.03419949780633678,0.018772341339325344,-0.014655651612552346,-0.004557583634187935,-0.01097382991721469,0.05340277789958774,0.09670748782081107,0.01009806797836441
2007-04,0.10628804237166085,0.0554644719196177,0.09795955611429269,0.07593893349653201,0.06987240875147331,0.08968393363290893,-0.028445047598550932,-0.05082357045204315,-0.006066524745058699
2007-05,0.09475208648506273,0.030711702800589814,0.07806853065957621,0.08536124667648361,0.06079766784371347,0.08546449696486826,-0.04430198125862152,-0.06404038368447292,-0.02456357883277014
2007-06,-0.03238607716411224,-0.020495794507380174,0.06182641511941847,0.06696982166185736,0.02148061100237102,0.03859569909100383,-0.016799464001377138,0.011890282656732063,-0.04548921065948634
2007-07,0.0976813964391921,0.061532440313786886,0.028405677556325455,0.025914175799977703,0.03351317605645884,0.04686061060283172,-0.014274977934462044,-0.03614895612540522,0.00759900025648114
2007-08,-0.057895203004774735,-0.009326907684491159,0.01881355400848242,-0.022459004810522685,-0.021320220315726904,-0.022508571049775414,0.02485353990753968,0.048568295320283575,0.001138784494795781
2007-09,0.15132668230370214,0.11171372467557707,0.1714104196928162,0.14874438906631318,0.08581287107820428,0.1390459199005663,-0.05127223780811699,-0.03961295762812507,-0.0629315179881089
2007-10,0.8328751471157738,0.17525267169777864,0.1759947609144766,0.10055206976154554,0.044144987513775304,0.14413229849667783,-0.3570147788328827,-0.6576224754179951,-0.05640708224777024
2007-11,-0.18904466052152405,-0.0322722055724158,-0.000809321956664087,0.0881586885703405,0.02490306627160436,0.06552624848445025,0.046758416325186056,0.15677245494910824,-0.06325562229873613
2007-12,0.22719434819544937,0.05177287183366703,0.06560598574993248,0.1705651659376803,0.1307189925456127,0.1485266651340467,-0.107633824876925,-0.17542147636178235,-0.03984617339206761
2008-01,-0.2144083973828472,-0.1521295410795759,-0.19589367375159317,-0.23801922679503004,-0.15724214098797548,-0.20922393077063095,0.07152797105516293,0.06227885630327129,0.08077708580705456
2008-02,-0.03186528012127084,0.020421439830037108,0.004674140030005677,0.0034455912684246215,0.015742550056082966,-0.011608220608933847,0.03229183936948315,0.05228671995130795,0.012296958787658345
2008-03,-0.15839437410313786,-0.09305334591872828,-0.11901275388785665,-0.17741721843734393,-0.07739709654311742,-0.1521267964136272,0.08268057503931803,0.06534102818440958,0.1000201218942265
2008-04,0.23220403459315456,0.09650108170403494,0.1138528155840834,0.18941515563755365,0.06470654401169199,0.10700557974351059,-0.13020578225749063,-0.1357029528891196,-0.12470861162586167
2008-05,-0.13760637037231216,-0.02936781700608897,-0.07911095973541031,-0.05285155900918331,-0.03417626346184831,-0.062480779512841186,0.0634569244567791,0.10823855336622319,0.018675295547335005
2008-06,-0.28960530654264405,-0.14185032582133653,-0.19872650949521872,-0.23441933365531903,-0.1520779687756615,-0.206790967638522,0.11504817280048257,0.14775498072130752,0.08234136487965754
2008-07,0.15487214027542548,0.04888268672732249,0.09764283262182649,0.11535611996587238,0.03000267670274877,0.06531674822538687,-0.09567144840561331,-0.10598945354810299,-0.08535344326312361
2008-08,-0.018470266967878634,0.02587151786245781,-0.011667323559274202,-0.026879259137549707,0.056852031842394644,0.02566334808932359,0.0640365379051404,0.04434178483033645,0.08373129097994435
2008-09,-0.22731452982045358,-0.10413303513319984,-0.09649914205368303,-0.19131170550927984,-0.09281810508615786,-0.1460527008028677,0.11083754755518786,0.12318149468725374,0.09849360042312198
2008-10,-0.350444296595525,-0.19898438921284642,-0.31585106786148454,-0.34302535722167526,-0.24101004508471432,-0.28504087866014255,0.12673760975981976,0.1514599073826786,0.10201531213696094
2008-11,-0.10582070243171422,-0.029823224024921054,-0.050617091065384666,-0.09862822582548579,-0.10215750616122705,-0.07596987206607184,0.03623409903552595,0.07599747840679316,-0.003529280335741264
2008-12,0.14561484205755615,0.04331142819063651,0.1955044286619936,0.20755861899056655,0.10712862406899913,0.13192424998817168,-0.10136670439424353,-0.10230341386691963,-0.10042999492156741
2009-01,-0.013856589021833588,0.017078682095103766,-0.09107089590596859,-0.11688530935321982,-0.05238577815315425,-0.08338813701650215,0.04771740115850146,0.030935271116937356,0.06449953120006557
2009-02,-0.06535446859353715,-0.010544432056649134,-0.07471734438072497,-0.07403089353680943,-0.03655757024709728,-0.062371144545965006,0.04614167991330008,0.05481003653688801,0.03747332328971215
2009-03,0.05436086533818621,0.08676185801311195,0.09331211550370885,0.08219109217527015,0.07569324069235842,0.06494014503984323,0.012951570596007003,0.032400992674925744,-0.006497851482911737
2009-04,0.17295973600794906,0.1351521978904136,0.16638554973714384,0.2917478983742686,0.12348473717616108,0.18611678672126528,-0.10303534965782149,-0.037807538117535455,-0.16826316119810752
2009-05,0.716704618119083,0.1915436134461261,0.35140789237601566,0.5875896028094023,0.2513931019306142,0.44857674031279865,-0.43067875277587253,-0.5251610046729569,-0.3361965008787881
2009-06,0.027844542865458868,-0.033068896041872485,-0.0705673564410259,-0.012302046720471355,0.034603522576651974,0.020578364265891755,-0.007003934805104012,-0.06091343890733135,0.04690556929712333
2009-07,0.015233001767342956,0.08562453235544622,0.06366417130066154,0.06492126683479477,0.12065749953739602,0.1138436609158609,0.06306388164535225,0.07039153058810327,0.05573623270260125
2009-08,0.0022503564666906456,0.02121613092873672,-0.004678780171336461,0.09127096706378264,0.015531360235954614,0.057784005221300824,-0.02838691618289097,0.018965774462046073,-0.07573960682782803
2009-09,0.08647302501403885,0.07816611120030208,0.07371217754129834,0.06336831172133928,0.08120478431062891,0.09089691155281238,0.004764779387776419,-0.008306913813736772,0.017836472589289637
2009-10,-0.12380394093745722,-0.055665139346323514,-0.11454835954917172,-0.09355211872066772,-0.0052769548802266385,-0.039039222778875705,0.07820698271578738,0.06813880159113371,0.08827516384044108
2009-11,0.16655440218418374,0.05359277002081585,0.0712121655149089,0.07546716643924556,0.0682393628725882,0.07951790495449156,-0.06009471786501263,-0.1129616321633679,-0.007227803566657365
2009-12,0.024769625947982703,0.034703999062705514,0.057791335766193754,0.05775022685139442,0.053165235600989846,0.0501883659025926,0.002674690932159121,0.009934373114722811,-0.004584991250404576
2010-01,0.015472324089003248,-0.0507260410545693,-0.04948631907764415,-0.035958428177970736,-0.019193857901374324,-0.0025221043163197996,-0.024716897433488066,-0.06619836514357255,0.016764570276596412
2010-02,-0.06834621906846679,-0.010425502038647108,0.025379892476224172,-0.032590498159795186,0.016675693345845503,-0.010251511859125454,0.053593454267730184,0.05792071702981968,0.04926619150564069
2010-03,-0.11393543617977475,0.06445131648346634,0.04271013972703428,0.024103567164854702,0.06290615797194467,0.061758306761471746,0.10859467173516553,0.1783867526632411,0.03880259080708996
2010-04,-0.0043311683641658865,-0.00445223118689174,0.0008184387284591505,0.058545653574803125,0.02719654168064312,0.0460732366742979,-0.01573508735844293,-0.0001210628227258535,-0.03134911189416001
2010-05,-0.09627203325630967,-0.014560992666175547,-0.04578581513463849,-0.08844600154752183,-0.016324446715901657,-0.044368129405673654,0.07691629771087716,0.08171104059013412,0.07212155483162017
2010-06,0.018378817357192594,0.041380922135956726,0.054721620089706,0.058856009192613405,0.061377301469443146,0.05547458169631483,0.01276169852779694,0.023002104778764132,0.002521292276829741
2010-07,-0.01383522013979172,-0.00655488447912572,0.06340380056554738,0.029402406828187934,0.020466401849254176,0.03173323468533668,-0.0008278346591338789,0.007280335660666,-0.008936004978933758
2010-08,-0.023059466742510384,-0.022811982038448725,0.03348823826759101,0.031069898462191877,0.019586506895007714,0.01873568010376619,-0.005617953431561252,0.00024748470406165887,-0.011483391567184163
2010-09,0.10796525861924933,0.09892088869906268,0.0980737512450355,0.05977870524090984,0.07181908276135053,0.07185274833356171,0.001498003800127018,-0.009044369920186646,0.012040377520440688
2010-10,-0.010807555396935453,-0.020383115261676337,0.02996507510238896,0.010999320643926535,0.02294150489222875,0.012970427786777613,0.0011833121917806657,-0.009575559864740884,0.011942184248302215
2010-11,-0.06394639343357401,-0.02769163667149644,-0.06855559203807016,-0.08472910977803447,-0.03306553504308807,-0.07557254733403117,0.043959165748512,0.036254756762077574,0.0516635747349464
2010-12,0.12925415892691056,0.02789904590672115,0.030908001907999014,0.02603843555833317,0.005327566595374804,0.006416022633217356,-0.061032990991573895,-0.1013551130201894,-0.020710868962958366
2011-01,-0.09102886133976391,-0.07817178530368517,-0.12048595675403569,-0.11807337886499981,-0.09504841724369606,-0.10674907644118224,0.017941018828691244,0.012857076036078746,0.023024961621303755
2011-02,-0.041298273724115084,-0.04256606189270991,-0.006699792228057668,-0.07582154566604979,-0.06772184218935282,-0.05550191432400502,0.0034159576540510744,-0.0012677881685948245,0.008099703476696973
2011-03,0.06460941834711595,0.07962875461476901,0.08493213089003024,0.10272315733117764,0.07435531682318988,0.08220361083338391,-0.00667425212016734,0.01501933626765306,-0.028367840507987754
2011-04,0.004835075877651638,-0.008380373420330945,-0.01937342385349465,0.0374743022962594,0.026962916307154184,0.020580030397766815,-0.0118634176435439,-0.013215449297982584,-0.010511385989105216
2011-05,-0.028130818040835205,-0.03975848730153197,-0.024807439557770348,-0.023363483906200497,0.0003626854386679054,-0.03011793464243939,0.00604925004208582,-0.011627669260696763,0.023726169344868403
2011-06,-0.014005090332549017,0.030256395151222575,-0.00822852333368043,-0.0007732529421724636,-0.0064672596598384004,-0.019416544050868463,0.019283739383052827,0.044261485483771595,-0.005694006717665937
2011-07,0.015010192715165365,-0.036411216285747304,-0.02936273124225812,-0.021173058031934394,0.010881910216277558,-0.0008542078838319561,-0.009683220376350356,-0.05142140900091267,0.032054968248211954
2011-08,-0.18798763372452262,-0.08093081954417229,-0.07170699065785938,-0.1463267703431222,-0.06216216294451368,-0.08821844129288316,0.09561071078947941,0.10705681418035033,0.08416460739860851
2011-09,0.09432436202280056,0.0013394738862424094,-0.014934569584195315,-0.028594145051899195,-0.01609120396468968,-0.01920952237630556,-0.04024097352467432,-0.09298488813655816,0.012502941087209514
2011-10,0.10101019525225952,0.04567481206014685,0.0691203473635346,0.05379650895181123,0.02303076762833557,0.03164264643971097,-0.04305056225779416,-0.05533538319211267,-0.030765741323475655
2011-11,-0.07492814872406497,-0.07121198438504281,-0.10850640392412865,-0.13204781692738818,-0.08260240244846226,-0.08893090968924891,0.026580789408974043,0.0037161643390221655,0.04944541447892592
2011-12,-0.07410441771452246,-0.03268500905703999,-0.06042361054441287,-0.10151379912891315,-0.06487752790900823,-0.08047040290572,0.03902783993869369,0.04141940865748247,0.03663627121990491
2012-01,0.2678804916993894,0.08886519865844943,0.13785316992518556,0.2493500674981414,0.1032279268723699,0.1853725485166769,-0.16256871683335575,-0.17901529304093994,-0.1461221406257715
2012-02,0.04990347159157066,0.037562240989011085,0.04127989060700664,0.08818016227866833,0.05384567256809917,0.07557015293451484,-0.02333786015656436,-0.012341230602559573,-0.03433448971056916
2012-03,-0.05346307776799542,-0.029075910281536842,-0.020362759837927676,-0.03903185081341451,0.016036285495894188,-0.002361984768309215,0.03972765189788363,0.02438716748645858,0.05506813630930869
2012-04,-0.0033773213312561865,0.004586149591986039,-0.025737371983473156,-0.029504280979292967,-0.00273123649029359,-0.012286395087240722,0.0173682577061208,0.007963470923242226,0.02677304448899938
2012-05,-0.14090245095441567,-0.041749739267428004,-0.06788033854482492,-0.11087687860510052,-0.030400249397548453,-0.06276092530708514,0.08981467044726987,0.09915271168698767,0.08047662920755207
2012-06,0.04367181328915168,0.05953177160274919,0.07988030040101358,0.09935701518200785,0.034806512576292935,0.053844668560688765,-0.0243452721460587,0.01585995831359751,-0.0645505026057149
2012-07,-0.04718610586289881,0.004344065946072564,-0.02020876973598962,-0.04703054112760837,0.029648374565053603,-0.02150362629546679,0.06410454375081667,0.05153017180897137,0.07667891569266197
2012-08,-0.04217644094083208,0.02242509528027965,-0.017890105269294757,-0.05388483819072596,0.025751004062565603,-0.014265718315013085,0.07211868923720165,0.06460153622111173,0.07963584225329157
2012-09,0.06773821402558937,0.037789141581096954,0.1089831707373876,0.1773035407464875,0.037452243424912934,0.12166748371503397,-0.08490018488303348,-0.029949072444492415,-0.13985129732157456
2012-10,-0.030679090654019883,0.001137854383128102,-0.035816258404316424,-0.033567274988049796,0.013243964293591063,-0.014549496823146798,0.03931409215939442,0.031816945037147985,0.04681123928164086
2012-11,0.02405757936158741,0.04362742276363863,0.016119782522743976,0.07361241467103237,0.026849075562813903,0.039770836149305544,-0.013596747853083624,0.019569843402051222,-0.04676333910821846
2012-12,0.046269652070757845,-0.017808683120758374,0.04151200779547465,0.03596901532209928,0.03500674894973742,0.042479795352717294,-0.03252030078193904,-0.06407833519151622,-0.0009622663723618599
2013-01,-0.0576346726020452,0.03984760626858246,0.04321266833550352,-0.002080176030988663,-0.013586161365567988,-0.016407727361107176,0.04298814676802417,0.09748227887062766,-0.011505985334579326
2013-02,-0.12227931927274685,-0.03639451811590784,-0.09256439130534129,-0.14239887946180757,-0.036884913930287026,-0.08491463986119718,0.0956993833441798,0.08588480115683901,0.10551396553152054
2013-03,-0.11542842498604577,0.0008238086841219393,-0.02463002139306584,-0.054644161767357056,-0.0005338416898883346,-0.03364442769316308,0.08518127687381823,0.11625223367016771,0.05411032007746872
2013-04,-0.04462789931771674,0.040109789414784304,0.029733905193112056,0.09280089852765004,0.02399067956036459,0.03725087541329422,0.0079637348826078,0.08473768873250104,-0.06881021896728545
2013-05,-0.0586064275327755,0.02071559109634722,-0.01114425862178694,-0.04530261019446807,0.037718781306851246,0.006638380138825864,0.08117170506522102,0.07932201862912272,0.08302139150131932
2013-06,-0.07975741359093695,-0.01835037987133525,-0.024626340857099912,-0.12579044170267617,-0.04287046995038459,-0.06239629338530573,0.07216350273594666,0.0614070337196017,0.08291997175229157
2013-07,-0.06831296495758209,0.014239717117973892,-0.021318841869989513,-0.1257318428328166,-0.030118408007531353,-0.06477284985808497,0.08908305845042061,0.08255268207555598,0.09561343482528525
2013-08,-0.11342782106689918,-0.020795960503000158,-0.03148664828616152,-0.07199608943509524,-0.026718383654009942,-0.038714370006741175,0.06895478317249215,0.09263186056389902,0.045277705781085295
2013-09,0.10258683870950501,0.06847795320806821,0.01712632231461981,0.0792446634337206,0.040593292208798405,0.07341445632023291,-0.0363801283631795,-0.0341088855014368,-0.03865137122492219
2013-10,0.13527332104085987,0.04653770825701985,0.09879142342625519,0.13275582965144403,0.031989725978008796,0.09242437695635647,-0.09475085822863764,-0.08873561278384003,-0.10076610367343523
2013-11,-0.009793356104050419,-0.03487429609164079,-0.012980443473857631,0.00984186761658643,0.03127112774690533,0.023950250656897865,-0.0018258399286357353,-0.025080939987590374,0.0214292601303189
2013-12,0.07677626450114335,0.008490332529225968,0.032069358963390394,0.056875118117110414,0.06315021311749057,0.04254828213684355,-0.031005418485768613,-0.06828593197191737,0.006275095000380156
2014-01,-0.12030112552567218,-0.025614671122197702,-0.01596824795118392,-0.10202860052533388,-0.061782675515526186,-0.04926991191212279,0.06746618970664109,0.09468645440347448,0.0402459250098077
2014-02,-0.016260752936150993,0.015100767530967249,0.026557647628367147,0.03633004415694233,0.02866559358615329,0.029733275369338667,0.0118485349481646,0.031361520467118244,-0.007664450570789044
2014-03,0.1909764208342101,0.09365817340890238,-0.000919674448336718,0.1582841259375175,0.07191131572112816,0.11410005012612598,-0.09184552882084851,-0.09731824742530772,-0.08637281021638935
2014-04,-0.016713501483526752,0.00858117243602777,0.0030235836691696666,0.028004862936992215,0.013007578831916293,0.009405367283956984,0.0051486949072393,0.02529467391955452,-0.014997284105075922
2014-05,0.24120112796438603,0.07890414745928145,0.07744224536483867,0.24003739855490805,0.10023541339485756,0.15993926515492293,-0.15104948283257755,-0.16229698050510458,-0.1398019851600505
2014-06,0.037385287216987195,0.05767910400001976,0.05701030108903112,0.09515988105410667,0.07964608942809699,0.10166586341772728,0.002390012578511444,0.02029381678303256,-0.015513791626009674
2014-07,-0.022795923109134936,0.046039055096342034,-0.02578223895687664,-0.06662445994343068,0.021695318288340096,-0.019946477416557983,0.07857737821862387,0.06883497820547697,0.08831977823177077
2014-08,0.003134008397493019,0.03732809966971029,0.031996629329403455,-0.025404431044653532,0.041372809887905586,0.012472997892403474,0.0504856661023882,0.03419409127221727,0.06677724093255911
2014-09,-0.060370881739002964,0.017434783278325244,-0.007364211135524353,-0.03796334154830425,0.06823378303538429,0.012839637605259316,0.09200139480050837,0.0778056650173282,0.10619712458368853
2014-10,-0.02422274996355219,0.0066799133526605535,0.08837574990376704,0.08318131675722142,0.03060702332901783,0.028072226549903375,-0.010835815055995419,0.030902663316212744,-0.052574293428203585
2014-11,-0.07428235771424213,0.008856843890643366,0.04112478280171545,0.03026711259242066,0.04508551211987047,0.04236706505667786,0.04897880056616766,0.0831392016048855,0.014818399527449809
2014-12,-0.029445058209119336,-0.03745823527425759,-0.010927769831100458,0.005215705254813474,0.017002740390034365,0.007862028073348829,0.0018869290350413195,-0.008013177065138252,0.011787035135220891
2015-01,0.0990864666852324,0.060459958221783884,0.041337707281782134,0.04030032130421697,0.05095720109273188,0.03140134270389613,-0.013984814337466803,-0.03862650846344851,0.010656879788514907
2015-02,0.018645052914134274,0.012362012253842512,0.019359580913937812,-0.0012795520471782311,0.006688124457737084,0.01385010956386315,0.000842317922311776,-0.006283040660291762,0.007967676504915314
2015-03,-0.1041060638770079,-0.028084141522986356,-0.02867948035540726,-0.044623247559645154,0.0038761961500075126,-0.021574284415078394,0.0622606830318371,0.07602192235402154,0.048499443709652666
2015-04,0.05926476376459027,-0.03544612003171171,-0.02576669656401326,-0.04031661641359236,-0.02789047586164609,-0.006657662351552504,-0.041142371622177855,-0.09471088379630198,0.012426140551946272
2015-05,-0.0021200977524817354,0.04232392233458063,0.03379181611170447,0.013035872313869087,0.03354720793183174,0.022994460787035334,0.03247767785251251,0.044444020087062365,0.020511335617962652
2015-06,-0.0548417748310575,-0.00463156760990377,-0.011922465446855296,-0.040745907657595525,0.010381126660858499,-0.02554678266745002,0.05066862076980388,0.050210207221153734,0.05112703431845402
2015-07,0.10089962837908262,0.008708204309752117,0.024564709228376603,0.07492550430819195,0.054629187243476235,0.040896024787173114,-0.05624387056702311,-0.09219142406933051,-0.020296317064715713
2015-08,-0.11614077139464857,-0.0599003272346976,-0.06365307764468225,-0.08724651754347412,-0.04102609741111261,-0.061261994932548365,0.051230432146156246,0.05624044415995097,0.046220420132361516
2015-09,-0.13346055953878697,-0.0030617939183617553,-0.022451131737399058,0.026579046649301684,0.004188093023591849,0.003112154109292836,0.05400390599735769,0.1303987656204252,-0.022390953625709836
2015-10,0.03132112111371175,0.00853964753152465,0.018711817581792977,0.018152421925154302,0.011996235937106815,0.026326449228313138,-0.014468829785117293,-0.0227814735821871,-0.006156185988047487
2015-11,-0.08799254996371099,-0.030363803825220508,-0.006719026901959713,0.03233126626028287,-0.003178813841185922,0.006849071388806592,0.011059333018510847,0.05762874613849048,-0.03551008010146879
2015-12,-0.06344325972550766,0.014027631003437388,0.00035149380050868324,0.023204111885249887,0.008042222591292995,0.010656140052995674,0.031154500717494076,0.07747089072894504,-0.015161889293956891
2016-01,-0.11495652111151003,-0.04446686017386197,-0.044200134391680426,-0.10792817914964098,-0.06333943080446973,-0.0772512141323005,0.05753920464140966,0.07048966093764805,0.04458874834517125
2016-02,-0.07100354383825085,-0.10106451781938824,-0.04348184293194741,-0.11832770216948595,-0.07209464065722854,-0.08285264279258706,0.008086043765560005,-0.0300609739811374,0.04623306151225741
2016-03,0.16907721059780398,0.11520206612031376,0.07457574338599567,0.1556658527543986,0.12379468404959044,0.1034478937475222,-0.042873156591149195,-0.053875144477490214,-0.03187116870480815
2016-04,0.015572579922573208,0.016097377540438093,0.006093616414659328,0.04083772313659067,0.03708760491874931,0.03754573826506008,-0.0016126602999882375,0.0005247976178648847,-0.0037501182178413597
2016-05,0.027749825850912804,0.029988056300430724,0.026962402898036003,-0.015471835552047364,0.02434705357500318,0.01496462892077012,0.021028559788284232,0.00223823044951792,0.03981888912705055
2016-06,0.0026913575575213677,0.028809324923764014,0.03454027945012443,0.06450058993482957,0.03691966845901606,0.05956094457249841,-0.0007314770547854343,0.026117967366242646,-0.027580921475813515
2016-07,0.09082754363445526,0.038485335903966536,0.05688550960536377,0.0705498327336888,0.04444332614734165,0.07429248463528434,-0.03922435715841793,-0.05234220773048873,-0.026106506586347146
2016-08,0.08776935641461277,0.008446598525396143,0.02394881916941219,0.024322812639498228,0.029282241072346362,0.03419206161246059,-0.037181664728184245,-0.07932275788921662,0.004959428432848134
2016-09,-0.00229908286364776,-0.024636482254986748,-0.00033323599489978704,-0.004695706174545554,0.0032993721612944674,-0.0022530950419876314,-0.007171160527749484,-0.02233739939133899,0.007995078335840022
2016-10,0.08560598585344903,-0.0023530730339042425,0.031511466341880026,0.05515041044407545,0.015711994908774517,0.043510860769654366,-0.0636987372113271,-0.08795905888735327,-0.03943841553530093
2016-11,-0.07070026158259583,-0.048089193024715274,-0.02638719641032584,-0.06268332856461616,-0.07019244600929223,-0.06251042096119742,0.007550975556602245,0.02261106855788056,-0.0075091174446760695
2016-12,-0.02678507137416318,0.0019821442216209333,-0.006637777595668635,-0.046678824493436036,-0.027909968452770762,-0.024979537044852767,0.023768035818224693,0.028767215595784115,0.018768856040665274
2017-01,0.12151994083005724,0.03429287669410978,0.06510676682528081,0.10724807836352097,0.039635692631696945,0.09150395904121247,-0.07741972493388574,-0.08722706413594745,-0.06761238573182403
2017-02,0.07156578356919636,0.04275240825632114,0.02706430640294072,0.09105564538657634,0.039013612177966984,0.04814660644713485,-0.040427704260742284,-0.028813375312875228,-0.05204203320860936
2017-03,0.06991595823221355,0.029409753995312427,0.033581911378052685,0.04178676097009497,0.025472454632331665,0.04906560679020631,-0.028410255287332216,-0.04050620423690113,-0.016314306337763304
2017-04,0.00415392993760782,0.002442726330970444,0.032321457716917766,0.05941014025619157,0.03511020064179314,0.05081072630079929,-0.013005571610517904,-0.0017112036066373763,-0.024299939614398428
2017-05,-0.012812865957155911,0.04166476143678588,-0.018498462365907745,-0.02240637769482398,-0.023314068263193398,-0.017720901287637467,0.026784968412786186,0.05447762739394179,-0.0009076905683694167
2017-06,0.023514365982073585,-0.01460609803612804,-0.019477378422708688,0.016025499886566645,0.00693859008228007,0.011882086764481296,-0.0236036869112441,-0.03812046401820163,-0.009086909804286575
2017-07,0.1641072718647455,0.04792806749636222,0.07547612386571806,0.057798242295150515,0.027156478757133458,0.04717105677608597,-0.07341048395320017,-0.11617920436838328,-0.030641763538017057
2017-08,0.07493366958269085,-0.009371094510762866,0.01687930240595157,-0.008186184007920259,-0.014594267975081806,0.00013177282805805685,-0.04535642403030763,-0.08430476409345372,-0.006408083967161547
2017-09,-0.0029406453985292833,-0.013973484447159503,-0.014185264365636394,-0.022791228953403124,-0.00220103732880466,-0.0011990368176962806,0.004778676287984122,-0.01103283904863022,0.020590191624598464
2017-10,-0.038533780509523365,0.051876429343521865,0.1228726860635482,0.13343439381346395,0.04738325141791399,0.07895670575764771,0.002179533728747629,0.09041020985304524,-0.08605114239554995
2017-11,-0.037416610373153227,0.0033850875729084986,-0.049755641052904705,-0.004075758974853477,0.02552284488543816,0.01994173851526527,0.03520015090317668,0.04080169794606173,0.029598603860291638
2017-12,0.020348725551692003,0.026072451293137774,0.029739705684210298,0.053478143801887444,0.04769288330628998,0.04990415460945761,-3.07673770758507e-05,0.005723725741445772,-0.005785260495597466
2018-01,-0.006939462069804419,0.05496669382983186,-0.0012013424935602007,-0.02080138301018723,-0.012110724912816822,-0.022001892039368868,0.03529840699850335,0.06190615589963628,0.008690658097370407
2018-02,-0.027600128718202933,-0.03913942487024884,-0.03973472758967688,-0.06185210404040085,-0.024917774853139472,-0.032844568611209116,0.01269751651760774,-0.011539296152045905,0.036934329187261375
2018-03,-0.036544352166379995,-0.022757866662334026,-0.05188116278135705,-0.07212906240374323,-0.02583827620060972,-0.04643214245446226,0.030038635853589738,0.01378648550404597,0.04629078620313351
2018-04,0.02783866798006107,0.08475535160552819,0.03417104430999042,0.05074927295981354,0.0618057541311696,0.07516520793995371,0.03398658239841158,0.05691668362546712,0.011056481171356061
2018-05,-0.08982031998266515,0.012293888739572505,-0.002992842230827772,-0.059882612537322445,-0.03957303406765687,-0.060985456525945884,0.06121189359595161,0.10211420872223766,0.020309578469665572
2018-06,0.013485268676361427,-0.008761391675980747,0.0011747885825638031,-0.06565661271509285,-0.025716772569139162,-0.052433667073405944,0.008846589896805757,-0.022246660352342174,0.039939840145953684
2018-07,0.028996946935721604,0.0427917133123297,0.10485006366227338,0.035331419841985956,0.047813008718693845,0.04027685317833501,0.01313817762665799,0.013794766376608095,0.012481588876707889
2018-08,-0.0290549810658228,0.03903330547855035,0.046697951066751855,0.06012844200608045,0.04478503321799489,0.04575794275925376,0.02637243887814379,0.06808828654437316,-0.015343408788085565
2018-09,-0.10158020619218908,-0.07340201722498126,-0.03870573754513033,-0.1946220913927058,-0.10465657141112074,-0.1174412821245844,0.05907185447439646,0.02817818896720782,0.08996551998158507
2018-10,-0.07268187364753528,-0.046283664164726415,-0.08489135471433831,0.026773765273186884,-0.031688542773663474,-0.018607247324649624,-0.01603204928202074,0.026398209482808868,-0.05846230804685036
2018-11,,0.038290342963139594,0.06104081012607114,0.005873719796000203,0.03756257444838183,0.01563142142363113,,,0.03168885465238163
2018-12,,0.01110273206244872,-0.0072670000361406825,0.03384731397193213,0.01523240327636606,0.021697210432114644,,,-0.01861491069556607
2019-01,,-0.009374363548797815,0.008777316548161943,-0.07077380951576095,-0.03570518473900853,-0.04667889979781163,,,0.035068624776752426
2019-02,0.017328604751502236,0.003127333371862987,-0.00822083355016454,-0.027522817766305527,-0.0009243535534731819,0.0058716444724520814,0.006198596416596548,-0.014201271379639249,0.026598464212832344
2019-03,0.1777573744820573,0.05328113140938913,0.08664458850360703,0.1452678352291592,0.05312613873185227,0.07552040990439941,-0.10830896978498755,-0.12447624307266818,-0.09214169649730694
2019-04,-0.1794195851966666,0.0218673253207192,0.03563028551178546,-0.06584127089086923,-0.01736002424416323,-0.009989563667096076,0.12488407858204591,0.2012869105173858,0.048481246646706
2019-05,0.0882598588990835,0.007592574947564987,0.01363309425067847,0.01896154543649297,0.016439123973365107,-0.0054088472566364695,-0.04159485270732319,-0.08066728395151851,-0.002522421463127863
2019-06,-0.033351827781370705,-0.001990428797622951,-0.013474608072241712,-0.059530002587574994,-0.007323924705585434,-0.020627235892643016,0.04178373843286866,0.031361398983747756,0.05220607788198956
2019-07,-0.06339455470791672,-0.033633927233205234,-0.08485162680441133,-0.11859826171227111,-0.061548573400951115,-0.08527134906298767,0.043405157893015744,0.029760627474711483,0.05704968831132
2019-08,0.04086271559543052,-0.011726324420267933,0.008724769360475986,-0.03305104253485309,0.004507579856220815,-0.016686077080518828,-0.007515208812312274,-0.05258904001569845,0.0375586223910739
2019-09,0.23883159673524246,0.02896413871056511,0.07614454492663202,-0.02479708403687134,0.056426427840913625,0.03897720898050567,-0.0643219730734462,-0.20986745802467735,0.08122351187778497
2019-10,-0.007793490220937438,0.037616566504717924,0.05624537841183531,0.07367458262804946,0.03887005725480481,0.043152554392751674,0.00530276567620535,0.04541005672565536,-0.03480452537324465
2019-11,-0.015848923967291265,-0.009290212437180742,0.008710411524701209,0.035381185397228294,0.014041444622910593,0.015742419031353587,-0.007390514622103589,0.006558711530110523,-0.021339740774317703
2019-12,-0.0377744640626248,0.016006656687701834,-0.004461904605746928,-0.004941571897034719,0.00029848356820098805,0.0006423546292963498,0.02951058810778117,0.053781120750326636,0.005240055465235707
2020-01,-0.04299446357591033,-0.009929393296953812,-0.013863911429130167,-0.0029721465001836212,0.031042004917824165,0.04561297373288783,0.03353961084848215,0.03306507027895652,0.03401415141800779
2020-02,-0.11155501063887278,-0.04318282363520365,-0.05451659385013599,-0.13641652917724725,-0.027437877394872082,-0.0734183695195894,0.08867541939302215,0.06837218700366914,0.10897865178237517
2020-03,-0.3664868442549958,-0.161963139845818,-0.2826486866555086,-0.32284728556228487,-0.2178801838917013,-0.2750729235759832,0.15474540303988066,0.20452370440917778,0.10496710167058357
2020-04,0.06505855031162547,0.13281898379078563,0.09565256897792164,0.15598766567925337,0.13956691179007186,0.17559268218954888,0.02566983979498931,0.06776043347916016,-0.016420753889181516
2020-05,-0.1499040032138723,-0.009929936410566971,-0.04929102008398092,-0.026633328011888408,-0.007499278968802277,-0.005626300301034004,0.07955405792319573,0.13997406680330532,0.019134049043086132
2020-06,0.3513007560823801,0.04654902149312995,0.0919929438936466,0.18366762360424915,0.0781457152311269,0.13928567649380652,-0.2051368214811862,-0.30475173458925015,-0.10552190837312225
2020-07,0.12540613527045658,0.05727748582547425,0.10508407528427173,0.021500941490794075,0.030801799637239207,0.04535570977687553,-0.029413895649268593,-0.06812864944498233,0.009300858146445132
2020-08,0.018121588700905387,0.006171930739825837,0.05119906389132884,0.11341625457531301,0.034456083616177836,0.07577801181399492,-0.04545491446010736,-0.01194965796107955,-0.07896017095913518
2020-09,-0.046493584675537124,-0.0029936036526755066,0.03242219708058456,-0.046830702183566296,0.02000272198162791,0.005998178726864483,0.05516670259402791,0.043499981022861615,0.06683342416519421
2020-10,-0.011855923983136044,0.05804230963135392,-0.015578293800521342,0.0011171953862575289,0.005228368897442302,-0.001591873002434212,0.037004703562837374,0.06989823361448996,0.0041111735111847725
2020-11,0.41713529979973896,0.09321822093030353,0.03148600335584391,0.20617339330691475,0.0920008695025106,0.1326568029068651,-0.21904480133691978,-0.32391707886943544,-0.11417252380440415
2020-12,0.019744466322165845,0.08796124493490662,0.07009147181741628,0.08287169616075904,0.05907608596907861,0.07281335411462349,0.022210584210530182,0.06821677861274078,-0.02379561019168043
2021-01,-0.03208693354639621,-0.002485223667917121,-0.04126458821763405,-0.00360817940646465,-0.012022339125851385,0.019640986569758066,0.010593775079546178,0.029601709878479092,-0.008414159719386735
2021-02,0.13597105211223226,0.0023293288110154166,0.10713401773982982,0.22654963441750228,0.033884162365224665,0.1203399702444947,-0.16315359767674725,-0.13364172330121685,-0.19266547205227763
2021-03,0.008336954565974455,0.0592081478478577,-0.017170269688429527,0.005597428178601725,0.03569054042922105,0.003907601630050276,0.04048215276625129,0.05087119328188325,0.030093112250619322
2021-04,0.05133290709546397,-0.00869102677986475,0.0022178851840183415,0.024156123500983527,0.015054191879806821,0.01553064398768757,-0.03456293274825271,-0.060023933875328714,-0.009101931621176706
2021-05,0.14605067636884855,0.05245342470215497,0.075108127606932,0.08272807026645387,0.07616597171088539,0.075304117871021,-0.050079675111131025,-0.09359725166669358,-0.006562098555568482
2021-06,-0.024978173394669394,0.02422427434923799,0.003355518197899937,0.052652296177224646,0.03480595175227065,0.05096454643950946,0.015678051659476694,0.04920244774390738,-0.017846344424953996
2021-07,-0.004050927105886699,-0.0014641869865456032,0.0013383199961689509,0.006610985027616473,0.029953590142309448,0.055488788312342364,0.012964672617017035,0.0025867401193410957,0.023342605114692973
2021-08,0.13962935597860554,0.11023681815688674,0.08772241100611516,-0.03610653644002206,0.01722926002255536,0.02420354855094777,0.01197162932042932,-0.0293925378217188,0.053335796462577426
2021-09,0.0074822398443875875,0.030540917906424013,0.04243509181911263,0.06665113221234605,0.028347102164887644,0.07596586275962428,-0.007622675992710989,0.023058678062036424,-0.0383040300474584
2021-10,0.03757327177838336,-0.02021652101285671,0.01120757512644285,0.01889750324330187,-0.0075080650259539035,-0.005829662823178154,-0.04209768053024793,-0.05778979279124007,-0.026405568269255775
2021-11,-0.019918375052035538,-0.020720667840139574,-0.0142306163232571,-0.039432100413726606,-0.021916714455581434,-0.01913822352778775,0.00835654658502057,-0.0008022927881040365,0.017515385958145172
2021-12,0.011886097576980252,0.029919132607688564,0.00941745993977796,0.03923478834044707,0.01920371774765513,0.03054761947298584,-0.000999017781041816,0.018033035030708314,-0.020031070592791942
2022-01,0.11267316412619968,-0.017607058085953007,-0.006141471898126428,0.011563083194825593,-0.02690877953126954,-0.013381970178788763,-0.0843760424691239,-0.13028022221215269,-0.03847186272609513
2022-02,-0.02280339374519796,-0.02343332277601934,-0.024024715739532135,-0.09197614909498053,-0.03921233526755093,-0.06234225823686523,0.026066942398304115,-0.000629929030821378,0.052763813827429604
2022-03,0.09360179142391009,0.0404936145735642,0.038791795667998015,0.06765792558396774,0.011864189408785471,0.036789492747404916,-0.05445095651276408,-0.05310817685034589,-0.05579373617518227
2022-04,0.17738022634674358,-0.008926959638100102,-0.02801704270308139,0.007534525567284311,0.02290688621707317,0.014655580019060234,-0.08546741266752741,-0.1863071859848437,0.01537236064978886
2022-05,-0.18132187392963497,-0.031019926694910143,-0.05664795818460328,-0.08624154185361113,-0.030260577713283943,-0.06030883299522675,0.103141455687526,0.15030194723472484,0.05598096414032719
2022-06,0.017517309836198532,-0.045067974544291324,-0.05952563592873303,-0.08145542281331694,-0.038353265464046125,-0.06529084811568805,-0.009741563515609522,-0.06258528438048985,0.043102157349270816
2022-07,0.1991401394761339,0.08024527828432414,0.09487573622206844,0.11701455056833385,0.0987073135143558,0.09990509605695766,-0.06860104912289389,-0.11889486119180977,-0.018307237053978048
2022-08,0.16482956796409345,0.04487002853170702,0.030923582364933817,0.05000027078286958,0.03624679320398863,0.07041587809714463,-0.0668565085056337,-0.11995953943238644,-0.01375347757888095
2022-09,-0.07816124248651204,-0.04699374360668766,-0.01761269356056304,-0.03488569425696389,-0.0068696715701564125,-0.005280407091214124,0.029591760783315928,0.031167498879824382,0.028016022686807477
2022-10,-0.0026440106426373375,0.05662388359609951,0.0443372919259314,0.03566111098160957,0.004189311534195859,0.022073356357376315,0.01389804739566157,0.059267894238736844,-0.03147179944741371
2022-11,-0.017011892618084053,0.043126973933677905,0.046869069806679715,0.03788777230379705,0.04375315627702574,0.01937923443546,0.033002125262495324,0.060138866551761955,0.005865383973228687
2022-12,-0.04254778536614355,-0.041323666756503515,-0.02372129598779335,-0.008417017649327263,-0.013526454064446558,-0.019567623952531716,-0.0019426589027396295,0.001224118609640036,-0.005109436415119295
2023-01,-0.23850099016911555,-0.012241200929163804,-0.05921441019873651,-0.02695138737241195,-0.0256805691074263,-0.03220769822355864,0.1137653037524687,0.22625978923995174,0.001270818264985648
2023-02,-0.34453308635012914,-0.010720937844866411,-0.01643995215852368,-0.06926899395438448,-0.004706046616449291,-0.01947402333367929,0.19918754792159896,0.33381214850526275,0.06456294733793519
2023-03,0.013592215025392458,0.006450298802541048,-0.0038053372264586433,0.054653508405822414,0.002553709616417534,-0.012034426115214159,-0.029620857506128147,-0.007141916222851411,-0.05209979878940488
2023-04,0.08054112411094547,0.04214461283140626,0.0007133479287583304,0.1001912513516851,0.05247208792153928,0.05939972742302703,-0.04305783735484252,-0.038396511279539206,-0.047719163430145824
2023-05,0.059846208032096754,0.022538162470586716,0.049616124459281805,0.01779709437368061,0.0515834865883098,0.06769887994232206,-0.0017608266734404285,-0.03730804556151004,0.03378639221462919
2023-06,0.015508727322813784,0.028129121929451616,0.06768300298598313,0.04305524982042545,0.05630266096876439,0.05643705373580634,0.012933902877488392,0.012620394606637832,0.013247411148338946
2023-07,0.05092332048094686,0.033871818282133766,0.00808309890648395,0.06741270090768847,0.06757885882226639,0.0541014979656606,-0.008442672142117594,-0.017051502198813094,0.0001661579145779135
2023-08,-0.04393715904772505,-0.028668114910536096,0.004326755660354523,0.04954562220440706,0.00998969994290378,0.023095104553415655,-0.012143439062157162,0.015269044137188954,-0.03955592226150328
2023-09,0.05136206813590413,0.016112433050638805,0.07020000321689585,0.09743763229691942,0.01751922266091693,0.021501539665575217,-0.057584022360633896,-0.035249635085265324,-0.07991840963600248
2023-10,-0.04023891275963198,-0.02244397707494968,-0.03813385339215239,-0.03451282449098885,-0.03229043729896653,-0.029533865735975995,0.010008661438352308,0.0177949356846823,0.002222387192022321
2023-11,0.09564727633947094,0.05689642088433623,0.07032006243394547,0.08600624431344013,0.08510895601132831,0.08810599865573294,-0.019824071878623256,-0.03875085545513471,-0.0008972883021118178
2023-12,0.3042630703305606,0.07816220705257343,0.11466766204504192,0.09372682152260921,0.08000365247090187,0.07046559581862172,-0.11991201616484726,-0.22610086327798717,-0.01372316905170734
2024-01,0.15617180930289865,0.009614570269800608,0.027341407066632083,0.09087112734565436,0.037813738898229865,0.0493502230440444,-0.09980731374026126,-0.14655723903309803,-0.0530573884474245
2024-02,0.01706062691288392,0.013689803311606902,0.08004536021074546,0.021908766585333427,0.011981069018286066,0.017992549258040055,-0.00664926058416219,-0.003370823601277018,-0.009927697567047361
2024-03,-0.029216894882005878,0.016649325045104864,0.021573559668603602,-0.02554243173017297,-0.009124755266785488,0.00418095976341495,0.03114194819524911,0.04586621992711074,0.016417676463387484
2024-04,0.026413126045654833,0.002373191440964336,0.07189400433416969,0.09844916095938248,0.043972016183227075,0.08451983128339471,-0.03925853969042295,-0.024039934604690498,-0.05447714477615541
2024-05,0.04883747227977278,-0.004908951502122766,0.08630934159002,0.03283163358802361,0.01068825660347336,0.020177792515800638,-0.037944900383222895,-0.05374642378189555,-0.022143376984550246
2024-06,-0.03815305831266227,0.07092145977509808,0.032366374645364744,0.058187214518958495,0.08950846781381888,0.07272831058962217,0.07019788569131036,0.10907451808776034,0.031321253294860386
2024-07,0.0023047486475671827,0.04407616368934194,0.04310032106374166,0.0702385686059057,0.053203464974936936,0.040543151581858464,0.012368155705402999,0.041771415041774757,-0.017035103630968766
2024-08,-0.06813852592188036,0.013753420393577742,-0.018994205134990953,-0.024140524367823657,0.013968016771305384,0.008975257386128222,0.06000024372729357,0.0818919463154581,0.03810854113912904
2024-09,0.0019171658485294207,0.026427221125712257,-0.0005733120244224174,-0.0008920178415588353,0.02413127662614482,0.016643706058966454,0.024766674872443245,0.024510055277182835,0.025023294467703655
2024-10,-0.06357192901506818,-0.07229186248982307,-0.06882682170477135,-0.06616630447638351,-0.06228739826114161,-0.0695131789599022,-0.002420513629756496,-0.008719933474754887,0.003878906215241902
2024-11,-0.058962250310351065,0.002784767898982549,-0.019247136142113947,0.009557046572412275,-0.015355792604432341,-0.0008950376303460297,0.018417089516244496,0.061747018209333614,-0.024912839176844614
2024-12,-0.07812806242614766,-0.024049863099402137,-0.02751677260076218,-0.007330921429698408,-0.000936324097368188,-0.005986843475123592,0.030236398329537867,0.05407819932674552,0.00639459733233022
2025-01,-0.003141720432807398,0.003327825030047281,-0.05860855005337951,-0.07958762674699671,-0.03967048964623089,-0.07262779716641936,0.02319334128181025,0.006469545462854679,0.03991713710076582
2025-02,-0.16725975399471799,-0.06235500715123903,-0.12068082996529834,-0.14229217707051514,-0.07550566445562762,-0.11033641375572352,0.08584562972918325,0.10490474684347895,0.06678651261488752
2025-03,0.07655740755147139,0.06786225494297247,0.10111175778096815,0.09532735690024823,0.08006765735887533,0.08992319092163907,-0.011977426074935904,-0.008695152608498916,-0.015259699541372893
2025-04,-0.09301533206774772,0.028577539665969043,0.01471439994977931,0.0340799640909537,0.042052029682226856,0.019992411188108974,0.06478246866249496,0.12159287173371676,0.007972065591273156
2025-05,0.108374763835294,0.015416826641046107,0.026241852581090873,0.12061030594738813,0.036065494595220085,0.05421344314865227,-0.08875137427320796,-0.09295793719424789,-0.08454481135216804
2025-06,0.04114915966162382,0.03010785102799508,0.05175422316067181,0.03677372055638808,0.04227240155096197,0.034830396612081274,-0.0027713138195274226,-0.011041308633628743,0.005498680994573894
2025-07,-0.11908606360940402,-0.03515123678816138,-0.026637610763077836,-0.05066852587908629,-0.013440741070333021,-0.02590102647299178,0.06058130581499796,0.08393482682124265,0.037227784808753266
2025-08,-0.04119499671988147,-0.007150424101441969,-0.011095716226576966,-0.04281742020119278,0.00014135516810796076,-0.0362019458840455,0.03850167399387012,0.0340445726184395,0.04295877536930074
2025-09,0.02247782754396876,0.009815201445778405,0.04071697707640041,0.02218388993374031,0.016734460557851792,0.02549922321483663,-0.009056027737039438,-0.012662626098190357,-0.005449429375888517
2025-10,0.0208848557999008,0.04662963888414669,0.03169597732064488,0.04442269474690834,0.02805378909450554,0.036082343770503754,0.00468793871592154,0.02574478308424589,-0.016368905652402798
2025-11,-0.046326094595640376,0.021948257205225516,-0.009378944684981133,-0.010678994585871158,-0.006364317377176492,-0.006968569192462558,0.03629451450478028,0.06827435180086588,0.004314677208694666
2025-12,-0.03165927096177951,0.0013055641407679153,-0.007094396493958736,-0.0123955737300597,0.0018674377371984895,0.002622547221998847,0.023613923284902808,0.03296483510254743,0.01426301146725819
2026-01,0.08800989210304298,-0.029660895078848427,-0.0060600071133968545,-0.05531987075105251,-0.02777781495563326,-0.0447520307426379,-0.045064365693236075,-0.11767078718189142,0.02754205579541925
2026-02,-0.06497585827006383,-0.01156282288205727,0.03773290187042894,0.014083090917429753,0.03540558263997177,0.0216548666969715,0.03736776355527429,0.05341303538800656,0.021322491722542015
2026-03,-0.12165480431361335,-0.10753797538444274,-0.10049874204342057,-0.108544057507379,-0.11537558145396817,-0.12198968249480766,0.0036426524912907265,0.014116828929170613,-0.006831523946589174
2026-04,0.15062483983442554,0.07913080753020922,0.07169334643804623,0.2227299236660357,0.10248819879883134,0.14114967566041434,-0.09586787858571036,-0.07149403230421632,-0.12024172486720436
